"source","term_name","term_id","highlighted","adjusted_p_value","negative_log10_of_adjusted_p_value","term_size","query_size","intersection_size","effective_domain_size","intersections"
"GO:MF","signaling receptor activity","GO:0038023","true","5.50896703748598e-17","16.25892982618917","630","747","98","13664","ENSG00000006016,ENSG00000006071,ENSG00000011028,ENSG00000013588,ENSG00000021645,ENSG00000049249,ENSG00000049323,ENSG00000064300,ENSG00000064989,ENSG00000066468,ENSG00000067182,ENSG00000069431,ENSG00000075275,ENSG00000077092,ENSG00000077238,ENSG00000083454,ENSG00000091592,ENSG00000101000,ENSG00000101292,ENSG00000103490,ENSG00000104213,ENSG00000105464,ENSG00000106991,ENSG00000110195,ENSG00000111199,ENSG00000112038,ENSG00000112164,ENSG00000113763,ENSG00000115353,ENSG00000116678,ENSG00000117525,ENSG00000119508,ENSG00000121966,ENSG00000122679,ENSG00000123146,ENSG00000125384,ENSG00000127418,ENSG00000128052,ENSG00000132170,ENSG00000132256,ENSG00000135902,ENSG00000136160,ENSG00000136546,ENSG00000144476,ENSG00000145451,ENSG00000145623,ENSG00000148053,ENSG00000150594,ENSG00000152894,ENSG00000153029,ENSG00000153294,ENSG00000153707,ENSG00000154133,ENSG00000154928,ENSG00000156687,ENSG00000157404,ENSG00000158270,ENSG00000160013,ENSG00000162894,ENSG00000163394,ENSG00000163513,ENSG00000164082,ENSG00000164342,ENSG00000164509,ENSG00000166206,ENSG00000166825,ENSG00000167664,ENSG00000168412,ENSG00000168539,ENSG00000169860,ENSG00000170775,ENSG00000171631,ENSG00000172572,ENSG00000173567,ENSG00000173662,ENSG00000176884,ENSG00000179546,ENSG00000180720,ENSG00000180739,ENSG00000180772,ENSG00000181072,ENSG00000181656,ENSG00000182771,ENSG00000183098,ENSG00000185291,ENSG00000185551,ENSG00000185924,ENSG00000186827,ENSG00000187323,ENSG00000196187,ENSG00000196277,ENSG00000196664,ENSG00000198121,ENSG00000198963,ENSG00000213694,ENSG00000221866,ENSG00000237988,ENSG00000243364"
"GO:MF","molecular transducer activity","GO:0060089","false","5.50896703748598e-17","16.25892982618917","630","747","98","13664","ENSG00000006016,ENSG00000006071,ENSG00000011028,ENSG00000013588,ENSG00000021645,ENSG00000049249,ENSG00000049323,ENSG00000064300,ENSG00000064989,ENSG00000066468,ENSG00000067182,ENSG00000069431,ENSG00000075275,ENSG00000077092,ENSG00000077238,ENSG00000083454,ENSG00000091592,ENSG00000101000,ENSG00000101292,ENSG00000103490,ENSG00000104213,ENSG00000105464,ENSG00000106991,ENSG00000110195,ENSG00000111199,ENSG00000112038,ENSG00000112164,ENSG00000113763,ENSG00000115353,ENSG00000116678,ENSG00000117525,ENSG00000119508,ENSG00000121966,ENSG00000122679,ENSG00000123146,ENSG00000125384,ENSG00000127418,ENSG00000128052,ENSG00000132170,ENSG00000132256,ENSG00000135902,ENSG00000136160,ENSG00000136546,ENSG00000144476,ENSG00000145451,ENSG00000145623,ENSG00000148053,ENSG00000150594,ENSG00000152894,ENSG00000153029,ENSG00000153294,ENSG00000153707,ENSG00000154133,ENSG00000154928,ENSG00000156687,ENSG00000157404,ENSG00000158270,ENSG00000160013,ENSG00000162894,ENSG00000163394,ENSG00000163513,ENSG00000164082,ENSG00000164342,ENSG00000164509,ENSG00000166206,ENSG00000166825,ENSG00000167664,ENSG00000168412,ENSG00000168539,ENSG00000169860,ENSG00000170775,ENSG00000171631,ENSG00000172572,ENSG00000173567,ENSG00000173662,ENSG00000176884,ENSG00000179546,ENSG00000180720,ENSG00000180739,ENSG00000180772,ENSG00000181072,ENSG00000181656,ENSG00000182771,ENSG00000183098,ENSG00000185291,ENSG00000185551,ENSG00000185924,ENSG00000186827,ENSG00000187323,ENSG00000196187,ENSG00000196277,ENSG00000196664,ENSG00000198121,ENSG00000198963,ENSG00000213694,ENSG00000221866,ENSG00000237988,ENSG00000243364"
"GO:MF","transmembrane signaling receptor activity","GO:0004888","false","3.08985512559949e-15","14.510061882914231","475","747","80","13664","ENSG00000006016,ENSG00000006071,ENSG00000013588,ENSG00000021645,ENSG00000049323,ENSG00000064300,ENSG00000064989,ENSG00000066468,ENSG00000067182,ENSG00000069431,ENSG00000075275,ENSG00000077238,ENSG00000083454,ENSG00000101292,ENSG00000104213,ENSG00000105464,ENSG00000106991,ENSG00000111199,ENSG00000112038,ENSG00000112164,ENSG00000113763,ENSG00000115353,ENSG00000116678,ENSG00000117525,ENSG00000121966,ENSG00000122679,ENSG00000123146,ENSG00000125384,ENSG00000127418,ENSG00000128052,ENSG00000132170,ENSG00000135902,ENSG00000136160,ENSG00000136546,ENSG00000144476,ENSG00000145451,ENSG00000145623,ENSG00000148053,ENSG00000150594,ENSG00000152894,ENSG00000153029,ENSG00000153294,ENSG00000153707,ENSG00000154928,ENSG00000156687,ENSG00000157404,ENSG00000160013,ENSG00000162894,ENSG00000163394,ENSG00000163513,ENSG00000164082,ENSG00000164342,ENSG00000164509,ENSG00000166206,ENSG00000168412,ENSG00000168539,ENSG00000169860,ENSG00000170775,ENSG00000171631,ENSG00000173567,ENSG00000173662,ENSG00000176884,ENSG00000179546,ENSG00000180720,ENSG00000180739,ENSG00000180772,ENSG00000181072,ENSG00000181656,ENSG00000182771,ENSG00000185291,ENSG00000186827,ENSG00000187323,ENSG00000196187,ENSG00000196277,ENSG00000198121,ENSG00000198963,ENSG00000213694,ENSG00000221866,ENSG00000237988,ENSG00000243364"
"GO:MF","signaling receptor activator activity","GO:0030546","true","1.188060546821788e-13","12.925161425953688","271","747","56","13664","ENSG00000001617,ENSG00000006016,ENSG00000019991,ENSG00000075213,ENSG00000078401,ENSG00000078579,ENSG00000081041,ENSG00000092421,ENSG00000102265,ENSG00000104826,ENSG00000105329,ENSG00000106991,ENSG00000108688,ENSG00000108691,ENSG00000108700,ENSG00000110492,ENSG00000113739,ENSG00000114251,ENSG00000115414,ENSG00000115461,ENSG00000119699,ENSG00000120659,ENSG00000120885,ENSG00000125538,ENSG00000125730,ENSG00000125848,ENSG00000130203,ENSG00000137077,ENSG00000139269,ENSG00000140285,ENSG00000143816,ENSG00000143869,ENSG00000147869,ENSG00000150281,ENSG00000153993,ENSG00000160223,ENSG00000162344,ENSG00000163273,ENSG00000163377,ENSG00000164326,ENSG00000165197,ENSG00000166923,ENSG00000169245,ENSG00000169248,ENSG00000169429,ENSG00000172247,ENSG00000175505,ENSG00000180875,ENSG00000189292,ENSG00000196154,ENSG00000198719,ENSG00000204592,ENSG00000219438,ENSG00000232810,ENSG00000266524,ENSG00000271503"
"GO:MF","receptor ligand activity","GO:0048018","false","1.637435411892731e-13","12.785835821602923","264","747","55","13664","ENSG00000001617,ENSG00000006016,ENSG00000019991,ENSG00000075213,ENSG00000078401,ENSG00000078579,ENSG00000081041,ENSG00000092421,ENSG00000102265,ENSG00000104826,ENSG00000105329,ENSG00000108688,ENSG00000108691,ENSG00000108700,ENSG00000110492,ENSG00000113739,ENSG00000114251,ENSG00000115414,ENSG00000115461,ENSG00000119699,ENSG00000120659,ENSG00000120885,ENSG00000125538,ENSG00000125730,ENSG00000125848,ENSG00000130203,ENSG00000137077,ENSG00000139269,ENSG00000140285,ENSG00000143816,ENSG00000143869,ENSG00000147869,ENSG00000150281,ENSG00000153993,ENSG00000160223,ENSG00000162344,ENSG00000163273,ENSG00000163377,ENSG00000164326,ENSG00000165197,ENSG00000166923,ENSG00000169245,ENSG00000169248,ENSG00000169429,ENSG00000172247,ENSG00000175505,ENSG00000180875,ENSG00000189292,ENSG00000196154,ENSG00000198719,ENSG00000204592,ENSG00000219438,ENSG00000232810,ENSG00000266524,ENSG00000271503"
"GO:MF","signaling receptor regulator activity","GO:0030545","false","2.437763887213001e-13","12.613008360836703","293","747","58","13664","ENSG00000001617,ENSG00000006016,ENSG00000019991,ENSG00000075213,ENSG00000078401,ENSG00000078579,ENSG00000081041,ENSG00000092421,ENSG00000102265,ENSG00000104826,ENSG00000105329,ENSG00000106991,ENSG00000108688,ENSG00000108691,ENSG00000108700,ENSG00000110492,ENSG00000113739,ENSG00000114251,ENSG00000115414,ENSG00000115461,ENSG00000119699,ENSG00000120659,ENSG00000120885,ENSG00000125538,ENSG00000125730,ENSG00000125848,ENSG00000130203,ENSG00000137077,ENSG00000139269,ENSG00000140285,ENSG00000143816,ENSG00000143869,ENSG00000147255,ENSG00000147869,ENSG00000150281,ENSG00000153993,ENSG00000160223,ENSG00000162344,ENSG00000163273,ENSG00000163377,ENSG00000164326,ENSG00000165197,ENSG00000166923,ENSG00000169245,ENSG00000169248,ENSG00000169429,ENSG00000172247,ENSG00000175505,ENSG00000180772,ENSG00000180875,ENSG00000189292,ENSG00000196154,ENSG00000198719,ENSG00000204592,ENSG00000219438,ENSG00000232810,ENSG00000266524,ENSG00000271503"
"GO:MF","glycosaminoglycan binding","GO:0005539","true","3.5263390996605705e-11","10.452675927422309","150","747","38","13664","ENSG00000000971,ENSG00000009694,ENSG00000011465,ENSG00000012223,ENSG00000038427,ENSG00000066468,ENSG00000080573,ENSG00000091986,ENSG00000101282,ENSG00000104332,ENSG00000106991,ENSG00000108688,ENSG00000108700,ENSG00000110492,ENSG00000115414,ENSG00000123610,ENSG00000127418,ENSG00000130203,ENSG00000130635,ENSG00000135919,ENSG00000140285,ENSG00000154175,ENSG00000163430,ENSG00000163513,ENSG00000165973,ENSG00000166106,ENSG00000169245,ENSG00000169248,ENSG00000169429,ENSG00000172638,ENSG00000173376,ENSG00000180875,ENSG00000182492,ENSG00000184613,ENSG00000185924,ENSG00000188783,ENSG00000196562,ENSG00000204381"
"GO:MF","cytokine activity","GO:0005125","false","2.9391015129162517e-10","9.531785413676277","100","747","30","13664","ENSG00000006016,ENSG00000078401,ENSG00000081041,ENSG00000102265,ENSG00000105329,ENSG00000108688,ENSG00000108691,ENSG00000108700,ENSG00000114251,ENSG00000119699,ENSG00000120659,ENSG00000125538,ENSG00000137077,ENSG00000139269,ENSG00000143816,ENSG00000143869,ENSG00000147869,ENSG00000150281,ENSG00000166923,ENSG00000169245,ENSG00000169248,ENSG00000169429,ENSG00000172247,ENSG00000175505,ENSG00000180875,ENSG00000189292,ENSG00000219438,ENSG00000232810,ENSG00000266524,ENSG00000271503"
"GO:MF","heparin binding","GO:0008201","false","4.9640262531666665e-9","8.304165930320917","110","747","30","13664","ENSG00000000971,ENSG00000009694,ENSG00000012223,ENSG00000066468,ENSG00000080573,ENSG00000091986,ENSG00000101282,ENSG00000104332,ENSG00000108688,ENSG00000108700,ENSG00000110492,ENSG00000115414,ENSG00000127418,ENSG00000130203,ENSG00000130635,ENSG00000135919,ENSG00000140285,ENSG00000154175,ENSG00000163430,ENSG00000165973,ENSG00000166106,ENSG00000169245,ENSG00000169248,ENSG00000169429,ENSG00000172638,ENSG00000173376,ENSG00000180875,ENSG00000184613,ENSG00000185924,ENSG00000188783"
"GO:MF","extracellular matrix structural constituent","GO:0005201","true","1.0813994703626767e-8","7.966013847464873","113","747","30","13664","ENSG00000011465,ENSG00000038427,ENSG00000041982,ENSG00000049323,ENSG00000080573,ENSG00000087303,ENSG00000101955,ENSG00000108821,ENSG00000115414,ENSG00000130635,ENSG00000132000,ENSG00000132561,ENSG00000139219,ENSG00000139329,ENSG00000142173,ENSG00000152377,ENSG00000154175,ENSG00000163359,ENSG00000164176,ENSG00000164692,ENSG00000166482,ENSG00000168542,ENSG00000169436,ENSG00000171812,ENSG00000172638,ENSG00000174348,ENSG00000182492,ENSG00000182871,ENSG00000188783,ENSG00000204248"
"GO:MF","G protein-coupled receptor activity","GO:0004930","false","0.0000020941423938800163","5.678993791246563","218","747","39","13664","ENSG00000013588,ENSG00000064989,ENSG00000075275,ENSG00000101292,ENSG00000104213,ENSG00000112038,ENSG00000112164,ENSG00000115353,ENSG00000121966,ENSG00000122679,ENSG00000123146,ENSG00000125384,ENSG00000132170,ENSG00000136160,ENSG00000144476,ENSG00000150594,ENSG00000153294,ENSG00000160013,ENSG00000163394,ENSG00000164082,ENSG00000168412,ENSG00000168539,ENSG00000169860,ENSG00000170775,ENSG00000171631,ENSG00000173567,ENSG00000173662,ENSG00000179546,ENSG00000180720,ENSG00000180739,ENSG00000180772,ENSG00000181072,ENSG00000181656,ENSG00000182771,ENSG00000196277,ENSG00000198121,ENSG00000198963,ENSG00000213694,ENSG00000237988"
"GO:MF","sulfur compound binding","GO:1901681","false","0.000027931948126551846","4.553898773174527","188","747","34","13664","ENSG00000000971,ENSG00000009694,ENSG00000012223,ENSG00000066468,ENSG00000080573,ENSG00000091986,ENSG00000101282,ENSG00000104332,ENSG00000108688,ENSG00000108700,ENSG00000110492,ENSG00000115414,ENSG00000127418,ENSG00000130203,ENSG00000130635,ENSG00000135919,ENSG00000140285,ENSG00000154175,ENSG00000163430,ENSG00000165973,ENSG00000166106,ENSG00000169245,ENSG00000169248,ENSG00000169429,ENSG00000172638,ENSG00000173376,ENSG00000180875,ENSG00000182022,ENSG00000184613,ENSG00000185924,ENSG00000188783,ENSG00000196502,ENSG00000197093,ENSG00000198626"
"GO:MF","signaling receptor binding","GO:0005102","true","0.00004981721517168362","4.3026205535834245","896","747","93","13664","ENSG00000001617,ENSG00000006016,ENSG00000019991,ENSG00000021645,ENSG00000041982,ENSG00000056558,ENSG00000070540,ENSG00000075213,ENSG00000078098,ENSG00000078401,ENSG00000078579,ENSG00000081041,ENSG00000090932,ENSG00000091409,ENSG00000092421,ENSG00000101282,ENSG00000101463,ENSG00000103154,ENSG00000103490,ENSG00000104332,ENSG00000104826,ENSG00000105329,ENSG00000106538,ENSG00000106991,ENSG00000108231,ENSG00000108688,ENSG00000108691,ENSG00000108700,ENSG00000112530,ENSG00000114251,ENSG00000115414,ENSG00000119699,ENSG00000120332,ENSG00000120659,ENSG00000120885,ENSG00000125538,ENSG00000125730,ENSG00000125848,ENSG00000128052,ENSG00000130203,ENSG00000130635,ENSG00000135919,ENSG00000135926,ENSG00000136160,ENSG00000137077,ENSG00000139219,ENSG00000139549,ENSG00000140285,ENSG00000143816,ENSG00000143839,ENSG00000145623,ENSG00000146006,ENSG00000147065,ENSG00000150281,ENSG00000150594,ENSG00000152104,ENSG00000153029,ENSG00000153707,ENSG00000153993,ENSG00000155926,ENSG00000160223,ENSG00000160349,ENSG00000161681,ENSG00000162105,ENSG00000162344,ENSG00000163273,ENSG00000163513,ENSG00000164176,ENSG00000164674,ENSG00000165197,ENSG00000165917,ENSG00000166862,ENSG00000166863,ENSG00000166923,ENSG00000168542,ENSG00000169245,ENSG00000169248,ENSG00000169429,ENSG00000169860,ENSG00000170891,ENSG00000173805,ENSG00000175505,ENSG00000185345,ENSG00000189292,ENSG00000196154,ENSG00000198719,ENSG00000204592,ENSG00000213694,ENSG00000219438,ENSG00000232810,ENSG00000240583,ENSG00000243364,ENSG00000271503"
"GO:MF","gated channel activity","GO:0022836","true","0.00019521884407926236","3.7094782630799785","202","747","34","13664","ENSG00000006071,ENSG00000069431,ENSG00000080709,ENSG00000083454,ENSG00000105464,ENSG00000107147,ENSG00000111199,ENSG00000112038,ENSG00000129159,ENSG00000130433,ENSG00000130529,ENSG00000135902,ENSG00000136546,ENSG00000145451,ENSG00000149488,ENSG00000152049,ENSG00000165995,ENSG00000166206,ENSG00000166862,ENSG00000168418,ENSG00000169427,ENSG00000171227,ENSG00000171303,ENSG00000176884,ENSG00000177272,ENSG00000177301,ENSG00000182771,ENSG00000185101,ENSG00000185760,ENSG00000187486,ENSG00000196187,ENSG00000198515,ENSG00000198626,ENSG00000240583"
"GO:MF","chemokine activity","GO:0008009","false","0.000773411305068991","3.1115894840690084","15","747","9","13664","ENSG00000081041,ENSG00000108688,ENSG00000108691,ENSG00000108700,ENSG00000137077,ENSG00000169245,ENSG00000169248,ENSG00000169429,ENSG00000271503"
"GO:MF","channel activity","GO:0015267","false","0.0009266281899946996","3.033094491772713","323","747","44","13664","ENSG00000006071,ENSG00000069431,ENSG00000080709,ENSG00000083454,ENSG00000103569,ENSG00000104518,ENSG00000105464,ENSG00000107147,ENSG00000111199,ENSG00000112038,ENSG00000129159,ENSG00000130433,ENSG00000130529,ENSG00000132677,ENSG00000135902,ENSG00000135926,ENSG00000136546,ENSG00000145451,ENSG00000147606,ENSG00000149488,ENSG00000152049,ENSG00000152661,ENSG00000155886,ENSG00000165995,ENSG00000166206,ENSG00000166862,ENSG00000168418,ENSG00000169427,ENSG00000169583,ENSG00000171227,ENSG00000171303,ENSG00000176884,ENSG00000177272,ENSG00000177301,ENSG00000182771,ENSG00000185101,ENSG00000185760,ENSG00000187486,ENSG00000196187,ENSG00000198515,ENSG00000198626,ENSG00000198835,ENSG00000240583,ENSG00000255346"
"GO:MF","passive transmembrane transporter activity","GO:0022803","false","0.0009266281899946996","3.033094491772713","323","747","44","13664","ENSG00000006071,ENSG00000069431,ENSG00000080709,ENSG00000083454,ENSG00000103569,ENSG00000104518,ENSG00000105464,ENSG00000107147,ENSG00000111199,ENSG00000112038,ENSG00000129159,ENSG00000130433,ENSG00000130529,ENSG00000132677,ENSG00000135902,ENSG00000135926,ENSG00000136546,ENSG00000145451,ENSG00000147606,ENSG00000149488,ENSG00000152049,ENSG00000152661,ENSG00000155886,ENSG00000165995,ENSG00000166206,ENSG00000166862,ENSG00000168418,ENSG00000169427,ENSG00000169583,ENSG00000171227,ENSG00000171303,ENSG00000176884,ENSG00000177272,ENSG00000177301,ENSG00000182771,ENSG00000185101,ENSG00000185760,ENSG00000187486,ENSG00000196187,ENSG00000198515,ENSG00000198626,ENSG00000198835,ENSG00000240583,ENSG00000255346"
"GO:MF","extracellular matrix structural constituent conferring tensile strength","GO:0030020","false","0.0017594470979940264","2.7546237867399417","31","747","12","13664","ENSG00000080573,ENSG00000108821,ENSG00000130635,ENSG00000139219,ENSG00000142173,ENSG00000163359,ENSG00000164692,ENSG00000168542,ENSG00000169436,ENSG00000171812,ENSG00000182871,ENSG00000204248"
"GO:MF","calcium ion binding","GO:0005509","true","0.0039982915197087614","2.398125544188562","497","747","57","13664","ENSG00000021826,ENSG00000038427,ENSG00000049323,ENSG00000053108,ENSG00000075275,ENSG00000083857,ENSG00000086717,ENSG00000087303,ENSG00000089169,ENSG00000090932,ENSG00000095587,ENSG00000095713,ENSG00000100314,ENSG00000103154,ENSG00000104327,ENSG00000114805,ENSG00000115468,ENSG00000123146,ENSG00000123610,ENSG00000130164,ENSG00000130529,ENSG00000130962,ENSG00000132561,ENSG00000134013,ENSG00000135048,ENSG00000138119,ENSG00000138650,ENSG00000138772,ENSG00000139549,ENSG00000140279,ENSG00000149527,ENSG00000152377,ENSG00000157087,ENSG00000158220,ENSG00000163191,ENSG00000163430,ENSG00000164176,ENSG00000165194,ENSG00000165323,ENSG00000165973,ENSG00000168843,ENSG00000169891,ENSG00000172638,ENSG00000174807,ENSG00000176884,ENSG00000177706,ENSG00000179242,ENSG00000184613,ENSG00000188015,ENSG00000196154,ENSG00000196277,ENSG00000196562,ENSG00000197747,ENSG00000198626,ENSG00000198719,ENSG00000198959,ENSG00000255346"
"GO:MF","monoatomic cation channel activity","GO:0005261","false","0.006737199096108663","2.1715206182902294","232","747","34","13664","ENSG00000006071,ENSG00000069431,ENSG00000080709,ENSG00000083454,ENSG00000105464,ENSG00000107147,ENSG00000111199,ENSG00000112038,ENSG00000129159,ENSG00000130433,ENSG00000130529,ENSG00000135902,ENSG00000135926,ENSG00000136546,ENSG00000149488,ENSG00000152049,ENSG00000155886,ENSG00000165995,ENSG00000166862,ENSG00000168418,ENSG00000169427,ENSG00000171227,ENSG00000171303,ENSG00000176884,ENSG00000177272,ENSG00000177301,ENSG00000185101,ENSG00000185760,ENSG00000187486,ENSG00000196187,ENSG00000198515,ENSG00000198626,ENSG00000240583,ENSG00000255346"
"GO:MF","monoatomic ion channel activity","GO:0005216","false","0.010202341328824714","1.9913001508356736","292","747","39","13664","ENSG00000006071,ENSG00000069431,ENSG00000080709,ENSG00000083454,ENSG00000105464,ENSG00000107147,ENSG00000111199,ENSG00000112038,ENSG00000129159,ENSG00000130433,ENSG00000130529,ENSG00000135902,ENSG00000135926,ENSG00000136546,ENSG00000145451,ENSG00000147606,ENSG00000149488,ENSG00000152049,ENSG00000155886,ENSG00000165995,ENSG00000166206,ENSG00000166862,ENSG00000168418,ENSG00000169427,ENSG00000169583,ENSG00000171227,ENSG00000171303,ENSG00000176884,ENSG00000177272,ENSG00000177301,ENSG00000182771,ENSG00000185101,ENSG00000185760,ENSG00000187486,ENSG00000196187,ENSG00000198515,ENSG00000198626,ENSG00000240583,ENSG00000255346"
"GO:MF","growth factor binding","GO:0019838","true","0.01138862589513126","1.9435286729500727","106","747","21","13664","ENSG00000049323,ENSG00000053108,ENSG00000064300,ENSG00000066468,ENSG00000091409,ENSG00000106991,ENSG00000108821,ENSG00000115461,ENSG00000119699,ENSG00000127418,ENSG00000128052,ENSG00000130635,ENSG00000137441,ENSG00000139219,ENSG00000145623,ENSG00000148053,ENSG00000157404,ENSG00000163513,ENSG00000164692,ENSG00000168542,ENSG00000173805"
"GO:MF","cytokine receptor binding","GO:0005126","false","0.012221935712695652","1.9128600049964053","144","747","25","13664","ENSG00000006016,ENSG00000056558,ENSG00000081041,ENSG00000103490,ENSG00000105329,ENSG00000106991,ENSG00000108688,ENSG00000108691,ENSG00000108700,ENSG00000119699,ENSG00000120659,ENSG00000125538,ENSG00000135926,ENSG00000137077,ENSG00000145623,ENSG00000150281,ENSG00000163513,ENSG00000165197,ENSG00000166923,ENSG00000169245,ENSG00000169248,ENSG00000169429,ENSG00000175505,ENSG00000232810,ENSG00000271503"
"GO:MF","voltage-gated monoatomic ion channel activity","GO:0005244","false","0.013166158277119751","1.8805409283365615","116","747","22","13664","ENSG00000006071,ENSG00000069431,ENSG00000080709,ENSG00000083454,ENSG00000105464,ENSG00000107147,ENSG00000112038,ENSG00000129159,ENSG00000130433,ENSG00000149488,ENSG00000152049,ENSG00000165995,ENSG00000166862,ENSG00000168418,ENSG00000169427,ENSG00000171227,ENSG00000171303,ENSG00000176884,ENSG00000177272,ENSG00000177301,ENSG00000185760,ENSG00000187486"
"GO:MF","voltage-gated channel activity","GO:0022832","false","0.017966595226559745","1.7455342164033825","118","747","22","13664","ENSG00000006071,ENSG00000069431,ENSG00000080709,ENSG00000083454,ENSG00000105464,ENSG00000107147,ENSG00000112038,ENSG00000129159,ENSG00000130433,ENSG00000149488,ENSG00000152049,ENSG00000165995,ENSG00000166862,ENSG00000168418,ENSG00000169427,ENSG00000171227,ENSG00000171303,ENSG00000176884,ENSG00000177272,ENSG00000177301,ENSG00000185760,ENSG00000187486"
"GO:MF","metal ion transmembrane transporter activity","GO:0046873","true","0.023199630279859995","1.6345189361735868","313","747","40","13664","ENSG00000006071,ENSG00000069431,ENSG00000080709,ENSG00000103546,ENSG00000105464,ENSG00000107147,ENSG00000111199,ENSG00000112038,ENSG00000129159,ENSG00000130433,ENSG00000130529,ENSG00000131389,ENSG00000132164,ENSG00000135926,ENSG00000136546,ENSG00000140675,ENSG00000149488,ENSG00000152049,ENSG00000155886,ENSG00000157087,ENSG00000157103,ENSG00000158014,ENSG00000163293,ENSG00000165646,ENSG00000165970,ENSG00000165995,ENSG00000166862,ENSG00000168418,ENSG00000169427,ENSG00000171227,ENSG00000171303,ENSG00000176884,ENSG00000177272,ENSG00000177301,ENSG00000185101,ENSG00000185760,ENSG00000187486,ENSG00000198515,ENSG00000198626,ENSG00000240583"
"GO:BP","multicellular organismal process","GO:0032501","true","8.665383627190361e-24","23.062212205773623","5136","726","430","13009","ENSG00000001617,ENSG00000002746,ENSG00000003137,ENSG00000006016,ENSG00000006071,ENSG00000006611,ENSG00000007171,ENSG00000009694,ENSG00000010671,ENSG00000011028,ENSG00000011465,ENSG00000012223,ENSG00000014257,ENSG00000018408,ENSG00000019991,ENSG00000021645,ENSG00000021826,ENSG00000038427,ENSG00000041982,ENSG00000048740,ENSG00000049249,ENSG00000053108,ENSG00000054598,ENSG00000064300,ENSG00000064989,ENSG00000066468,ENSG00000067182,ENSG00000067798,ENSG00000068079,ENSG00000069431,ENSG00000070404,ENSG00000071967,ENSG00000073756,ENSG00000073792,ENSG00000074527,ENSG00000074771,ENSG00000074966,ENSG00000075213,ENSG00000075275,ENSG00000076944,ENSG00000077092,ENSG00000077238,ENSG00000078098,ENSG00000078114,ENSG00000078401,ENSG00000078579,ENSG00000079841,ENSG00000080709,ENSG00000080854,ENSG00000082397,ENSG00000083454,ENSG00000086717,ENSG00000087116,ENSG00000088002,ENSG00000090932,ENSG00000091129,ENSG00000091409,ENSG00000091592,ENSG00000092421,ENSG00000095303,ENSG00000095587,ENSG00000095596,ENSG00000095713,ENSG00000100095,ENSG00000100302,ENSG00000100979,ENSG00000100985,ENSG00000101000,ENSG00000101282,ENSG00000101463,ENSG00000101489,ENSG00000102265,ENSG00000102996,ENSG00000103316,ENSG00000103449,ENSG00000103490,ENSG00000103528,ENSG00000103546,ENSG00000104327,ENSG00000104332,ENSG00000104518,ENSG00000104826,ENSG00000104951,ENSG00000105329,ENSG00000105427,ENSG00000105464,ENSG00000105880,ENSG00000106538,ENSG00000106991,ENSG00000107282,ENSG00000108231,ENSG00000108691,ENSG00000108771,ENSG00000108821,ENSG00000109851,ENSG00000109956,ENSG00000110195,ENSG00000110492,ENSG00000110719,ENSG00000111087,ENSG00000111199,ENSG00000111249,ENSG00000111348,ENSG00000112038,ENSG00000112137,ENSG00000112164,ENSG00000112183,ENSG00000112893,ENSG00000113739,ENSG00000113763,ENSG00000114200,ENSG00000114251,ENSG00000115353,ENSG00000115414,ENSG00000115461,ENSG00000115468,ENSG00000115738,ENSG00000115896,ENSG00000116183,ENSG00000116678,ENSG00000117318,ENSG00000117525,ENSG00000117594,ENSG00000118292,ENSG00000118503,ENSG00000119042,ENSG00000119283,ENSG00000119403,ENSG00000119508,ENSG00000119699,ENSG00000120332,ENSG00000120549,ENSG00000120659,ENSG00000120885,ENSG00000121075,ENSG00000121904,ENSG00000121966,ENSG00000122679,ENSG00000123609,ENSG00000123610,ENSG00000124788,ENSG00000125538,ENSG00000125730,ENSG00000125848,ENSG00000125851,ENSG00000125968,ENSG00000126458,ENSG00000126562,ENSG00000126778,ENSG00000127418,ENSG00000128052,ENSG00000128340,ENSG00000128594,ENSG00000128606,ENSG00000129159,ENSG00000130164,ENSG00000130203,ENSG00000130303,ENSG00000130529,ENSG00000130635,ENSG00000130700,ENSG00000130707,ENSG00000130962,ENSG00000131389,ENSG00000131634,ENSG00000132170,ENSG00000132386,ENSG00000132561,ENSG00000134013,ENSG00000134121,ENSG00000134508,ENSG00000134532,ENSG00000135048,ENSG00000135111,ENSG00000135902,ENSG00000135919,ENSG00000135926,ENSG00000136160,ENSG00000136546,ENSG00000136944,ENSG00000136997,ENSG00000137077,ENSG00000137331,ENSG00000137463,ENSG00000137491,ENSG00000137693,ENSG00000138083,ENSG00000138119,ENSG00000138162,ENSG00000138650,ENSG00000138772,ENSG00000138795,ENSG00000139155,ENSG00000139219,ENSG00000139329,ENSG00000139352,ENSG00000139549,ENSG00000140279,ENSG00000140285,ENSG00000140675,ENSG00000140795,ENSG00000141337,ENSG00000141668,ENSG00000142233,ENSG00000143320,ENSG00000143355,ENSG00000143772,ENSG00000143816,ENSG00000143839,ENSG00000143869,ENSG00000143995,ENSG00000144476,ENSG00000144488,ENSG00000144596,ENSG00000144824,ENSG00000145103,ENSG00000145451,ENSG00000145920,ENSG00000146006,ENSG00000146233,ENSG00000146411,ENSG00000147065,ENSG00000147606,ENSG00000147869,ENSG00000148053,ENSG00000148488,ENSG00000149131,ENSG00000149488,ENSG00000150281,ENSG00000150457,ENSG00000150594,ENSG00000150907,ENSG00000151023,ENSG00000151615,ENSG00000152049,ENSG00000152104,ENSG00000152377,ENSG00000152661,ENSG00000152894,ENSG00000153029,ENSG00000153707,ENSG00000153993,ENSG00000154133,ENSG00000154175,ENSG00000154654,ENSG00000154928,ENSG00000155886,ENSG00000155897,ENSG00000155974,ENSG00000156042,ENSG00000156535,ENSG00000156687,ENSG00000157087,ENSG00000157103,ENSG00000157404,ENSG00000157613,ENSG00000158022,ENSG00000158156,ENSG00000159674,ENSG00000159713,ENSG00000160111,ENSG00000160179,ENSG00000160223,ENSG00000160224,ENSG00000160349,ENSG00000161681,ENSG00000162105,ENSG00000162344,ENSG00000162496,ENSG00000162576,ENSG00000162614,ENSG00000162624,ENSG00000162670,ENSG00000162894,ENSG00000162951,ENSG00000162998,ENSG00000163273,ENSG00000163346,ENSG00000163377,ENSG00000163394,ENSG00000163430,ENSG00000163513,ENSG00000164082,ENSG00000164326,ENSG00000164342,ENSG00000164509,ENSG00000164692,ENSG00000164946,ENSG00000165197,ENSG00000165323,ENSG00000165646,ENSG00000165757,ENSG00000165895,ENSG00000165959,ENSG00000165973,ENSG00000165995,ENSG00000166206,ENSG00000166292,ENSG00000166349,ENSG00000166825,ENSG00000166862,ENSG00000166863,ENSG00000166923,ENSG00000167664,ENSG00000167767,ENSG00000167964,ENSG00000168071,ENSG00000168412,ENSG00000168505,ENSG00000168539,ENSG00000168542,ENSG00000169245,ENSG00000169247,ENSG00000169427,ENSG00000169429,ENSG00000169583,ENSG00000169860,ENSG00000169871,ENSG00000169908,ENSG00000170442,ENSG00000170608,ENSG00000170775,ENSG00000170891,ENSG00000171303,ENSG00000171551,ENSG00000171812,ENSG00000171819,ENSG00000171848,ENSG00000172201,ENSG00000172247,ENSG00000172572,ENSG00000172638,ENSG00000173068,ENSG00000173376,ENSG00000173662,ENSG00000173805,ENSG00000174672,ENSG00000174807,ENSG00000175505,ENSG00000176884,ENSG00000177045,ENSG00000177301,ENSG00000177706,ENSG00000178764,ENSG00000179242,ENSG00000179431,ENSG00000179546,ENSG00000179954,ENSG00000180772,ENSG00000180875,ENSG00000181072,ENSG00000181541,ENSG00000181656,ENSG00000181744,ENSG00000182195,ENSG00000182492,ENSG00000182636,ENSG00000182771,ENSG00000182871,ENSG00000183779,ENSG00000183853,ENSG00000184254,ENSG00000184564,ENSG00000184613,ENSG00000185101,ENSG00000185155,ENSG00000185345,ENSG00000185551,ENSG00000185650,ENSG00000185924,ENSG00000186367,ENSG00000186417,ENSG00000186487,ENSG00000186827,ENSG00000187098,ENSG00000187323,ENSG00000187486,ENSG00000187634,ENSG00000188158,ENSG00000188162,ENSG00000188282,ENSG00000188620,ENSG00000188783,ENSG00000188816,ENSG00000189292,ENSG00000196092,ENSG00000196187,ENSG00000196277,ENSG00000196549,ENSG00000196562,ENSG00000196664,ENSG00000197496,ENSG00000197712,ENSG00000197747,ENSG00000197971,ENSG00000198121,ENSG00000198125,ENSG00000198515,ENSG00000198523,ENSG00000198576,ENSG00000198626,ENSG00000198719,ENSG00000198797,ENSG00000198959,ENSG00000198963,ENSG00000203797,ENSG00000203883,ENSG00000204248,ENSG00000204335,ENSG00000204592,ENSG00000213171,ENSG00000213694,ENSG00000214336,ENSG00000214960,ENSG00000215397,ENSG00000219438,ENSG00000221866,ENSG00000232810,ENSG00000233608,ENSG00000237412,ENSG00000240583,ENSG00000243364,ENSG00000250366,ENSG00000255346,ENSG00000255690,ENSG00000266074,ENSG00000266524,ENSG00000271503,ENSG00000274588,ENSG00000276644"
"GO:BP","system development","GO:0048731","false","5.229850684194697e-20","19.281510710359495","3195","726","300","13009","ENSG00000001617,ENSG00000002746,ENSG00000003137,ENSG00000006016,ENSG00000006071,ENSG00000006611,ENSG00000009694,ENSG00000011465,ENSG00000012223,ENSG00000018408,ENSG00000019991,ENSG00000021645,ENSG00000021826,ENSG00000038427,ENSG00000041982,ENSG00000053108,ENSG00000054598,ENSG00000064300,ENSG00000064989,ENSG00000066468,ENSG00000067182,ENSG00000067798,ENSG00000069431,ENSG00000073756,ENSG00000073792,ENSG00000074527,ENSG00000075213,ENSG00000075275,ENSG00000077092,ENSG00000078098,ENSG00000078114,ENSG00000078401,ENSG00000078579,ENSG00000079841,ENSG00000080854,ENSG00000082397,ENSG00000083454,ENSG00000087116,ENSG00000090932,ENSG00000091129,ENSG00000091409,ENSG00000092421,ENSG00000095596,ENSG00000095713,ENSG00000100095,ENSG00000100985,ENSG00000101463,ENSG00000101489,ENSG00000102265,ENSG00000103449,ENSG00000103528,ENSG00000104327,ENSG00000104332,ENSG00000104826,ENSG00000105329,ENSG00000105464,ENSG00000105880,ENSG00000106538,ENSG00000106991,ENSG00000107282,ENSG00000108231,ENSG00000108691,ENSG00000108821,ENSG00000109851,ENSG00000110195,ENSG00000110492,ENSG00000110719,ENSG00000111087,ENSG00000111199,ENSG00000111249,ENSG00000112038,ENSG00000112137,ENSG00000112183,ENSG00000112893,ENSG00000113763,ENSG00000114200,ENSG00000114251,ENSG00000115414,ENSG00000115461,ENSG00000115468,ENSG00000115738,ENSG00000116183,ENSG00000116678,ENSG00000117318,ENSG00000117525,ENSG00000117594,ENSG00000118292,ENSG00000118503,ENSG00000119042,ENSG00000119283,ENSG00000119699,ENSG00000120332,ENSG00000120549,ENSG00000120659,ENSG00000120885,ENSG00000121075,ENSG00000121904,ENSG00000121966,ENSG00000123610,ENSG00000124788,ENSG00000125538,ENSG00000125730,ENSG00000125848,ENSG00000125851,ENSG00000125968,ENSG00000126458,ENSG00000126562,ENSG00000126778,ENSG00000127418,ENSG00000128052,ENSG00000128594,ENSG00000128606,ENSG00000129159,ENSG00000130164,ENSG00000130203,ENSG00000130635,ENSG00000130700,ENSG00000130707,ENSG00000131634,ENSG00000132170,ENSG00000132386,ENSG00000132561,ENSG00000134013,ENSG00000134121,ENSG00000134508,ENSG00000134532,ENSG00000135048,ENSG00000135111,ENSG00000135919,ENSG00000136160,ENSG00000136944,ENSG00000136997,ENSG00000137463,ENSG00000137693,ENSG00000138083,ENSG00000138162,ENSG00000138650,ENSG00000138772,ENSG00000138795,ENSG00000139219,ENSG00000139352,ENSG00000139549,ENSG00000140279,ENSG00000140285,ENSG00000140795,ENSG00000141337,ENSG00000141668,ENSG00000142233,ENSG00000143320,ENSG00000143355,ENSG00000143816,ENSG00000143839,ENSG00000143869,ENSG00000143995,ENSG00000144476,ENSG00000145920,ENSG00000146006,ENSG00000146411,ENSG00000147869,ENSG00000148053,ENSG00000150281,ENSG00000150907,ENSG00000151615,ENSG00000152104,ENSG00000152377,ENSG00000152661,ENSG00000152894,ENSG00000153707,ENSG00000153993,ENSG00000154133,ENSG00000154175,ENSG00000154654,ENSG00000154928,ENSG00000155974,ENSG00000156687,ENSG00000157087,ENSG00000157404,ENSG00000157613,ENSG00000158156,ENSG00000160111,ENSG00000160224,ENSG00000161681,ENSG00000162105,ENSG00000162344,ENSG00000162496,ENSG00000162576,ENSG00000162614,ENSG00000162624,ENSG00000162670,ENSG00000162951,ENSG00000162998,ENSG00000163273,ENSG00000163346,ENSG00000163394,ENSG00000163513,ENSG00000164342,ENSG00000164692,ENSG00000164946,ENSG00000165197,ENSG00000165323,ENSG00000165757,ENSG00000165959,ENSG00000165973,ENSG00000166206,ENSG00000166292,ENSG00000166349,ENSG00000166825,ENSG00000166923,ENSG00000167664,ENSG00000167964,ENSG00000168505,ENSG00000168539,ENSG00000168542,ENSG00000169245,ENSG00000169247,ENSG00000169429,ENSG00000169583,ENSG00000169860,ENSG00000170775,ENSG00000170891,ENSG00000171812,ENSG00000171819,ENSG00000172201,ENSG00000172638,ENSG00000173068,ENSG00000173376,ENSG00000173805,ENSG00000174672,ENSG00000174807,ENSG00000175505,ENSG00000176884,ENSG00000177045,ENSG00000177301,ENSG00000177706,ENSG00000178764,ENSG00000179242,ENSG00000179431,ENSG00000180772,ENSG00000181072,ENSG00000181541,ENSG00000181744,ENSG00000182492,ENSG00000182636,ENSG00000182871,ENSG00000184254,ENSG00000184564,ENSG00000184613,ENSG00000185155,ENSG00000185345,ENSG00000185551,ENSG00000185650,ENSG00000185924,ENSG00000186367,ENSG00000186417,ENSG00000186487,ENSG00000187098,ENSG00000187323,ENSG00000187486,ENSG00000187634,ENSG00000188158,ENSG00000188162,ENSG00000188620,ENSG00000188783,ENSG00000188816,ENSG00000189292,ENSG00000196092,ENSG00000196277,ENSG00000196549,ENSG00000196562,ENSG00000197496,ENSG00000197712,ENSG00000197747,ENSG00000197971,ENSG00000198121,ENSG00000198125,ENSG00000198523,ENSG00000198576,ENSG00000198626,ENSG00000198719,ENSG00000198797,ENSG00000198959,ENSG00000198963,ENSG00000203883,ENSG00000204248,ENSG00000204335,ENSG00000204592,ENSG00000213171,ENSG00000214336,ENSG00000214960,ENSG00000215397,ENSG00000219438,ENSG00000221866,ENSG00000232810,ENSG00000237412,ENSG00000240583,ENSG00000243364,ENSG00000250366,ENSG00000255346,ENSG00000266074,ENSG00000266524"
"GO:BP","multicellular organism development","GO:0007275","false","1.2475720230133563e-17","16.903934372923512","3706","726","326","13009","ENSG00000001617,ENSG00000002746,ENSG00000003137,ENSG00000006016,ENSG00000006071,ENSG00000006611,ENSG00000009694,ENSG00000010671,ENSG00000011465,ENSG00000012223,ENSG00000018408,ENSG00000019991,ENSG00000021645,ENSG00000021826,ENSG00000038427,ENSG00000041982,ENSG00000053108,ENSG00000054598,ENSG00000064300,ENSG00000064989,ENSG00000066468,ENSG00000067182,ENSG00000067798,ENSG00000069431,ENSG00000070404,ENSG00000073756,ENSG00000073792,ENSG00000074527,ENSG00000075213,ENSG00000075275,ENSG00000077092,ENSG00000077238,ENSG00000078098,ENSG00000078114,ENSG00000078401,ENSG00000078579,ENSG00000079841,ENSG00000080854,ENSG00000082397,ENSG00000083454,ENSG00000087116,ENSG00000088002,ENSG00000090932,ENSG00000091129,ENSG00000091409,ENSG00000092421,ENSG00000095587,ENSG00000095596,ENSG00000095713,ENSG00000100095,ENSG00000100985,ENSG00000101282,ENSG00000101463,ENSG00000101489,ENSG00000102265,ENSG00000102996,ENSG00000103449,ENSG00000103528,ENSG00000104327,ENSG00000104332,ENSG00000104826,ENSG00000104951,ENSG00000105329,ENSG00000105464,ENSG00000105880,ENSG00000106538,ENSG00000106991,ENSG00000107282,ENSG00000108231,ENSG00000108691,ENSG00000108821,ENSG00000109851,ENSG00000110195,ENSG00000110492,ENSG00000110719,ENSG00000111087,ENSG00000111199,ENSG00000111249,ENSG00000111348,ENSG00000112038,ENSG00000112137,ENSG00000112183,ENSG00000112893,ENSG00000113739,ENSG00000113763,ENSG00000114200,ENSG00000114251,ENSG00000115414,ENSG00000115461,ENSG00000115468,ENSG00000115738,ENSG00000116183,ENSG00000116678,ENSG00000117318,ENSG00000117525,ENSG00000117594,ENSG00000118292,ENSG00000118503,ENSG00000119042,ENSG00000119283,ENSG00000119508,ENSG00000119699,ENSG00000120332,ENSG00000120549,ENSG00000120659,ENSG00000120885,ENSG00000121075,ENSG00000121904,ENSG00000121966,ENSG00000123610,ENSG00000124788,ENSG00000125538,ENSG00000125730,ENSG00000125848,ENSG00000125851,ENSG00000125968,ENSG00000126458,ENSG00000126562,ENSG00000126778,ENSG00000127418,ENSG00000128052,ENSG00000128594,ENSG00000128606,ENSG00000129159,ENSG00000130164,ENSG00000130203,ENSG00000130529,ENSG00000130635,ENSG00000130700,ENSG00000130707,ENSG00000131634,ENSG00000132170,ENSG00000132386,ENSG00000132561,ENSG00000134013,ENSG00000134121,ENSG00000134508,ENSG00000134532,ENSG00000135048,ENSG00000135111,ENSG00000135919,ENSG00000136160,ENSG00000136944,ENSG00000136997,ENSG00000137463,ENSG00000137693,ENSG00000138083,ENSG00000138162,ENSG00000138650,ENSG00000138772,ENSG00000138795,ENSG00000139219,ENSG00000139352,ENSG00000139549,ENSG00000140279,ENSG00000140285,ENSG00000140795,ENSG00000141337,ENSG00000141668,ENSG00000142233,ENSG00000143320,ENSG00000143355,ENSG00000143772,ENSG00000143816,ENSG00000143839,ENSG00000143869,ENSG00000143995,ENSG00000144476,ENSG00000144824,ENSG00000145920,ENSG00000146006,ENSG00000146411,ENSG00000147869,ENSG00000148053,ENSG00000148488,ENSG00000150281,ENSG00000150457,ENSG00000150907,ENSG00000151023,ENSG00000151615,ENSG00000152104,ENSG00000152377,ENSG00000152661,ENSG00000152894,ENSG00000153707,ENSG00000153993,ENSG00000154133,ENSG00000154175,ENSG00000154654,ENSG00000154928,ENSG00000155974,ENSG00000156535,ENSG00000156687,ENSG00000157087,ENSG00000157404,ENSG00000157613,ENSG00000158156,ENSG00000159713,ENSG00000160111,ENSG00000160224,ENSG00000161681,ENSG00000162105,ENSG00000162344,ENSG00000162496,ENSG00000162576,ENSG00000162614,ENSG00000162624,ENSG00000162670,ENSG00000162951,ENSG00000162998,ENSG00000163273,ENSG00000163346,ENSG00000163394,ENSG00000163513,ENSG00000164326,ENSG00000164342,ENSG00000164692,ENSG00000164946,ENSG00000165197,ENSG00000165323,ENSG00000165646,ENSG00000165757,ENSG00000165959,ENSG00000165973,ENSG00000166206,ENSG00000166292,ENSG00000166349,ENSG00000166825,ENSG00000166923,ENSG00000167664,ENSG00000167964,ENSG00000168505,ENSG00000168539,ENSG00000168542,ENSG00000169245,ENSG00000169247,ENSG00000169429,ENSG00000169583,ENSG00000169860,ENSG00000169908,ENSG00000170775,ENSG00000170891,ENSG00000171812,ENSG00000171819,ENSG00000171848,ENSG00000172201,ENSG00000172638,ENSG00000173068,ENSG00000173376,ENSG00000173805,ENSG00000174672,ENSG00000174807,ENSG00000175505,ENSG00000176884,ENSG00000177045,ENSG00000177301,ENSG00000177706,ENSG00000178764,ENSG00000179242,ENSG00000179431,ENSG00000180772,ENSG00000180875,ENSG00000181072,ENSG00000181541,ENSG00000181744,ENSG00000182492,ENSG00000182636,ENSG00000182871,ENSG00000184254,ENSG00000184564,ENSG00000184613,ENSG00000185155,ENSG00000185345,ENSG00000185551,ENSG00000185650,ENSG00000185924,ENSG00000186367,ENSG00000186417,ENSG00000186487,ENSG00000187098,ENSG00000187323,ENSG00000187486,ENSG00000187634,ENSG00000188158,ENSG00000188162,ENSG00000188620,ENSG00000188783,ENSG00000188816,ENSG00000189292,ENSG00000196092,ENSG00000196277,ENSG00000196549,ENSG00000196562,ENSG00000197496,ENSG00000197712,ENSG00000197747,ENSG00000197971,ENSG00000198121,ENSG00000198125,ENSG00000198523,ENSG00000198576,ENSG00000198626,ENSG00000198719,ENSG00000198797,ENSG00000198959,ENSG00000198963,ENSG00000203883,ENSG00000204248,ENSG00000204335,ENSG00000204592,ENSG00000213171,ENSG00000213694,ENSG00000214336,ENSG00000214960,ENSG00000215397,ENSG00000219438,ENSG00000221866,ENSG00000232810,ENSG00000237412,ENSG00000240583,ENSG00000243364,ENSG00000250366,ENSG00000255346,ENSG00000266074,ENSG00000266524,ENSG00000276644"
"GO:BP","anatomical structure morphogenesis","GO:0009653","false","3.718002520886962e-16","15.429690320102871","2106","726","215","13009","ENSG00000001617,ENSG00000002746,ENSG00000003137,ENSG00000006071,ENSG00000006611,ENSG00000011465,ENSG00000012223,ENSG00000018408,ENSG00000019991,ENSG00000021645,ENSG00000041982,ENSG00000053108,ENSG00000054598,ENSG00000064300,ENSG00000064989,ENSG00000066468,ENSG00000067182,ENSG00000069431,ENSG00000073756,ENSG00000073792,ENSG00000074527,ENSG00000075213,ENSG00000075275,ENSG00000077092,ENSG00000077238,ENSG00000078098,ENSG00000078114,ENSG00000078401,ENSG00000079841,ENSG00000082397,ENSG00000083857,ENSG00000090932,ENSG00000091129,ENSG00000091409,ENSG00000092421,ENSG00000099260,ENSG00000100985,ENSG00000102996,ENSG00000103449,ENSG00000103528,ENSG00000104327,ENSG00000104332,ENSG00000105329,ENSG00000105880,ENSG00000106991,ENSG00000108231,ENSG00000108688,ENSG00000108691,ENSG00000108821,ENSG00000110195,ENSG00000110492,ENSG00000110719,ENSG00000111087,ENSG00000111199,ENSG00000111249,ENSG00000112137,ENSG00000112893,ENSG00000113763,ENSG00000114251,ENSG00000115414,ENSG00000115461,ENSG00000115738,ENSG00000116183,ENSG00000116678,ENSG00000117318,ENSG00000117525,ENSG00000118292,ENSG00000118503,ENSG00000119042,ENSG00000119508,ENSG00000119699,ENSG00000120332,ENSG00000120659,ENSG00000120885,ENSG00000121075,ENSG00000125538,ENSG00000125730,ENSG00000125848,ENSG00000125968,ENSG00000126458,ENSG00000126562,ENSG00000126778,ENSG00000127418,ENSG00000128052,ENSG00000128340,ENSG00000130164,ENSG00000130203,ENSG00000130635,ENSG00000130700,ENSG00000132170,ENSG00000132386,ENSG00000132561,ENSG00000134013,ENSG00000134121,ENSG00000134532,ENSG00000135048,ENSG00000135111,ENSG00000135919,ENSG00000135926,ENSG00000136997,ENSG00000137331,ENSG00000137693,ENSG00000138083,ENSG00000138772,ENSG00000138795,ENSG00000139219,ENSG00000140279,ENSG00000140285,ENSG00000140795,ENSG00000142279,ENSG00000143320,ENSG00000143355,ENSG00000143816,ENSG00000143869,ENSG00000143995,ENSG00000144476,ENSG00000144824,ENSG00000146376,ENSG00000147065,ENSG00000147869,ENSG00000148053,ENSG00000150457,ENSG00000151615,ENSG00000152104,ENSG00000152661,ENSG00000153707,ENSG00000153993,ENSG00000154133,ENSG00000154928,ENSG00000155974,ENSG00000156042,ENSG00000156535,ENSG00000156687,ENSG00000157404,ENSG00000157613,ENSG00000160224,ENSG00000161681,ENSG00000162496,ENSG00000162614,ENSG00000162998,ENSG00000163273,ENSG00000163394,ENSG00000163513,ENSG00000164342,ENSG00000164692,ENSG00000164946,ENSG00000165197,ENSG00000165323,ENSG00000165757,ENSG00000166106,ENSG00000166292,ENSG00000166825,ENSG00000166923,ENSG00000167664,ENSG00000168505,ENSG00000168542,ENSG00000169245,ENSG00000169429,ENSG00000169583,ENSG00000169860,ENSG00000169908,ENSG00000170608,ENSG00000171812,ENSG00000172201,ENSG00000172638,ENSG00000173376,ENSG00000174672,ENSG00000174807,ENSG00000175183,ENSG00000176293,ENSG00000177301,ENSG00000177706,ENSG00000178764,ENSG00000179242,ENSG00000179431,ENSG00000180772,ENSG00000180875,ENSG00000181541,ENSG00000182636,ENSG00000182871,ENSG00000184254,ENSG00000184564,ENSG00000184613,ENSG00000185155,ENSG00000185345,ENSG00000185551,ENSG00000185650,ENSG00000186367,ENSG00000187323,ENSG00000187634,ENSG00000188620,ENSG00000188816,ENSG00000196092,ENSG00000197712,ENSG00000197971,ENSG00000198121,ENSG00000198523,ENSG00000198576,ENSG00000198626,ENSG00000198719,ENSG00000198959,ENSG00000198963,ENSG00000203883,ENSG00000204248,ENSG00000204335,ENSG00000213694,ENSG00000214336,ENSG00000214960,ENSG00000219438,ENSG00000221866,ENSG00000232810,ENSG00000240583,ENSG00000243364,ENSG00000250366,ENSG00000255346"
"GO:BP","anatomical structure development","GO:0048856","false","5.767354679006663e-16","15.239023339659166","4540","726","372","13009","ENSG00000001617,ENSG00000002746,ENSG00000003137,ENSG00000006016,ENSG00000006071,ENSG00000006611,ENSG00000009694,ENSG00000010671,ENSG00000011465,ENSG00000012223,ENSG00000018408,ENSG00000019991,ENSG00000021645,ENSG00000021826,ENSG00000038427,ENSG00000041982,ENSG00000049249,ENSG00000053108,ENSG00000054598,ENSG00000064300,ENSG00000064666,ENSG00000064989,ENSG00000066468,ENSG00000067182,ENSG00000067798,ENSG00000069431,ENSG00000070404,ENSG00000073756,ENSG00000073792,ENSG00000074527,ENSG00000074771,ENSG00000075213,ENSG00000075275,ENSG00000077092,ENSG00000077238,ENSG00000078098,ENSG00000078114,ENSG00000078401,ENSG00000078579,ENSG00000079841,ENSG00000080573,ENSG00000080854,ENSG00000082397,ENSG00000083454,ENSG00000083857,ENSG00000085276,ENSG00000087116,ENSG00000088002,ENSG00000090932,ENSG00000091129,ENSG00000091409,ENSG00000092421,ENSG00000095587,ENSG00000095596,ENSG00000095713,ENSG00000099260,ENSG00000100095,ENSG00000100985,ENSG00000101282,ENSG00000101463,ENSG00000101489,ENSG00000102265,ENSG00000102996,ENSG00000103449,ENSG00000103528,ENSG00000104327,ENSG00000104332,ENSG00000104826,ENSG00000104892,ENSG00000104951,ENSG00000105329,ENSG00000105427,ENSG00000105464,ENSG00000105880,ENSG00000106484,ENSG00000106538,ENSG00000106991,ENSG00000107282,ENSG00000108231,ENSG00000108688,ENSG00000108691,ENSG00000108821,ENSG00000109851,ENSG00000110195,ENSG00000110492,ENSG00000110719,ENSG00000111087,ENSG00000111199,ENSG00000111249,ENSG00000111348,ENSG00000112038,ENSG00000112137,ENSG00000112183,ENSG00000112530,ENSG00000112893,ENSG00000113739,ENSG00000113763,ENSG00000114200,ENSG00000114251,ENSG00000115414,ENSG00000115461,ENSG00000115468,ENSG00000115738,ENSG00000116183,ENSG00000116678,ENSG00000117318,ENSG00000117525,ENSG00000117594,ENSG00000118292,ENSG00000118503,ENSG00000119042,ENSG00000119283,ENSG00000119508,ENSG00000119699,ENSG00000120332,ENSG00000120549,ENSG00000120659,ENSG00000120885,ENSG00000121075,ENSG00000121904,ENSG00000121966,ENSG00000123610,ENSG00000124788,ENSG00000125538,ENSG00000125730,ENSG00000125848,ENSG00000125851,ENSG00000125968,ENSG00000126458,ENSG00000126562,ENSG00000126778,ENSG00000127418,ENSG00000128052,ENSG00000128340,ENSG00000128594,ENSG00000128606,ENSG00000129159,ENSG00000129993,ENSG00000130164,ENSG00000130203,ENSG00000130529,ENSG00000130635,ENSG00000130700,ENSG00000130707,ENSG00000131634,ENSG00000132170,ENSG00000132386,ENSG00000132561,ENSG00000134013,ENSG00000134121,ENSG00000134508,ENSG00000134532,ENSG00000135048,ENSG00000135111,ENSG00000135253,ENSG00000135902,ENSG00000135919,ENSG00000135926,ENSG00000136160,ENSG00000136944,ENSG00000136997,ENSG00000137077,ENSG00000137331,ENSG00000137463,ENSG00000137693,ENSG00000138083,ENSG00000138162,ENSG00000138650,ENSG00000138772,ENSG00000138795,ENSG00000139219,ENSG00000139352,ENSG00000139549,ENSG00000140279,ENSG00000140285,ENSG00000140795,ENSG00000141337,ENSG00000141668,ENSG00000142233,ENSG00000142279,ENSG00000143320,ENSG00000143355,ENSG00000143382,ENSG00000143772,ENSG00000143816,ENSG00000143839,ENSG00000143869,ENSG00000143995,ENSG00000144476,ENSG00000144824,ENSG00000145920,ENSG00000146006,ENSG00000146376,ENSG00000146411,ENSG00000147065,ENSG00000147869,ENSG00000148053,ENSG00000148488,ENSG00000150281,ENSG00000150457,ENSG00000150907,ENSG00000151023,ENSG00000151615,ENSG00000152104,ENSG00000152377,ENSG00000152661,ENSG00000152894,ENSG00000153029,ENSG00000153707,ENSG00000153993,ENSG00000154133,ENSG00000154175,ENSG00000154654,ENSG00000154928,ENSG00000155974,ENSG00000156042,ENSG00000156535,ENSG00000156687,ENSG00000157087,ENSG00000157404,ENSG00000157613,ENSG00000158156,ENSG00000159713,ENSG00000160111,ENSG00000160223,ENSG00000160224,ENSG00000161681,ENSG00000162105,ENSG00000162344,ENSG00000162496,ENSG00000162576,ENSG00000162595,ENSG00000162614,ENSG00000162624,ENSG00000162670,ENSG00000162951,ENSG00000162998,ENSG00000163273,ENSG00000163346,ENSG00000163359,ENSG00000163394,ENSG00000163430,ENSG00000163513,ENSG00000164326,ENSG00000164342,ENSG00000164509,ENSG00000164692,ENSG00000164946,ENSG00000165197,ENSG00000165323,ENSG00000165643,ENSG00000165646,ENSG00000165757,ENSG00000165959,ENSG00000165973,ENSG00000166106,ENSG00000166206,ENSG00000166292,ENSG00000166349,ENSG00000166825,ENSG00000166923,ENSG00000167664,ENSG00000167767,ENSG00000167964,ENSG00000168505,ENSG00000168539,ENSG00000168542,ENSG00000168899,ENSG00000169245,ENSG00000169247,ENSG00000169429,ENSG00000169583,ENSG00000169860,ENSG00000169903,ENSG00000169908,ENSG00000170442,ENSG00000170608,ENSG00000170775,ENSG00000170891,ENSG00000171303,ENSG00000171812,ENSG00000171819,ENSG00000171848,ENSG00000172201,ENSG00000172572,ENSG00000172638,ENSG00000173068,ENSG00000173376,ENSG00000173805,ENSG00000174672,ENSG00000174807,ENSG00000175183,ENSG00000175505,ENSG00000176293,ENSG00000176884,ENSG00000177045,ENSG00000177301,ENSG00000177706,ENSG00000178764,ENSG00000179242,ENSG00000179431,ENSG00000180772,ENSG00000180875,ENSG00000181072,ENSG00000181541,ENSG00000181744,ENSG00000182195,ENSG00000182492,ENSG00000182636,ENSG00000182871,ENSG00000183779,ENSG00000184254,ENSG00000184564,ENSG00000184613,ENSG00000185155,ENSG00000185345,ENSG00000185551,ENSG00000185650,ENSG00000185924,ENSG00000185955,ENSG00000186367,ENSG00000186417,ENSG00000186487,ENSG00000187098,ENSG00000187323,ENSG00000187486,ENSG00000187634,ENSG00000188158,ENSG00000188162,ENSG00000188620,ENSG00000188783,ENSG00000188816,ENSG00000189292,ENSG00000196092,ENSG00000196154,ENSG00000196277,ENSG00000196549,ENSG00000196562,ENSG00000197321,ENSG00000197496,ENSG00000197712,ENSG00000197747,ENSG00000197971,ENSG00000198121,ENSG00000198125,ENSG00000198523,ENSG00000198576,ENSG00000198626,ENSG00000198719,ENSG00000198797,ENSG00000198959,ENSG00000198963,ENSG00000203883,ENSG00000204248,ENSG00000204335,ENSG00000204592,ENSG00000213171,ENSG00000213694,ENSG00000214336,ENSG00000214960,ENSG00000215397,ENSG00000219438,ENSG00000221866,ENSG00000232810,ENSG00000237412,ENSG00000240583,ENSG00000243364,ENSG00000250366,ENSG00000255346,ENSG00000266074,ENSG00000266524,ENSG00000276644"
"GO:BP","cell-cell signaling","GO:0007267","false","1.221689921181311e-15","14.913039008993863","962","726","126","13009","ENSG00000006071,ENSG00000007171,ENSG00000010671,ENSG00000019991,ENSG00000021645,ENSG00000041982,ENSG00000064300,ENSG00000064692,ENSG00000066468,ENSG00000073756,ENSG00000076944,ENSG00000078401,ENSG00000078579,ENSG00000079841,ENSG00000083454,ENSG00000083857,ENSG00000089169,ENSG00000100302,ENSG00000101489,ENSG00000103546,ENSG00000104327,ENSG00000104332,ENSG00000104826,ENSG00000105464,ENSG00000107282,ENSG00000108231,ENSG00000108688,ENSG00000108691,ENSG00000108700,ENSG00000110719,ENSG00000111199,ENSG00000111249,ENSG00000112038,ENSG00000112164,ENSG00000114200,ENSG00000114251,ENSG00000115353,ENSG00000115896,ENSG00000120659,ENSG00000123146,ENSG00000123610,ENSG00000125538,ENSG00000126562,ENSG00000128594,ENSG00000130203,ENSG00000130529,ENSG00000131389,ENSG00000132170,ENSG00000135111,ENSG00000135902,ENSG00000135919,ENSG00000136160,ENSG00000137077,ENSG00000137441,ENSG00000138119,ENSG00000139549,ENSG00000140285,ENSG00000141668,ENSG00000143839,ENSG00000145103,ENSG00000145451,ENSG00000145920,ENSG00000146006,ENSG00000148053,ENSG00000148908,ENSG00000150281,ENSG00000150594,ENSG00000150907,ENSG00000152661,ENSG00000153707,ENSG00000154928,ENSG00000155886,ENSG00000155897,ENSG00000156564,ENSG00000157103,ENSG00000157404,ENSG00000160013,ENSG00000161681,ENSG00000162105,ENSG00000162951,ENSG00000163273,ENSG00000163394,ENSG00000164082,ENSG00000164326,ENSG00000165646,ENSG00000165917,ENSG00000165970,ENSG00000165995,ENSG00000166206,ENSG00000166862,ENSG00000166923,ENSG00000168539,ENSG00000169245,ENSG00000169248,ENSG00000169427,ENSG00000169860,ENSG00000171303,ENSG00000173805,ENSG00000174672,ENSG00000175426,ENSG00000176884,ENSG00000177301,ENSG00000179431,ENSG00000179546,ENSG00000180720,ENSG00000181019,ENSG00000181072,ENSG00000182771,ENSG00000185345,ENSG00000185666,ENSG00000187323,ENSG00000187486,ENSG00000196277,ENSG00000196549,ENSG00000197093,ENSG00000197971,ENSG00000198576,ENSG00000198626,ENSG00000198719,ENSG00000198835,ENSG00000198959,ENSG00000232810,ENSG00000240583,ENSG00000243364,ENSG00000250366,ENSG00000271503"
"GO:BP","developmental process","GO:0032502","false","2.2923677725068727e-14","13.639715705745964","4950","726","391","13009","ENSG00000001617,ENSG00000002746,ENSG00000003137,ENSG00000006016,ENSG00000006071,ENSG00000006611,ENSG00000009694,ENSG00000010671,ENSG00000011028,ENSG00000011465,ENSG00000012223,ENSG00000018408,ENSG00000019991,ENSG00000021300,ENSG00000021645,ENSG00000021826,ENSG00000023445,ENSG00000038427,ENSG00000041982,ENSG00000048540,ENSG00000049249,ENSG00000053108,ENSG00000054598,ENSG00000064300,ENSG00000064666,ENSG00000064989,ENSG00000066468,ENSG00000067182,ENSG00000067798,ENSG00000069431,ENSG00000070404,ENSG00000073756,ENSG00000073792,ENSG00000074527,ENSG00000074771,ENSG00000075213,ENSG00000075275,ENSG00000077092,ENSG00000077238,ENSG00000078098,ENSG00000078114,ENSG00000078401,ENSG00000078579,ENSG00000079841,ENSG00000080573,ENSG00000080854,ENSG00000082397,ENSG00000083454,ENSG00000083857,ENSG00000085276,ENSG00000087116,ENSG00000088002,ENSG00000090932,ENSG00000091129,ENSG00000091409,ENSG00000092421,ENSG00000095587,ENSG00000095596,ENSG00000095713,ENSG00000099260,ENSG00000099953,ENSG00000100095,ENSG00000100985,ENSG00000101282,ENSG00000101463,ENSG00000101489,ENSG00000102265,ENSG00000102996,ENSG00000103449,ENSG00000103528,ENSG00000104327,ENSG00000104332,ENSG00000104826,ENSG00000104892,ENSG00000104951,ENSG00000105329,ENSG00000105427,ENSG00000105464,ENSG00000105880,ENSG00000106484,ENSG00000106538,ENSG00000106991,ENSG00000107165,ENSG00000107282,ENSG00000108231,ENSG00000108688,ENSG00000108691,ENSG00000108821,ENSG00000109851,ENSG00000110195,ENSG00000110492,ENSG00000110719,ENSG00000111087,ENSG00000111199,ENSG00000111249,ENSG00000111348,ENSG00000112038,ENSG00000112137,ENSG00000112183,ENSG00000112530,ENSG00000112893,ENSG00000113739,ENSG00000113763,ENSG00000114200,ENSG00000114251,ENSG00000115414,ENSG00000115461,ENSG00000115468,ENSG00000115738,ENSG00000116183,ENSG00000116678,ENSG00000117318,ENSG00000117525,ENSG00000117594,ENSG00000118292,ENSG00000118503,ENSG00000119042,ENSG00000119283,ENSG00000119403,ENSG00000119508,ENSG00000119699,ENSG00000120332,ENSG00000120549,ENSG00000120659,ENSG00000120885,ENSG00000121075,ENSG00000121904,ENSG00000121966,ENSG00000123610,ENSG00000123892,ENSG00000124788,ENSG00000125538,ENSG00000125730,ENSG00000125848,ENSG00000125851,ENSG00000125968,ENSG00000126458,ENSG00000126562,ENSG00000126778,ENSG00000127418,ENSG00000128052,ENSG00000128340,ENSG00000128594,ENSG00000128606,ENSG00000129159,ENSG00000129993,ENSG00000130164,ENSG00000130203,ENSG00000130529,ENSG00000130635,ENSG00000130700,ENSG00000130707,ENSG00000131389,ENSG00000131634,ENSG00000132170,ENSG00000132386,ENSG00000132561,ENSG00000134013,ENSG00000134121,ENSG00000134508,ENSG00000134532,ENSG00000135048,ENSG00000135111,ENSG00000135253,ENSG00000135902,ENSG00000135919,ENSG00000135926,ENSG00000136160,ENSG00000136944,ENSG00000136997,ENSG00000137077,ENSG00000137331,ENSG00000137463,ENSG00000137693,ENSG00000138083,ENSG00000138100,ENSG00000138162,ENSG00000138650,ENSG00000138772,ENSG00000138795,ENSG00000139219,ENSG00000139352,ENSG00000139549,ENSG00000140279,ENSG00000140285,ENSG00000140795,ENSG00000141337,ENSG00000141668,ENSG00000142233,ENSG00000142279,ENSG00000143320,ENSG00000143355,ENSG00000143382,ENSG00000143772,ENSG00000143816,ENSG00000143839,ENSG00000143869,ENSG00000143995,ENSG00000144476,ENSG00000144824,ENSG00000145920,ENSG00000146006,ENSG00000146376,ENSG00000146411,ENSG00000147065,ENSG00000147869,ENSG00000148053,ENSG00000148488,ENSG00000150281,ENSG00000150457,ENSG00000150907,ENSG00000151023,ENSG00000151615,ENSG00000152104,ENSG00000152377,ENSG00000152661,ENSG00000152894,ENSG00000153029,ENSG00000153707,ENSG00000153993,ENSG00000154133,ENSG00000154175,ENSG00000154654,ENSG00000154928,ENSG00000155974,ENSG00000156042,ENSG00000156535,ENSG00000156687,ENSG00000157087,ENSG00000157404,ENSG00000157613,ENSG00000158156,ENSG00000159713,ENSG00000160111,ENSG00000160179,ENSG00000160223,ENSG00000160224,ENSG00000161681,ENSG00000162105,ENSG00000162344,ENSG00000162496,ENSG00000162576,ENSG00000162595,ENSG00000162614,ENSG00000162624,ENSG00000162670,ENSG00000162951,ENSG00000162998,ENSG00000163273,ENSG00000163346,ENSG00000163359,ENSG00000163394,ENSG00000163430,ENSG00000163513,ENSG00000164326,ENSG00000164342,ENSG00000164509,ENSG00000164692,ENSG00000164946,ENSG00000165197,ENSG00000165323,ENSG00000165643,ENSG00000165646,ENSG00000165757,ENSG00000165959,ENSG00000165973,ENSG00000166106,ENSG00000166206,ENSG00000166292,ENSG00000166349,ENSG00000166825,ENSG00000166923,ENSG00000167664,ENSG00000167767,ENSG00000167964,ENSG00000168505,ENSG00000168539,ENSG00000168542,ENSG00000168843,ENSG00000168899,ENSG00000169245,ENSG00000169247,ENSG00000169429,ENSG00000169583,ENSG00000169860,ENSG00000169903,ENSG00000169908,ENSG00000170419,ENSG00000170442,ENSG00000170608,ENSG00000170775,ENSG00000170891,ENSG00000171303,ENSG00000171812,ENSG00000171819,ENSG00000171848,ENSG00000172201,ENSG00000172572,ENSG00000172638,ENSG00000173068,ENSG00000173376,ENSG00000173805,ENSG00000173930,ENSG00000174672,ENSG00000174807,ENSG00000175183,ENSG00000175505,ENSG00000176293,ENSG00000176884,ENSG00000177045,ENSG00000177301,ENSG00000177706,ENSG00000178764,ENSG00000179242,ENSG00000179431,ENSG00000180447,ENSG00000180772,ENSG00000180875,ENSG00000181072,ENSG00000181541,ENSG00000181744,ENSG00000182195,ENSG00000182492,ENSG00000182636,ENSG00000182871,ENSG00000183779,ENSG00000184254,ENSG00000184564,ENSG00000184613,ENSG00000185155,ENSG00000185345,ENSG00000185551,ENSG00000185650,ENSG00000185924,ENSG00000185955,ENSG00000186197,ENSG00000186367,ENSG00000186417,ENSG00000186487,ENSG00000186897,ENSG00000187098,ENSG00000187323,ENSG00000187486,ENSG00000187634,ENSG00000188158,ENSG00000188162,ENSG00000188620,ENSG00000188783,ENSG00000188816,ENSG00000189292,ENSG00000196092,ENSG00000196154,ENSG00000196277,ENSG00000196549,ENSG00000196562,ENSG00000197321,ENSG00000197496,ENSG00000197712,ENSG00000197747,ENSG00000197971,ENSG00000198121,ENSG00000198125,ENSG00000198523,ENSG00000198576,ENSG00000198626,ENSG00000198719,ENSG00000198797,ENSG00000198959,ENSG00000198963,ENSG00000203883,ENSG00000204248,ENSG00000204335,ENSG00000204592,ENSG00000213171,ENSG00000213694,ENSG00000214336,ENSG00000214960,ENSG00000215397,ENSG00000219438,ENSG00000221866,ENSG00000232810,ENSG00000233608,ENSG00000237412,ENSG00000240583,ENSG00000243364,ENSG00000250366,ENSG00000255346,ENSG00000261787,ENSG00000266074,ENSG00000266524,ENSG00000276644"
"GO:BP","circulatory system development","GO:0072359","false","3.0901867799941534e-13","12.510015269743693","906","726","116","13009","ENSG00000006071,ENSG00000011465,ENSG00000021645,ENSG00000054598,ENSG00000064300,ENSG00000064989,ENSG00000066468,ENSG00000067182,ENSG00000069431,ENSG00000073756,ENSG00000077092,ENSG00000078098,ENSG00000078114,ENSG00000078401,ENSG00000078579,ENSG00000091129,ENSG00000092421,ENSG00000103449,ENSG00000104332,ENSG00000105329,ENSG00000106991,ENSG00000108691,ENSG00000108821,ENSG00000110195,ENSG00000110492,ENSG00000111087,ENSG00000112183,ENSG00000114251,ENSG00000115414,ENSG00000115738,ENSG00000116678,ENSG00000117318,ENSG00000117525,ENSG00000118503,ENSG00000120332,ENSG00000121075,ENSG00000121966,ENSG00000125538,ENSG00000125730,ENSG00000125848,ENSG00000125968,ENSG00000126458,ENSG00000126778,ENSG00000127418,ENSG00000128052,ENSG00000130164,ENSG00000130203,ENSG00000130635,ENSG00000130700,ENSG00000131634,ENSG00000132170,ENSG00000132386,ENSG00000134013,ENSG00000135048,ENSG00000135111,ENSG00000137693,ENSG00000138772,ENSG00000138795,ENSG00000139219,ENSG00000139352,ENSG00000140795,ENSG00000143995,ENSG00000144476,ENSG00000146411,ENSG00000147869,ENSG00000148053,ENSG00000150907,ENSG00000151615,ENSG00000152104,ENSG00000152661,ENSG00000154133,ENSG00000154175,ENSG00000154928,ENSG00000157404,ENSG00000157613,ENSG00000162344,ENSG00000162496,ENSG00000163273,ENSG00000163513,ENSG00000164342,ENSG00000164692,ENSG00000165197,ENSG00000165757,ENSG00000166292,ENSG00000166825,ENSG00000166923,ENSG00000167664,ENSG00000168505,ENSG00000168542,ENSG00000169245,ENSG00000169429,ENSG00000169583,ENSG00000171812,ENSG00000171819,ENSG00000172638,ENSG00000173376,ENSG00000181744,ENSG00000182871,ENSG00000185155,ENSG00000185551,ENSG00000185650,ENSG00000186367,ENSG00000187486,ENSG00000197496,ENSG00000197712,ENSG00000198125,ENSG00000198523,ENSG00000198626,ENSG00000198719,ENSG00000198959,ENSG00000203883,ENSG00000219438,ENSG00000221866,ENSG00000232810,ENSG00000240583,ENSG00000255346"
"GO:BP","cell communication","GO:0007154","false","6.931744114725372e-13","12.159157477639297","4679","726","370","13009","ENSG00000001617,ENSG00000002746,ENSG00000003137,ENSG00000006016,ENSG00000006071,ENSG00000007171,ENSG00000008118,ENSG00000009694,ENSG00000010671,ENSG00000011465,ENSG00000012223,ENSG00000013364,ENSG00000013588,ENSG00000014257,ENSG00000018408,ENSG00000019991,ENSG00000021300,ENSG00000021645,ENSG00000023445,ENSG00000041982,ENSG00000048540,ENSG00000049323,ENSG00000053108,ENSG00000054598,ENSG00000056558,ENSG00000064300,ENSG00000064692,ENSG00000064989,ENSG00000066468,ENSG00000067182,ENSG00000068079,ENSG00000069431,ENSG00000070404,ENSG00000070601,ENSG00000073331,ENSG00000073756,ENSG00000074527,ENSG00000074966,ENSG00000075213,ENSG00000075275,ENSG00000075651,ENSG00000076944,ENSG00000077092,ENSG00000077238,ENSG00000078401,ENSG00000078579,ENSG00000079841,ENSG00000080709,ENSG00000081041,ENSG00000083454,ENSG00000083857,ENSG00000085276,ENSG00000089169,ENSG00000090932,ENSG00000091129,ENSG00000091409,ENSG00000091592,ENSG00000092421,ENSG00000095596,ENSG00000100302,ENSG00000100985,ENSG00000101282,ENSG00000101292,ENSG00000101489,ENSG00000101955,ENSG00000102048,ENSG00000102265,ENSG00000103154,ENSG00000103449,ENSG00000103490,ENSG00000103546,ENSG00000104213,ENSG00000104327,ENSG00000104332,ENSG00000104826,ENSG00000105329,ENSG00000105464,ENSG00000105880,ENSG00000106538,ENSG00000106991,ENSG00000107282,ENSG00000108231,ENSG00000108688,ENSG00000108691,ENSG00000108700,ENSG00000108771,ENSG00000108821,ENSG00000110169,ENSG00000110195,ENSG00000110492,ENSG00000110719,ENSG00000111087,ENSG00000111199,ENSG00000111249,ENSG00000111348,ENSG00000112038,ENSG00000112164,ENSG00000112541,ENSG00000113739,ENSG00000113763,ENSG00000114200,ENSG00000114251,ENSG00000114805,ENSG00000115252,ENSG00000115353,ENSG00000115414,ENSG00000115461,ENSG00000115896,ENSG00000116183,ENSG00000116678,ENSG00000117525,ENSG00000118292,ENSG00000118503,ENSG00000119283,ENSG00000119508,ENSG00000119699,ENSG00000120332,ENSG00000120645,ENSG00000120659,ENSG00000120885,ENSG00000121966,ENSG00000122679,ENSG00000123146,ENSG00000123609,ENSG00000123610,ENSG00000123892,ENSG00000125384,ENSG00000125538,ENSG00000125730,ENSG00000125848,ENSG00000125968,ENSG00000126458,ENSG00000126562,ENSG00000126778,ENSG00000127418,ENSG00000128052,ENSG00000128340,ENSG00000128594,ENSG00000128849,ENSG00000130203,ENSG00000130303,ENSG00000130529,ENSG00000130700,ENSG00000130768,ENSG00000131389,ENSG00000131634,ENSG00000132170,ENSG00000132256,ENSG00000134121,ENSG00000135111,ENSG00000135116,ENSG00000135253,ENSG00000135902,ENSG00000135919,ENSG00000135926,ENSG00000136160,ENSG00000136546,ENSG00000136997,ENSG00000137077,ENSG00000137331,ENSG00000137441,ENSG00000137693,ENSG00000137727,ENSG00000137962,ENSG00000138100,ENSG00000138119,ENSG00000138735,ENSG00000138795,ENSG00000139219,ENSG00000139269,ENSG00000139352,ENSG00000139549,ENSG00000140279,ENSG00000140285,ENSG00000140795,ENSG00000141668,ENSG00000142089,ENSG00000142173,ENSG00000142279,ENSG00000143320,ENSG00000143772,ENSG00000143816,ENSG00000143839,ENSG00000143869,ENSG00000144476,ENSG00000144596,ENSG00000145103,ENSG00000145451,ENSG00000145623,ENSG00000145819,ENSG00000145920,ENSG00000146006,ENSG00000146376,ENSG00000147255,ENSG00000147256,ENSG00000147869,ENSG00000148053,ENSG00000148908,ENSG00000149212,ENSG00000149527,ENSG00000150281,ENSG00000150457,ENSG00000150594,ENSG00000150907,ENSG00000151615,ENSG00000152284,ENSG00000152402,ENSG00000152661,ENSG00000152894,ENSG00000153294,ENSG00000153707,ENSG00000153993,ENSG00000154678,ENSG00000154928,ENSG00000155367,ENSG00000155849,ENSG00000155886,ENSG00000155897,ENSG00000155926,ENSG00000155974,ENSG00000156535,ENSG00000156564,ENSG00000156687,ENSG00000157103,ENSG00000157110,ENSG00000157404,ENSG00000157613,ENSG00000158022,ENSG00000158270,ENSG00000160013,ENSG00000160223,ENSG00000161681,ENSG00000161835,ENSG00000162105,ENSG00000162344,ENSG00000162496,ENSG00000162595,ENSG00000162745,ENSG00000162894,ENSG00000162951,ENSG00000162998,ENSG00000163191,ENSG00000163219,ENSG00000163273,ENSG00000163346,ENSG00000163377,ENSG00000163394,ENSG00000163430,ENSG00000163513,ENSG00000163637,ENSG00000163673,ENSG00000164082,ENSG00000164326,ENSG00000164342,ENSG00000164509,ENSG00000164692,ENSG00000164946,ENSG00000165140,ENSG00000165197,ENSG00000165646,ENSG00000165757,ENSG00000165895,ENSG00000165917,ENSG00000165970,ENSG00000165995,ENSG00000166206,ENSG00000166292,ENSG00000166592,ENSG00000166862,ENSG00000166863,ENSG00000166923,ENSG00000168412,ENSG00000168539,ENSG00000168542,ENSG00000168843,ENSG00000169245,ENSG00000169247,ENSG00000169248,ENSG00000169302,ENSG00000169427,ENSG00000169429,ENSG00000169583,ENSG00000169860,ENSG00000169871,ENSG00000169891,ENSG00000170775,ENSG00000170891,ENSG00000171303,ENSG00000171551,ENSG00000171631,ENSG00000172247,ENSG00000172572,ENSG00000172985,ENSG00000173040,ENSG00000173376,ENSG00000173567,ENSG00000173662,ENSG00000173805,ENSG00000174672,ENSG00000175426,ENSG00000175505,ENSG00000176884,ENSG00000177301,ENSG00000177374,ENSG00000177706,ENSG00000179399,ENSG00000179431,ENSG00000179546,ENSG00000180447,ENSG00000180720,ENSG00000180739,ENSG00000180772,ENSG00000180875,ENSG00000181019,ENSG00000181072,ENSG00000181656,ENSG00000181744,ENSG00000182636,ENSG00000182771,ENSG00000182836,ENSG00000183098,ENSG00000183779,ENSG00000185201,ENSG00000185291,ENSG00000185345,ENSG00000185551,ENSG00000185650,ENSG00000185666,ENSG00000186197,ENSG00000186417,ENSG00000186827,ENSG00000186897,ENSG00000187098,ENSG00000187323,ENSG00000187486,ENSG00000189292,ENSG00000196154,ENSG00000196277,ENSG00000196549,ENSG00000196562,ENSG00000196664,ENSG00000197093,ENSG00000197496,ENSG00000197712,ENSG00000197971,ENSG00000198121,ENSG00000198523,ENSG00000198576,ENSG00000198626,ENSG00000198719,ENSG00000198768,ENSG00000198835,ENSG00000198915,ENSG00000198959,ENSG00000198963,ENSG00000203797,ENSG00000204592,ENSG00000213694,ENSG00000215397,ENSG00000219438,ENSG00000221866,ENSG00000232810,ENSG00000237988,ENSG00000240583,ENSG00000243364,ENSG00000250366,ENSG00000255690,ENSG00000266524,ENSG00000271503,ENSG00000274588"
"GO:BP","regulation of cell population proliferation","GO:0042127","true","1.1906682702457776e-12","11.924209219599662","1208","726","139","13009","ENSG00000006016,ENSG00000006071,ENSG00000007171,ENSG00000009694,ENSG00000010671,ENSG00000012223,ENSG00000018408,ENSG00000041982,ENSG00000049249,ENSG00000064300,ENSG00000064666,ENSG00000064989,ENSG00000066468,ENSG00000068079,ENSG00000073756,ENSG00000077092,ENSG00000078098,ENSG00000078401,ENSG00000078579,ENSG00000088002,ENSG00000090530,ENSG00000095303,ENSG00000100985,ENSG00000101955,ENSG00000102265,ENSG00000103490,ENSG00000104332,ENSG00000104951,ENSG00000105329,ENSG00000105880,ENSG00000106991,ENSG00000108691,ENSG00000108700,ENSG00000110492,ENSG00000110719,ENSG00000111087,ENSG00000112038,ENSG00000114200,ENSG00000114251,ENSG00000115353,ENSG00000115414,ENSG00000115461,ENSG00000115738,ENSG00000116678,ENSG00000117525,ENSG00000118503,ENSG00000119508,ENSG00000119699,ENSG00000120332,ENSG00000120885,ENSG00000123609,ENSG00000125384,ENSG00000125538,ENSG00000126778,ENSG00000127418,ENSG00000128052,ENSG00000128340,ENSG00000129993,ENSG00000130203,ENSG00000130303,ENSG00000130529,ENSG00000132170,ENSG00000132386,ENSG00000135111,ENSG00000135919,ENSG00000136160,ENSG00000136997,ENSG00000137693,ENSG00000138083,ENSG00000138795,ENSG00000139352,ENSG00000140285,ENSG00000143816,ENSG00000143995,ENSG00000144476,ENSG00000145623,ENSG00000147869,ENSG00000148053,ENSG00000150281,ENSG00000150594,ENSG00000150907,ENSG00000152104,ENSG00000152661,ENSG00000152894,ENSG00000154175,ENSG00000154928,ENSG00000156535,ENSG00000157404,ENSG00000160013,ENSG00000160223,ENSG00000162105,ENSG00000162344,ENSG00000162998,ENSG00000163191,ENSG00000163273,ENSG00000163346,ENSG00000163513,ENSG00000164509,ENSG00000165197,ENSG00000165757,ENSG00000165959,ENSG00000165973,ENSG00000166923,ENSG00000167664,ENSG00000168071,ENSG00000168539,ENSG00000169245,ENSG00000169248,ENSG00000169429,ENSG00000170419,ENSG00000171631,ENSG00000172201,ENSG00000172638,ENSG00000172987,ENSG00000174348,ENSG00000174807,ENSG00000175505,ENSG00000177045,ENSG00000181541,ENSG00000182195,ENSG00000182871,ENSG00000183779,ENSG00000185291,ENSG00000185551,ENSG00000185650,ENSG00000186827,ENSG00000186897,ENSG00000187098,ENSG00000188816,ENSG00000196562,ENSG00000198719,ENSG00000203883,ENSG00000204592,ENSG00000213694,ENSG00000219438,ENSG00000232810,ENSG00000240583,ENSG00000271503,ENSG00000276644"
"GO:BP","cell migration","GO:0016477","false","1.4013772817165087e-12","11.853444927305645","1172","726","136","13009","ENSG00000001617,ENSG00000002586,ENSG00000006071,ENSG00000011465,ENSG00000019991,ENSG00000038427,ENSG00000041982,ENSG00000054598,ENSG00000064300,ENSG00000064666,ENSG00000067798,ENSG00000073756,ENSG00000074527,ENSG00000075213,ENSG00000075275,ENSG00000078098,ENSG00000078401,ENSG00000078579,ENSG00000081041,ENSG00000083857,ENSG00000091129,ENSG00000091409,ENSG00000092421,ENSG00000100985,ENSG00000102265,ENSG00000103490,ENSG00000104332,ENSG00000105329,ENSG00000106538,ENSG00000106991,ENSG00000108688,ENSG00000108691,ENSG00000108700,ENSG00000108821,ENSG00000110195,ENSG00000110492,ENSG00000111087,ENSG00000111199,ENSG00000111348,ENSG00000112137,ENSG00000114251,ENSG00000115353,ENSG00000115414,ENSG00000115461,ENSG00000117525,ENSG00000118503,ENSG00000119042,ENSG00000119508,ENSG00000120332,ENSG00000120659,ENSG00000121966,ENSG00000123610,ENSG00000125538,ENSG00000125848,ENSG00000125968,ENSG00000126458,ENSG00000126778,ENSG00000128052,ENSG00000128340,ENSG00000129422,ENSG00000130203,ENSG00000130303,ENSG00000130529,ENSG00000130635,ENSG00000132170,ENSG00000132386,ENSG00000132561,ENSG00000134013,ENSG00000134121,ENSG00000135919,ENSG00000136160,ENSG00000137077,ENSG00000138083,ENSG00000138772,ENSG00000138795,ENSG00000139352,ENSG00000140285,ENSG00000144476,ENSG00000144824,ENSG00000147065,ENSG00000147869,ENSG00000148053,ENSG00000150594,ENSG00000152377,ENSG00000152661,ENSG00000152894,ENSG00000153993,ENSG00000154133,ENSG00000154928,ENSG00000156687,ENSG00000157404,ENSG00000160224,ENSG00000162344,ENSG00000162614,ENSG00000163191,ENSG00000163346,ENSG00000163377,ENSG00000163394,ENSG00000163430,ENSG00000163513,ENSG00000165197,ENSG00000165323,ENSG00000165757,ENSG00000166923,ENSG00000168505,ENSG00000168542,ENSG00000169245,ENSG00000169248,ENSG00000169429,ENSG00000169860,ENSG00000173376,ENSG00000174348,ENSG00000174807,ENSG00000179242,ENSG00000179399,ENSG00000180772,ENSG00000182636,ENSG00000183098,ENSG00000183779,ENSG00000185155,ENSG00000185551,ENSG00000187098,ENSG00000187323,ENSG00000197712,ENSG00000198121,ENSG00000198576,ENSG00000198915,ENSG00000203883,ENSG00000215397,ENSG00000221866,ENSG00000232810,ENSG00000233608,ENSG00000240583,ENSG00000271447,ENSG00000271503,ENSG00000276644"
"GO:BP","signaling","GO:0023052","false","2.4590883724912606e-12","11.609225863698994","4661","726","367","13009","ENSG00000001617,ENSG00000002746,ENSG00000003137,ENSG00000006016,ENSG00000006071,ENSG00000007171,ENSG00000008118,ENSG00000009694,ENSG00000010671,ENSG00000011465,ENSG00000012223,ENSG00000013364,ENSG00000013588,ENSG00000014257,ENSG00000018408,ENSG00000019991,ENSG00000021300,ENSG00000021645,ENSG00000023445,ENSG00000041982,ENSG00000048540,ENSG00000049323,ENSG00000053108,ENSG00000054598,ENSG00000056558,ENSG00000064300,ENSG00000064692,ENSG00000064989,ENSG00000066468,ENSG00000067182,ENSG00000068079,ENSG00000069431,ENSG00000070404,ENSG00000070601,ENSG00000073331,ENSG00000073756,ENSG00000074527,ENSG00000074966,ENSG00000075213,ENSG00000075275,ENSG00000075651,ENSG00000076944,ENSG00000077092,ENSG00000077238,ENSG00000078401,ENSG00000078579,ENSG00000079841,ENSG00000081041,ENSG00000083454,ENSG00000083857,ENSG00000085276,ENSG00000089169,ENSG00000090932,ENSG00000091409,ENSG00000091592,ENSG00000092421,ENSG00000095596,ENSG00000100302,ENSG00000100985,ENSG00000101282,ENSG00000101292,ENSG00000101489,ENSG00000101955,ENSG00000102048,ENSG00000102265,ENSG00000103154,ENSG00000103449,ENSG00000103490,ENSG00000103546,ENSG00000104213,ENSG00000104327,ENSG00000104332,ENSG00000104826,ENSG00000105329,ENSG00000105464,ENSG00000105880,ENSG00000106538,ENSG00000106991,ENSG00000107282,ENSG00000108231,ENSG00000108688,ENSG00000108691,ENSG00000108700,ENSG00000108771,ENSG00000108821,ENSG00000110169,ENSG00000110195,ENSG00000110492,ENSG00000110719,ENSG00000111087,ENSG00000111199,ENSG00000111249,ENSG00000111348,ENSG00000112038,ENSG00000112164,ENSG00000112541,ENSG00000113739,ENSG00000113763,ENSG00000114200,ENSG00000114251,ENSG00000114805,ENSG00000115252,ENSG00000115353,ENSG00000115414,ENSG00000115461,ENSG00000115896,ENSG00000116183,ENSG00000116678,ENSG00000117525,ENSG00000118292,ENSG00000118503,ENSG00000119283,ENSG00000119508,ENSG00000119699,ENSG00000120332,ENSG00000120645,ENSG00000120659,ENSG00000120885,ENSG00000121966,ENSG00000122679,ENSG00000123146,ENSG00000123609,ENSG00000123610,ENSG00000123892,ENSG00000125384,ENSG00000125538,ENSG00000125730,ENSG00000125848,ENSG00000125968,ENSG00000126458,ENSG00000126562,ENSG00000126778,ENSG00000127418,ENSG00000128052,ENSG00000128340,ENSG00000128594,ENSG00000128849,ENSG00000130164,ENSG00000130203,ENSG00000130303,ENSG00000130529,ENSG00000130700,ENSG00000130768,ENSG00000131389,ENSG00000131634,ENSG00000132170,ENSG00000132256,ENSG00000134121,ENSG00000135111,ENSG00000135116,ENSG00000135253,ENSG00000135902,ENSG00000135919,ENSG00000135926,ENSG00000136160,ENSG00000136546,ENSG00000136997,ENSG00000137077,ENSG00000137331,ENSG00000137441,ENSG00000137693,ENSG00000137727,ENSG00000137962,ENSG00000138100,ENSG00000138119,ENSG00000138735,ENSG00000138795,ENSG00000139219,ENSG00000139269,ENSG00000139352,ENSG00000139549,ENSG00000140279,ENSG00000140285,ENSG00000140795,ENSG00000141668,ENSG00000142089,ENSG00000142173,ENSG00000142279,ENSG00000143320,ENSG00000143772,ENSG00000143816,ENSG00000143839,ENSG00000143869,ENSG00000144476,ENSG00000144596,ENSG00000145103,ENSG00000145451,ENSG00000145623,ENSG00000145819,ENSG00000145920,ENSG00000146006,ENSG00000146376,ENSG00000147255,ENSG00000147256,ENSG00000147869,ENSG00000148053,ENSG00000148908,ENSG00000149212,ENSG00000149527,ENSG00000150281,ENSG00000150457,ENSG00000150594,ENSG00000150907,ENSG00000151615,ENSG00000152284,ENSG00000152402,ENSG00000152661,ENSG00000152894,ENSG00000153294,ENSG00000153707,ENSG00000153993,ENSG00000154678,ENSG00000154928,ENSG00000155367,ENSG00000155849,ENSG00000155886,ENSG00000155897,ENSG00000155926,ENSG00000155974,ENSG00000156535,ENSG00000156564,ENSG00000156687,ENSG00000157103,ENSG00000157110,ENSG00000157404,ENSG00000157613,ENSG00000158022,ENSG00000158270,ENSG00000160013,ENSG00000160223,ENSG00000161681,ENSG00000161835,ENSG00000162105,ENSG00000162344,ENSG00000162496,ENSG00000162595,ENSG00000162745,ENSG00000162894,ENSG00000162951,ENSG00000162998,ENSG00000163191,ENSG00000163219,ENSG00000163273,ENSG00000163346,ENSG00000163377,ENSG00000163394,ENSG00000163430,ENSG00000163513,ENSG00000163637,ENSG00000163673,ENSG00000164082,ENSG00000164326,ENSG00000164342,ENSG00000164509,ENSG00000164692,ENSG00000165140,ENSG00000165197,ENSG00000165646,ENSG00000165757,ENSG00000165895,ENSG00000165917,ENSG00000165970,ENSG00000165995,ENSG00000166206,ENSG00000166292,ENSG00000166592,ENSG00000166862,ENSG00000166863,ENSG00000166923,ENSG00000168412,ENSG00000168539,ENSG00000168542,ENSG00000168843,ENSG00000169245,ENSG00000169247,ENSG00000169248,ENSG00000169302,ENSG00000169427,ENSG00000169429,ENSG00000169583,ENSG00000169860,ENSG00000169871,ENSG00000169891,ENSG00000170775,ENSG00000170891,ENSG00000171303,ENSG00000171551,ENSG00000171631,ENSG00000172247,ENSG00000172572,ENSG00000172985,ENSG00000173040,ENSG00000173376,ENSG00000173567,ENSG00000173662,ENSG00000173805,ENSG00000174672,ENSG00000175426,ENSG00000175505,ENSG00000176884,ENSG00000177301,ENSG00000177374,ENSG00000177706,ENSG00000179399,ENSG00000179431,ENSG00000179546,ENSG00000180447,ENSG00000180720,ENSG00000180739,ENSG00000180772,ENSG00000180875,ENSG00000181019,ENSG00000181072,ENSG00000181656,ENSG00000181744,ENSG00000182636,ENSG00000182771,ENSG00000182836,ENSG00000183098,ENSG00000183779,ENSG00000185201,ENSG00000185291,ENSG00000185345,ENSG00000185551,ENSG00000185650,ENSG00000185666,ENSG00000186197,ENSG00000186417,ENSG00000186827,ENSG00000186897,ENSG00000187098,ENSG00000187323,ENSG00000187486,ENSG00000189292,ENSG00000196154,ENSG00000196277,ENSG00000196549,ENSG00000196562,ENSG00000196664,ENSG00000197093,ENSG00000197496,ENSG00000197712,ENSG00000197971,ENSG00000198121,ENSG00000198523,ENSG00000198576,ENSG00000198626,ENSG00000198719,ENSG00000198768,ENSG00000198835,ENSG00000198915,ENSG00000198959,ENSG00000198963,ENSG00000204592,ENSG00000213694,ENSG00000215397,ENSG00000219438,ENSG00000221866,ENSG00000232810,ENSG00000237988,ENSG00000240583,ENSG00000243364,ENSG00000250366,ENSG00000255690,ENSG00000266524,ENSG00000271503,ENSG00000274588"
"GO:BP","tube development","GO:0035295","false","3.884085578341605e-12","11.410711209816535","852","726","109","13009","ENSG00000006016,ENSG00000006071,ENSG00000011465,ENSG00000018408,ENSG00000021645,ENSG00000021826,ENSG00000041982,ENSG00000054598,ENSG00000064300,ENSG00000064989,ENSG00000066468,ENSG00000073756,ENSG00000075275,ENSG00000077092,ENSG00000078098,ENSG00000078401,ENSG00000087116,ENSG00000091129,ENSG00000092421,ENSG00000103449,ENSG00000104327,ENSG00000104332,ENSG00000105329,ENSG00000106538,ENSG00000106991,ENSG00000108691,ENSG00000110195,ENSG00000110492,ENSG00000111087,ENSG00000112893,ENSG00000114251,ENSG00000115414,ENSG00000115461,ENSG00000115738,ENSG00000116678,ENSG00000117525,ENSG00000117594,ENSG00000118292,ENSG00000118503,ENSG00000119699,ENSG00000120332,ENSG00000121075,ENSG00000125538,ENSG00000125730,ENSG00000125968,ENSG00000126458,ENSG00000126562,ENSG00000126778,ENSG00000128052,ENSG00000130164,ENSG00000130203,ENSG00000130700,ENSG00000130707,ENSG00000132170,ENSG00000132386,ENSG00000134013,ENSG00000135048,ENSG00000135111,ENSG00000135919,ENSG00000136160,ENSG00000136997,ENSG00000137693,ENSG00000138772,ENSG00000138795,ENSG00000139219,ENSG00000139352,ENSG00000140285,ENSG00000143869,ENSG00000143995,ENSG00000144476,ENSG00000147869,ENSG00000148053,ENSG00000154133,ENSG00000154928,ENSG00000157404,ENSG00000157613,ENSG00000163273,ENSG00000163513,ENSG00000164342,ENSG00000165197,ENSG00000165757,ENSG00000166292,ENSG00000166825,ENSG00000166923,ENSG00000167664,ENSG00000168505,ENSG00000168542,ENSG00000169245,ENSG00000169429,ENSG00000169583,ENSG00000171812,ENSG00000172638,ENSG00000173376,ENSG00000180772,ENSG00000182871,ENSG00000185155,ENSG00000185551,ENSG00000185650,ENSG00000186367,ENSG00000196549,ENSG00000198626,ENSG00000198719,ENSG00000198959,ENSG00000203883,ENSG00000219438,ENSG00000221866,ENSG00000232810,ENSG00000240583,ENSG00000255346"
"GO:BP","cell differentiation","GO:0030154","false","7.571082703856243e-12","11.120842009709001","3303","726","282","13009","ENSG00000001617,ENSG00000002746,ENSG00000003137,ENSG00000006071,ENSG00000006611,ENSG00000009694,ENSG00000010671,ENSG00000011028,ENSG00000012223,ENSG00000018408,ENSG00000019991,ENSG00000021300,ENSG00000021645,ENSG00000021826,ENSG00000038427,ENSG00000041982,ENSG00000048540,ENSG00000049249,ENSG00000053108,ENSG00000054598,ENSG00000064300,ENSG00000064666,ENSG00000066468,ENSG00000067182,ENSG00000067798,ENSG00000070404,ENSG00000073756,ENSG00000074527,ENSG00000075213,ENSG00000075275,ENSG00000077092,ENSG00000077238,ENSG00000078114,ENSG00000078401,ENSG00000078579,ENSG00000079841,ENSG00000082397,ENSG00000083454,ENSG00000085276,ENSG00000088002,ENSG00000090932,ENSG00000091129,ENSG00000091409,ENSG00000092421,ENSG00000095587,ENSG00000095713,ENSG00000099953,ENSG00000100985,ENSG00000101489,ENSG00000102996,ENSG00000103449,ENSG00000103528,ENSG00000104332,ENSG00000104892,ENSG00000104951,ENSG00000105329,ENSG00000105427,ENSG00000105880,ENSG00000106538,ENSG00000106991,ENSG00000107165,ENSG00000108231,ENSG00000108691,ENSG00000108821,ENSG00000109851,ENSG00000110195,ENSG00000110492,ENSG00000110719,ENSG00000111087,ENSG00000111199,ENSG00000111249,ENSG00000112038,ENSG00000112137,ENSG00000112183,ENSG00000112530,ENSG00000112893,ENSG00000113763,ENSG00000114200,ENSG00000114251,ENSG00000115414,ENSG00000115461,ENSG00000115468,ENSG00000115738,ENSG00000116678,ENSG00000117318,ENSG00000119042,ENSG00000119283,ENSG00000119403,ENSG00000119508,ENSG00000119699,ENSG00000120332,ENSG00000120659,ENSG00000120885,ENSG00000121075,ENSG00000121966,ENSG00000123610,ENSG00000123892,ENSG00000125538,ENSG00000125730,ENSG00000125848,ENSG00000125968,ENSG00000126458,ENSG00000126778,ENSG00000128052,ENSG00000128340,ENSG00000128606,ENSG00000129993,ENSG00000130164,ENSG00000130203,ENSG00000130529,ENSG00000130635,ENSG00000130700,ENSG00000131389,ENSG00000131634,ENSG00000132170,ENSG00000132386,ENSG00000132561,ENSG00000134013,ENSG00000134121,ENSG00000134532,ENSG00000135111,ENSG00000135253,ENSG00000135919,ENSG00000136160,ENSG00000136944,ENSG00000136997,ENSG00000137077,ENSG00000137463,ENSG00000137693,ENSG00000138083,ENSG00000138100,ENSG00000138795,ENSG00000139219,ENSG00000139352,ENSG00000139549,ENSG00000140285,ENSG00000140795,ENSG00000141337,ENSG00000142233,ENSG00000143320,ENSG00000143355,ENSG00000143382,ENSG00000143772,ENSG00000143816,ENSG00000143839,ENSG00000143869,ENSG00000143995,ENSG00000144476,ENSG00000144824,ENSG00000145920,ENSG00000147065,ENSG00000148053,ENSG00000150281,ENSG00000150457,ENSG00000150907,ENSG00000151615,ENSG00000152377,ENSG00000152661,ENSG00000152894,ENSG00000153029,ENSG00000153707,ENSG00000153993,ENSG00000154133,ENSG00000154175,ENSG00000154654,ENSG00000154928,ENSG00000155974,ENSG00000156042,ENSG00000156535,ENSG00000156687,ENSG00000157087,ENSG00000157404,ENSG00000157613,ENSG00000158156,ENSG00000160179,ENSG00000160223,ENSG00000160224,ENSG00000161681,ENSG00000162344,ENSG00000162576,ENSG00000162595,ENSG00000162614,ENSG00000162624,ENSG00000162670,ENSG00000162998,ENSG00000163273,ENSG00000163346,ENSG00000163394,ENSG00000163430,ENSG00000163513,ENSG00000164326,ENSG00000164342,ENSG00000164509,ENSG00000165197,ENSG00000165323,ENSG00000165643,ENSG00000165959,ENSG00000165973,ENSG00000166106,ENSG00000166292,ENSG00000166349,ENSG00000166825,ENSG00000166923,ENSG00000167767,ENSG00000168505,ENSG00000168539,ENSG00000168542,ENSG00000168843,ENSG00000168899,ENSG00000169245,ENSG00000169247,ENSG00000169860,ENSG00000170419,ENSG00000170442,ENSG00000170608,ENSG00000170775,ENSG00000170891,ENSG00000172201,ENSG00000172572,ENSG00000172638,ENSG00000173376,ENSG00000173805,ENSG00000173930,ENSG00000174672,ENSG00000175183,ENSG00000175505,ENSG00000177045,ENSG00000177706,ENSG00000178764,ENSG00000179242,ENSG00000180447,ENSG00000182636,ENSG00000182871,ENSG00000183779,ENSG00000184564,ENSG00000184613,ENSG00000185155,ENSG00000185345,ENSG00000185551,ENSG00000185650,ENSG00000185924,ENSG00000185955,ENSG00000186197,ENSG00000186367,ENSG00000186417,ENSG00000186487,ENSG00000186897,ENSG00000187098,ENSG00000187323,ENSG00000187634,ENSG00000188158,ENSG00000188162,ENSG00000188620,ENSG00000188816,ENSG00000189292,ENSG00000196092,ENSG00000196154,ENSG00000196277,ENSG00000196549,ENSG00000196562,ENSG00000197747,ENSG00000198121,ENSG00000198125,ENSG00000198523,ENSG00000198576,ENSG00000198719,ENSG00000198797,ENSG00000198959,ENSG00000198963,ENSG00000203883,ENSG00000204248,ENSG00000213694,ENSG00000214336,ENSG00000214960,ENSG00000215397,ENSG00000221866,ENSG00000232810,ENSG00000233608,ENSG00000243364,ENSG00000250366,ENSG00000266074,ENSG00000266524"
"GO:BP","cellular developmental process","GO:0048869","false","7.902471238683478e-12","11.102237076115246","3304","726","282","13009","ENSG00000001617,ENSG00000002746,ENSG00000003137,ENSG00000006071,ENSG00000006611,ENSG00000009694,ENSG00000010671,ENSG00000011028,ENSG00000012223,ENSG00000018408,ENSG00000019991,ENSG00000021300,ENSG00000021645,ENSG00000021826,ENSG00000038427,ENSG00000041982,ENSG00000048540,ENSG00000049249,ENSG00000053108,ENSG00000054598,ENSG00000064300,ENSG00000064666,ENSG00000066468,ENSG00000067182,ENSG00000067798,ENSG00000070404,ENSG00000073756,ENSG00000074527,ENSG00000075213,ENSG00000075275,ENSG00000077092,ENSG00000077238,ENSG00000078114,ENSG00000078401,ENSG00000078579,ENSG00000079841,ENSG00000082397,ENSG00000083454,ENSG00000085276,ENSG00000088002,ENSG00000090932,ENSG00000091129,ENSG00000091409,ENSG00000092421,ENSG00000095587,ENSG00000095713,ENSG00000099953,ENSG00000100985,ENSG00000101489,ENSG00000102996,ENSG00000103449,ENSG00000103528,ENSG00000104332,ENSG00000104892,ENSG00000104951,ENSG00000105329,ENSG00000105427,ENSG00000105880,ENSG00000106538,ENSG00000106991,ENSG00000107165,ENSG00000108231,ENSG00000108691,ENSG00000108821,ENSG00000109851,ENSG00000110195,ENSG00000110492,ENSG00000110719,ENSG00000111087,ENSG00000111199,ENSG00000111249,ENSG00000112038,ENSG00000112137,ENSG00000112183,ENSG00000112530,ENSG00000112893,ENSG00000113763,ENSG00000114200,ENSG00000114251,ENSG00000115414,ENSG00000115461,ENSG00000115468,ENSG00000115738,ENSG00000116678,ENSG00000117318,ENSG00000119042,ENSG00000119283,ENSG00000119403,ENSG00000119508,ENSG00000119699,ENSG00000120332,ENSG00000120659,ENSG00000120885,ENSG00000121075,ENSG00000121966,ENSG00000123610,ENSG00000123892,ENSG00000125538,ENSG00000125730,ENSG00000125848,ENSG00000125968,ENSG00000126458,ENSG00000126778,ENSG00000128052,ENSG00000128340,ENSG00000128606,ENSG00000129993,ENSG00000130164,ENSG00000130203,ENSG00000130529,ENSG00000130635,ENSG00000130700,ENSG00000131389,ENSG00000131634,ENSG00000132170,ENSG00000132386,ENSG00000132561,ENSG00000134013,ENSG00000134121,ENSG00000134532,ENSG00000135111,ENSG00000135253,ENSG00000135919,ENSG00000136160,ENSG00000136944,ENSG00000136997,ENSG00000137077,ENSG00000137463,ENSG00000137693,ENSG00000138083,ENSG00000138100,ENSG00000138795,ENSG00000139219,ENSG00000139352,ENSG00000139549,ENSG00000140285,ENSG00000140795,ENSG00000141337,ENSG00000142233,ENSG00000143320,ENSG00000143355,ENSG00000143382,ENSG00000143772,ENSG00000143816,ENSG00000143839,ENSG00000143869,ENSG00000143995,ENSG00000144476,ENSG00000144824,ENSG00000145920,ENSG00000147065,ENSG00000148053,ENSG00000150281,ENSG00000150457,ENSG00000150907,ENSG00000151615,ENSG00000152377,ENSG00000152661,ENSG00000152894,ENSG00000153029,ENSG00000153707,ENSG00000153993,ENSG00000154133,ENSG00000154175,ENSG00000154654,ENSG00000154928,ENSG00000155974,ENSG00000156042,ENSG00000156535,ENSG00000156687,ENSG00000157087,ENSG00000157404,ENSG00000157613,ENSG00000158156,ENSG00000160179,ENSG00000160223,ENSG00000160224,ENSG00000161681,ENSG00000162344,ENSG00000162576,ENSG00000162595,ENSG00000162614,ENSG00000162624,ENSG00000162670,ENSG00000162998,ENSG00000163273,ENSG00000163346,ENSG00000163394,ENSG00000163430,ENSG00000163513,ENSG00000164326,ENSG00000164342,ENSG00000164509,ENSG00000165197,ENSG00000165323,ENSG00000165643,ENSG00000165959,ENSG00000165973,ENSG00000166106,ENSG00000166292,ENSG00000166349,ENSG00000166825,ENSG00000166923,ENSG00000167767,ENSG00000168505,ENSG00000168539,ENSG00000168542,ENSG00000168843,ENSG00000168899,ENSG00000169245,ENSG00000169247,ENSG00000169860,ENSG00000170419,ENSG00000170442,ENSG00000170608,ENSG00000170775,ENSG00000170891,ENSG00000172201,ENSG00000172572,ENSG00000172638,ENSG00000173376,ENSG00000173805,ENSG00000173930,ENSG00000174672,ENSG00000175183,ENSG00000175505,ENSG00000177045,ENSG00000177706,ENSG00000178764,ENSG00000179242,ENSG00000180447,ENSG00000182636,ENSG00000182871,ENSG00000183779,ENSG00000184564,ENSG00000184613,ENSG00000185155,ENSG00000185345,ENSG00000185551,ENSG00000185650,ENSG00000185924,ENSG00000185955,ENSG00000186197,ENSG00000186367,ENSG00000186417,ENSG00000186487,ENSG00000186897,ENSG00000187098,ENSG00000187323,ENSG00000187634,ENSG00000188158,ENSG00000188162,ENSG00000188620,ENSG00000188816,ENSG00000189292,ENSG00000196092,ENSG00000196154,ENSG00000196277,ENSG00000196549,ENSG00000196562,ENSG00000197747,ENSG00000198121,ENSG00000198125,ENSG00000198523,ENSG00000198576,ENSG00000198719,ENSG00000198797,ENSG00000198959,ENSG00000198963,ENSG00000203883,ENSG00000204248,ENSG00000213694,ENSG00000214336,ENSG00000214960,ENSG00000215397,ENSG00000221866,ENSG00000232810,ENSG00000233608,ENSG00000243364,ENSG00000250366,ENSG00000266074,ENSG00000266524"
"GO:BP","vasculature development","GO:0001944","false","8.45145186574727e-12","11.073068677663356","596","726","86","13009","ENSG00000006071,ENSG00000011465,ENSG00000021645,ENSG00000054598,ENSG00000064300,ENSG00000064989,ENSG00000066468,ENSG00000069431,ENSG00000073756,ENSG00000078098,ENSG00000078401,ENSG00000091129,ENSG00000092421,ENSG00000104332,ENSG00000105329,ENSG00000106991,ENSG00000108691,ENSG00000108821,ENSG00000110195,ENSG00000110492,ENSG00000114251,ENSG00000115414,ENSG00000116678,ENSG00000117525,ENSG00000118503,ENSG00000120332,ENSG00000121075,ENSG00000121966,ENSG00000125538,ENSG00000125730,ENSG00000125968,ENSG00000126458,ENSG00000126778,ENSG00000128052,ENSG00000130164,ENSG00000130203,ENSG00000130635,ENSG00000131634,ENSG00000132170,ENSG00000132386,ENSG00000134013,ENSG00000135048,ENSG00000135111,ENSG00000137693,ENSG00000138772,ENSG00000138795,ENSG00000143995,ENSG00000144476,ENSG00000148053,ENSG00000150907,ENSG00000152104,ENSG00000154133,ENSG00000154928,ENSG00000157404,ENSG00000157613,ENSG00000163273,ENSG00000163513,ENSG00000164342,ENSG00000164692,ENSG00000165197,ENSG00000165757,ENSG00000166292,ENSG00000166825,ENSG00000166923,ENSG00000167664,ENSG00000168505,ENSG00000168542,ENSG00000169245,ENSG00000169429,ENSG00000169583,ENSG00000171812,ENSG00000171819,ENSG00000172638,ENSG00000173376,ENSG00000182871,ENSG00000185551,ENSG00000185650,ENSG00000186367,ENSG00000197496,ENSG00000198719,ENSG00000198959,ENSG00000203883,ENSG00000219438,ENSG00000232810,ENSG00000240583,ENSG00000255346"
"GO:BP","cell population proliferation","GO:0008283","false","8.883690057391465e-12","11.05140660193724","1474","726","157","13009","ENSG00000006016,ENSG00000006071,ENSG00000007171,ENSG00000009694,ENSG00000010671,ENSG00000012223,ENSG00000013364,ENSG00000018408,ENSG00000019991,ENSG00000041982,ENSG00000049249,ENSG00000054598,ENSG00000064300,ENSG00000064666,ENSG00000064989,ENSG00000066468,ENSG00000068079,ENSG00000069431,ENSG00000073756,ENSG00000077092,ENSG00000078098,ENSG00000078401,ENSG00000078579,ENSG00000085276,ENSG00000088002,ENSG00000090530,ENSG00000095303,ENSG00000100985,ENSG00000101955,ENSG00000102265,ENSG00000103490,ENSG00000104332,ENSG00000104951,ENSG00000105329,ENSG00000105880,ENSG00000106991,ENSG00000108691,ENSG00000108700,ENSG00000110492,ENSG00000110719,ENSG00000111087,ENSG00000112038,ENSG00000114200,ENSG00000114251,ENSG00000115353,ENSG00000115414,ENSG00000115461,ENSG00000115738,ENSG00000116678,ENSG00000117525,ENSG00000118292,ENSG00000118503,ENSG00000119508,ENSG00000119699,ENSG00000120332,ENSG00000120659,ENSG00000120885,ENSG00000123609,ENSG00000125384,ENSG00000125538,ENSG00000126778,ENSG00000127418,ENSG00000128052,ENSG00000128340,ENSG00000129993,ENSG00000130203,ENSG00000130303,ENSG00000130529,ENSG00000132170,ENSG00000132386,ENSG00000134013,ENSG00000134532,ENSG00000135111,ENSG00000135919,ENSG00000136160,ENSG00000136997,ENSG00000137693,ENSG00000138083,ENSG00000138795,ENSG00000139352,ENSG00000140285,ENSG00000143355,ENSG00000143772,ENSG00000143816,ENSG00000143995,ENSG00000144476,ENSG00000145623,ENSG00000147065,ENSG00000147869,ENSG00000148053,ENSG00000150281,ENSG00000150594,ENSG00000150907,ENSG00000152104,ENSG00000152661,ENSG00000152894,ENSG00000154175,ENSG00000154928,ENSG00000156535,ENSG00000157404,ENSG00000160013,ENSG00000160223,ENSG00000162105,ENSG00000162344,ENSG00000162998,ENSG00000163191,ENSG00000163273,ENSG00000163346,ENSG00000163513,ENSG00000164509,ENSG00000165197,ENSG00000165757,ENSG00000165959,ENSG00000165973,ENSG00000166923,ENSG00000167664,ENSG00000168071,ENSG00000168505,ENSG00000168539,ENSG00000168542,ENSG00000169245,ENSG00000169248,ENSG00000169429,ENSG00000170419,ENSG00000171631,ENSG00000171812,ENSG00000172201,ENSG00000172638,ENSG00000172987,ENSG00000174348,ENSG00000174807,ENSG00000175505,ENSG00000177045,ENSG00000181541,ENSG00000181744,ENSG00000182195,ENSG00000182871,ENSG00000183779,ENSG00000185291,ENSG00000185551,ENSG00000185650,ENSG00000186827,ENSG00000186897,ENSG00000187098,ENSG00000188816,ENSG00000196562,ENSG00000197712,ENSG00000198719,ENSG00000203883,ENSG00000204592,ENSG00000213694,ENSG00000219438,ENSG00000232810,ENSG00000240583,ENSG00000255346,ENSG00000271503,ENSG00000276644"
"GO:BP","animal organ development","GO:0048513","false","9.232818342902017e-12","11.034665709164967","2246","726","212","13009","ENSG00000001617,ENSG00000003137,ENSG00000006016,ENSG00000006611,ENSG00000011465,ENSG00000012223,ENSG00000018408,ENSG00000019991,ENSG00000021826,ENSG00000041982,ENSG00000054598,ENSG00000064300,ENSG00000064989,ENSG00000066468,ENSG00000067182,ENSG00000069431,ENSG00000073756,ENSG00000074527,ENSG00000074771,ENSG00000075213,ENSG00000075275,ENSG00000077092,ENSG00000078114,ENSG00000078401,ENSG00000078579,ENSG00000080573,ENSG00000083454,ENSG00000087116,ENSG00000090932,ENSG00000091409,ENSG00000092421,ENSG00000095587,ENSG00000095596,ENSG00000100985,ENSG00000101489,ENSG00000102265,ENSG00000103449,ENSG00000104327,ENSG00000104332,ENSG00000104826,ENSG00000105329,ENSG00000105427,ENSG00000105464,ENSG00000105880,ENSG00000106538,ENSG00000106991,ENSG00000108691,ENSG00000108821,ENSG00000110195,ENSG00000110492,ENSG00000110719,ENSG00000111087,ENSG00000111199,ENSG00000112137,ENSG00000112183,ENSG00000112893,ENSG00000113739,ENSG00000114251,ENSG00000115414,ENSG00000115461,ENSG00000115738,ENSG00000116183,ENSG00000116678,ENSG00000117318,ENSG00000117594,ENSG00000119042,ENSG00000119699,ENSG00000120332,ENSG00000120659,ENSG00000121075,ENSG00000121966,ENSG00000123610,ENSG00000124788,ENSG00000125538,ENSG00000125848,ENSG00000126562,ENSG00000126778,ENSG00000127418,ENSG00000128052,ENSG00000128606,ENSG00000129159,ENSG00000130529,ENSG00000130635,ENSG00000130700,ENSG00000130707,ENSG00000132170,ENSG00000132386,ENSG00000134013,ENSG00000134532,ENSG00000135111,ENSG00000135902,ENSG00000135919,ENSG00000136160,ENSG00000136997,ENSG00000137463,ENSG00000137693,ENSG00000138083,ENSG00000138162,ENSG00000138795,ENSG00000139219,ENSG00000139352,ENSG00000139549,ENSG00000140279,ENSG00000140285,ENSG00000140795,ENSG00000141337,ENSG00000143355,ENSG00000143816,ENSG00000143839,ENSG00000143869,ENSG00000143995,ENSG00000144824,ENSG00000147065,ENSG00000147869,ENSG00000148053,ENSG00000150281,ENSG00000150457,ENSG00000151615,ENSG00000152661,ENSG00000153993,ENSG00000154175,ENSG00000154928,ENSG00000156535,ENSG00000157404,ENSG00000159713,ENSG00000160111,ENSG00000160224,ENSG00000162344,ENSG00000162496,ENSG00000162624,ENSG00000162998,ENSG00000163273,ENSG00000163346,ENSG00000163359,ENSG00000163394,ENSG00000163513,ENSG00000164342,ENSG00000164692,ENSG00000164946,ENSG00000165323,ENSG00000165973,ENSG00000166292,ENSG00000166349,ENSG00000166923,ENSG00000167767,ENSG00000168505,ENSG00000168542,ENSG00000168899,ENSG00000169245,ENSG00000169429,ENSG00000170442,ENSG00000170891,ENSG00000171303,ENSG00000171812,ENSG00000171819,ENSG00000172201,ENSG00000172638,ENSG00000173068,ENSG00000173376,ENSG00000173805,ENSG00000174807,ENSG00000176884,ENSG00000177045,ENSG00000177301,ENSG00000177706,ENSG00000178764,ENSG00000179431,ENSG00000180772,ENSG00000181541,ENSG00000181744,ENSG00000182195,ENSG00000182492,ENSG00000182871,ENSG00000183779,ENSG00000184254,ENSG00000184564,ENSG00000185155,ENSG00000185551,ENSG00000185650,ENSG00000185924,ENSG00000186367,ENSG00000187098,ENSG00000187486,ENSG00000187634,ENSG00000188158,ENSG00000188162,ENSG00000188620,ENSG00000188816,ENSG00000196092,ENSG00000196154,ENSG00000196549,ENSG00000196562,ENSG00000197321,ENSG00000197496,ENSG00000197712,ENSG00000197971,ENSG00000198121,ENSG00000198125,ENSG00000198523,ENSG00000198626,ENSG00000198719,ENSG00000198959,ENSG00000198963,ENSG00000203883,ENSG00000204248,ENSG00000204335,ENSG00000214336,ENSG00000221866,ENSG00000232810,ENSG00000237412,ENSG00000240583,ENSG00000266524"
"GO:BP","regulation of multicellular organismal process","GO:0051239","false","2.5177210523135188e-11","10.598992388664934","2135","726","203","13009","ENSG00000001617,ENSG00000003137,ENSG00000006071,ENSG00000007171,ENSG00000010671,ENSG00000011465,ENSG00000012223,ENSG00000014257,ENSG00000018408,ENSG00000019991,ENSG00000048740,ENSG00000049249,ENSG00000053108,ENSG00000054598,ENSG00000064300,ENSG00000066468,ENSG00000067182,ENSG00000067798,ENSG00000069431,ENSG00000070404,ENSG00000073756,ENSG00000073792,ENSG00000074527,ENSG00000074966,ENSG00000077092,ENSG00000077238,ENSG00000078098,ENSG00000078401,ENSG00000078579,ENSG00000079841,ENSG00000080709,ENSG00000083454,ENSG00000088002,ENSG00000090932,ENSG00000091592,ENSG00000092421,ENSG00000100985,ENSG00000101000,ENSG00000101463,ENSG00000101489,ENSG00000102265,ENSG00000103490,ENSG00000104332,ENSG00000104518,ENSG00000104951,ENSG00000105329,ENSG00000105464,ENSG00000106991,ENSG00000108691,ENSG00000108771,ENSG00000108821,ENSG00000110492,ENSG00000111087,ENSG00000111199,ENSG00000111249,ENSG00000111348,ENSG00000112038,ENSG00000112164,ENSG00000112893,ENSG00000113739,ENSG00000114251,ENSG00000115353,ENSG00000115414,ENSG00000115461,ENSG00000115738,ENSG00000115896,ENSG00000116678,ENSG00000117525,ENSG00000118503,ENSG00000119508,ENSG00000119699,ENSG00000120332,ENSG00000120659,ENSG00000120885,ENSG00000121966,ENSG00000123609,ENSG00000123610,ENSG00000125538,ENSG00000125730,ENSG00000125848,ENSG00000125968,ENSG00000126458,ENSG00000126562,ENSG00000126778,ENSG00000128052,ENSG00000128340,ENSG00000128606,ENSG00000130164,ENSG00000130203,ENSG00000130303,ENSG00000130529,ENSG00000130700,ENSG00000132170,ENSG00000132386,ENSG00000134013,ENSG00000134532,ENSG00000135048,ENSG00000135111,ENSG00000135919,ENSG00000135926,ENSG00000136160,ENSG00000136997,ENSG00000137077,ENSG00000137693,ENSG00000138772,ENSG00000138795,ENSG00000139329,ENSG00000139352,ENSG00000140285,ENSG00000141668,ENSG00000143320,ENSG00000143772,ENSG00000143816,ENSG00000143839,ENSG00000143995,ENSG00000144824,ENSG00000146006,ENSG00000148053,ENSG00000149131,ENSG00000150457,ENSG00000150594,ENSG00000150907,ENSG00000151615,ENSG00000152049,ENSG00000152661,ENSG00000153707,ENSG00000154175,ENSG00000154928,ENSG00000156535,ENSG00000157087,ENSG00000157404,ENSG00000157613,ENSG00000158022,ENSG00000159674,ENSG00000160223,ENSG00000160224,ENSG00000161681,ENSG00000162496,ENSG00000162951,ENSG00000162998,ENSG00000163273,ENSG00000163377,ENSG00000163513,ENSG00000164326,ENSG00000164342,ENSG00000164509,ENSG00000165757,ENSG00000165895,ENSG00000165973,ENSG00000165995,ENSG00000166292,ENSG00000166349,ENSG00000166923,ENSG00000167664,ENSG00000168071,ENSG00000168505,ENSG00000169245,ENSG00000169427,ENSG00000169429,ENSG00000169583,ENSG00000169860,ENSG00000169871,ENSG00000171819,ENSG00000172201,ENSG00000172247,ENSG00000172572,ENSG00000173805,ENSG00000175505,ENSG00000176884,ENSG00000177301,ENSG00000177706,ENSG00000179242,ENSG00000179546,ENSG00000179954,ENSG00000180772,ENSG00000181072,ENSG00000183779,ENSG00000184564,ENSG00000185650,ENSG00000186827,ENSG00000187098,ENSG00000187323,ENSG00000188282,ENSG00000196549,ENSG00000196562,ENSG00000196664,ENSG00000197496,ENSG00000197747,ENSG00000197971,ENSG00000198523,ENSG00000198626,ENSG00000198719,ENSG00000198959,ENSG00000204592,ENSG00000213171,ENSG00000213694,ENSG00000219438,ENSG00000232810,ENSG00000240583,ENSG00000255346,ENSG00000255690,ENSG00000266524,ENSG00000271503"
"GO:BP","cell motility","GO:0048870","false","5.485840239575663e-11","10.260756844212533","1356","726","146","13009","ENSG00000001617,ENSG00000002586,ENSG00000006071,ENSG00000011465,ENSG00000019991,ENSG00000038427,ENSG00000041982,ENSG00000054598,ENSG00000064300,ENSG00000064666,ENSG00000067798,ENSG00000073756,ENSG00000074527,ENSG00000075213,ENSG00000075275,ENSG00000078098,ENSG00000078401,ENSG00000078579,ENSG00000081041,ENSG00000083857,ENSG00000091129,ENSG00000091409,ENSG00000092421,ENSG00000100979,ENSG00000100985,ENSG00000102265,ENSG00000103490,ENSG00000104332,ENSG00000104892,ENSG00000105329,ENSG00000106538,ENSG00000106991,ENSG00000108688,ENSG00000108691,ENSG00000108700,ENSG00000108821,ENSG00000110195,ENSG00000110492,ENSG00000111087,ENSG00000111199,ENSG00000111348,ENSG00000112137,ENSG00000112530,ENSG00000114251,ENSG00000115353,ENSG00000115414,ENSG00000115461,ENSG00000117525,ENSG00000118503,ENSG00000119042,ENSG00000119508,ENSG00000120332,ENSG00000120659,ENSG00000121966,ENSG00000123610,ENSG00000125538,ENSG00000125848,ENSG00000125968,ENSG00000126458,ENSG00000126778,ENSG00000128052,ENSG00000128340,ENSG00000129422,ENSG00000130203,ENSG00000130303,ENSG00000130529,ENSG00000130635,ENSG00000132170,ENSG00000132386,ENSG00000132561,ENSG00000134013,ENSG00000134121,ENSG00000135919,ENSG00000136160,ENSG00000137077,ENSG00000138083,ENSG00000138772,ENSG00000138795,ENSG00000139352,ENSG00000140279,ENSG00000140285,ENSG00000144476,ENSG00000144824,ENSG00000146376,ENSG00000147065,ENSG00000147869,ENSG00000148053,ENSG00000150594,ENSG00000151023,ENSG00000152377,ENSG00000152661,ENSG00000152894,ENSG00000153993,ENSG00000154133,ENSG00000154928,ENSG00000155849,ENSG00000156042,ENSG00000156687,ENSG00000157404,ENSG00000160224,ENSG00000162344,ENSG00000162614,ENSG00000163191,ENSG00000163346,ENSG00000163377,ENSG00000163394,ENSG00000163430,ENSG00000163513,ENSG00000165197,ENSG00000165323,ENSG00000165757,ENSG00000166923,ENSG00000168505,ENSG00000168542,ENSG00000169245,ENSG00000169248,ENSG00000169429,ENSG00000169860,ENSG00000173376,ENSG00000174348,ENSG00000174807,ENSG00000177469,ENSG00000179242,ENSG00000179399,ENSG00000180772,ENSG00000182636,ENSG00000183098,ENSG00000183779,ENSG00000185155,ENSG00000185551,ENSG00000187098,ENSG00000187323,ENSG00000197712,ENSG00000198121,ENSG00000198576,ENSG00000198915,ENSG00000203883,ENSG00000204711,ENSG00000215397,ENSG00000221866,ENSG00000232810,ENSG00000233608,ENSG00000240583,ENSG00000271447,ENSG00000271503,ENSG00000276644"
"GO:BP","animal organ morphogenesis","GO:0009887","false","9.564634204671768e-11","10.019331634725063","747","726","97","13009","ENSG00000003137,ENSG00000006611,ENSG00000011465,ENSG00000012223,ENSG00000018408,ENSG00000019991,ENSG00000041982,ENSG00000054598,ENSG00000064300,ENSG00000066468,ENSG00000069431,ENSG00000074527,ENSG00000075275,ENSG00000077092,ENSG00000078401,ENSG00000091409,ENSG00000092421,ENSG00000103449,ENSG00000104327,ENSG00000104332,ENSG00000105329,ENSG00000105880,ENSG00000106991,ENSG00000108691,ENSG00000108821,ENSG00000110195,ENSG00000110719,ENSG00000111087,ENSG00000111199,ENSG00000112893,ENSG00000114251,ENSG00000115461,ENSG00000115738,ENSG00000116183,ENSG00000117318,ENSG00000119042,ENSG00000119699,ENSG00000120659,ENSG00000121075,ENSG00000126562,ENSG00000126778,ENSG00000127418,ENSG00000128052,ENSG00000130635,ENSG00000130700,ENSG00000134532,ENSG00000135111,ENSG00000136997,ENSG00000137693,ENSG00000138083,ENSG00000138795,ENSG00000139219,ENSG00000140279,ENSG00000140285,ENSG00000143355,ENSG00000143816,ENSG00000143869,ENSG00000143995,ENSG00000147065,ENSG00000147869,ENSG00000148053,ENSG00000154928,ENSG00000162496,ENSG00000162998,ENSG00000163273,ENSG00000163513,ENSG00000164692,ENSG00000164946,ENSG00000165323,ENSG00000166292,ENSG00000166923,ENSG00000168505,ENSG00000168542,ENSG00000171812,ENSG00000172201,ENSG00000172638,ENSG00000177706,ENSG00000178764,ENSG00000179431,ENSG00000180772,ENSG00000182871,ENSG00000184254,ENSG00000184564,ENSG00000187634,ENSG00000188620,ENSG00000188816,ENSG00000196092,ENSG00000198626,ENSG00000198719,ENSG00000198959,ENSG00000198963,ENSG00000203883,ENSG00000204248,ENSG00000204335,ENSG00000214336,ENSG00000232810,ENSG00000240583"
"GO:BP","regulation of developmental process","GO:0050793","false","1.2912543429356333e-10","9.888988204787088","1894","726","184","13009","ENSG00000001617,ENSG00000002746,ENSG00000003137,ENSG00000006071,ENSG00000010671,ENSG00000011465,ENSG00000012223,ENSG00000018408,ENSG00000019991,ENSG00000021300,ENSG00000048540,ENSG00000053108,ENSG00000054598,ENSG00000064300,ENSG00000066468,ENSG00000067182,ENSG00000070404,ENSG00000073756,ENSG00000074527,ENSG00000075213,ENSG00000077092,ENSG00000077238,ENSG00000078401,ENSG00000078579,ENSG00000079841,ENSG00000082397,ENSG00000083454,ENSG00000088002,ENSG00000090932,ENSG00000091129,ENSG00000092421,ENSG00000095587,ENSG00000099260,ENSG00000099953,ENSG00000100985,ENSG00000101463,ENSG00000101489,ENSG00000103528,ENSG00000104332,ENSG00000104951,ENSG00000105329,ENSG00000106538,ENSG00000106991,ENSG00000108688,ENSG00000108691,ENSG00000108821,ENSG00000110492,ENSG00000110719,ENSG00000111087,ENSG00000111199,ENSG00000111249,ENSG00000112038,ENSG00000112183,ENSG00000112893,ENSG00000113739,ENSG00000114251,ENSG00000115414,ENSG00000115461,ENSG00000115738,ENSG00000117318,ENSG00000117525,ENSG00000118503,ENSG00000119699,ENSG00000120332,ENSG00000120659,ENSG00000121966,ENSG00000123610,ENSG00000125538,ENSG00000125730,ENSG00000125848,ENSG00000126458,ENSG00000126778,ENSG00000128052,ENSG00000128340,ENSG00000128606,ENSG00000130164,ENSG00000130203,ENSG00000130529,ENSG00000130635,ENSG00000130700,ENSG00000131389,ENSG00000132170,ENSG00000132386,ENSG00000134013,ENSG00000134532,ENSG00000135048,ENSG00000135111,ENSG00000135919,ENSG00000135926,ENSG00000136160,ENSG00000136997,ENSG00000137463,ENSG00000137693,ENSG00000138083,ENSG00000138772,ENSG00000138795,ENSG00000139352,ENSG00000140285,ENSG00000140795,ENSG00000141668,ENSG00000142279,ENSG00000143320,ENSG00000143772,ENSG00000143816,ENSG00000143869,ENSG00000143995,ENSG00000144824,ENSG00000146006,ENSG00000146376,ENSG00000147065,ENSG00000147869,ENSG00000148053,ENSG00000150457,ENSG00000150907,ENSG00000151615,ENSG00000152661,ENSG00000153707,ENSG00000154175,ENSG00000154928,ENSG00000155974,ENSG00000156535,ENSG00000157404,ENSG00000157613,ENSG00000158156,ENSG00000160179,ENSG00000161681,ENSG00000162670,ENSG00000162951,ENSG00000162998,ENSG00000163273,ENSG00000163513,ENSG00000164326,ENSG00000164342,ENSG00000165323,ENSG00000165757,ENSG00000165973,ENSG00000166292,ENSG00000166349,ENSG00000166923,ENSG00000167664,ENSG00000168505,ENSG00000169245,ENSG00000169429,ENSG00000169583,ENSG00000169860,ENSG00000170419,ENSG00000171819,ENSG00000172201,ENSG00000172572,ENSG00000172638,ENSG00000173805,ENSG00000174672,ENSG00000175505,ENSG00000176293,ENSG00000177706,ENSG00000178764,ENSG00000179242,ENSG00000180772,ENSG00000183779,ENSG00000184564,ENSG00000185155,ENSG00000185345,ENSG00000185650,ENSG00000185924,ENSG00000186897,ENSG00000187098,ENSG00000187323,ENSG00000196549,ENSG00000197747,ENSG00000198121,ENSG00000198576,ENSG00000198719,ENSG00000198797,ENSG00000198959,ENSG00000198963,ENSG00000213171,ENSG00000213694,ENSG00000219438,ENSG00000221866,ENSG00000232810,ENSG00000233608,ENSG00000240583,ENSG00000250366,ENSG00000266524"
"GO:BP","system process","GO:0003008","false","1.2948203713915575e-10","9.887790476466447","1343","726","144","13009","ENSG00000006071,ENSG00000006611,ENSG00000007171,ENSG00000014257,ENSG00000018408,ENSG00000021645,ENSG00000021826,ENSG00000048740,ENSG00000054598,ENSG00000067182,ENSG00000069431,ENSG00000073756,ENSG00000078401,ENSG00000079841,ENSG00000080709,ENSG00000083454,ENSG00000086717,ENSG00000091129,ENSG00000095303,ENSG00000101489,ENSG00000103316,ENSG00000104327,ENSG00000105329,ENSG00000105464,ENSG00000106991,ENSG00000108691,ENSG00000108821,ENSG00000109956,ENSG00000110492,ENSG00000111199,ENSG00000111249,ENSG00000112038,ENSG00000112164,ENSG00000114200,ENSG00000115353,ENSG00000115461,ENSG00000115738,ENSG00000116678,ENSG00000119508,ENSG00000122679,ENSG00000124788,ENSG00000125538,ENSG00000126562,ENSG00000126778,ENSG00000130164,ENSG00000130203,ENSG00000130529,ENSG00000130700,ENSG00000131389,ENSG00000132170,ENSG00000132386,ENSG00000134121,ENSG00000135111,ENSG00000135902,ENSG00000135919,ENSG00000136160,ENSG00000136546,ENSG00000137331,ENSG00000137491,ENSG00000137693,ENSG00000138083,ENSG00000138119,ENSG00000138795,ENSG00000139155,ENSG00000139219,ENSG00000139329,ENSG00000139352,ENSG00000140675,ENSG00000143839,ENSG00000144488,ENSG00000144596,ENSG00000145451,ENSG00000147606,ENSG00000148053,ENSG00000149131,ENSG00000149488,ENSG00000150594,ENSG00000150907,ENSG00000151615,ENSG00000152049,ENSG00000152661,ENSG00000154928,ENSG00000155886,ENSG00000155897,ENSG00000157087,ENSG00000157103,ENSG00000157404,ENSG00000158022,ENSG00000160349,ENSG00000161681,ENSG00000162105,ENSG00000162496,ENSG00000163273,ENSG00000163377,ENSG00000164326,ENSG00000164692,ENSG00000165895,ENSG00000165995,ENSG00000166292,ENSG00000166349,ENSG00000166825,ENSG00000166862,ENSG00000166863,ENSG00000168539,ENSG00000169245,ENSG00000169427,ENSG00000169860,ENSG00000171303,ENSG00000171551,ENSG00000172572,ENSG00000173662,ENSG00000176884,ENSG00000177301,ENSG00000179546,ENSG00000180772,ENSG00000181072,ENSG00000181656,ENSG00000182636,ENSG00000182871,ENSG00000183853,ENSG00000184254,ENSG00000184564,ENSG00000185101,ENSG00000185345,ENSG00000185551,ENSG00000186367,ENSG00000187486,ENSG00000188162,ENSG00000188620,ENSG00000196277,ENSG00000196549,ENSG00000196562,ENSG00000197496,ENSG00000197971,ENSG00000198515,ENSG00000198523,ENSG00000198576,ENSG00000198626,ENSG00000198719,ENSG00000198963,ENSG00000203797,ENSG00000204248,ENSG00000232810,ENSG00000240583"
"GO:BP","blood vessel development","GO:0001568","false","1.3841591274406128e-10","9.858813979101244","568","726","81","13009","ENSG00000006071,ENSG00000011465,ENSG00000021645,ENSG00000054598,ENSG00000064300,ENSG00000064989,ENSG00000066468,ENSG00000069431,ENSG00000073756,ENSG00000078098,ENSG00000078401,ENSG00000091129,ENSG00000092421,ENSG00000104332,ENSG00000105329,ENSG00000106991,ENSG00000108691,ENSG00000108821,ENSG00000110195,ENSG00000110492,ENSG00000114251,ENSG00000115414,ENSG00000116678,ENSG00000117525,ENSG00000118503,ENSG00000120332,ENSG00000121075,ENSG00000125538,ENSG00000125730,ENSG00000125968,ENSG00000126458,ENSG00000126778,ENSG00000128052,ENSG00000130164,ENSG00000130203,ENSG00000130635,ENSG00000132170,ENSG00000132386,ENSG00000134013,ENSG00000135048,ENSG00000135111,ENSG00000137693,ENSG00000138772,ENSG00000138795,ENSG00000143995,ENSG00000144476,ENSG00000148053,ENSG00000150907,ENSG00000154133,ENSG00000154928,ENSG00000157613,ENSG00000163273,ENSG00000163513,ENSG00000164342,ENSG00000164692,ENSG00000165197,ENSG00000165757,ENSG00000166292,ENSG00000166825,ENSG00000166923,ENSG00000167664,ENSG00000168505,ENSG00000168542,ENSG00000169245,ENSG00000169429,ENSG00000169583,ENSG00000171812,ENSG00000172638,ENSG00000173376,ENSG00000182871,ENSG00000185551,ENSG00000185650,ENSG00000186367,ENSG00000197496,ENSG00000198719,ENSG00000198959,ENSG00000203883,ENSG00000219438,ENSG00000232810,ENSG00000240583,ENSG00000255346"
"GO:BP","blood vessel morphogenesis","GO:0048514","false","1.59165561432587e-10","9.798150894498715","493","726","74","13009","ENSG00000006071,ENSG00000011465,ENSG00000021645,ENSG00000054598,ENSG00000064300,ENSG00000064989,ENSG00000066468,ENSG00000073756,ENSG00000078098,ENSG00000078401,ENSG00000091129,ENSG00000092421,ENSG00000104332,ENSG00000105329,ENSG00000106991,ENSG00000108691,ENSG00000110195,ENSG00000110492,ENSG00000114251,ENSG00000115414,ENSG00000116678,ENSG00000117525,ENSG00000118503,ENSG00000120332,ENSG00000121075,ENSG00000125538,ENSG00000125730,ENSG00000125968,ENSG00000126458,ENSG00000126778,ENSG00000128052,ENSG00000130164,ENSG00000130203,ENSG00000132170,ENSG00000132386,ENSG00000134013,ENSG00000135048,ENSG00000137693,ENSG00000138772,ENSG00000138795,ENSG00000143995,ENSG00000144476,ENSG00000148053,ENSG00000154133,ENSG00000154928,ENSG00000157613,ENSG00000163273,ENSG00000163513,ENSG00000164342,ENSG00000165197,ENSG00000165757,ENSG00000166292,ENSG00000166825,ENSG00000166923,ENSG00000167664,ENSG00000168505,ENSG00000168542,ENSG00000169245,ENSG00000169429,ENSG00000169583,ENSG00000171812,ENSG00000172638,ENSG00000173376,ENSG00000182871,ENSG00000185551,ENSG00000185650,ENSG00000186367,ENSG00000198719,ENSG00000198959,ENSG00000203883,ENSG00000219438,ENSG00000232810,ENSG00000240583,ENSG00000255346"
"GO:BP","tissue development","GO:0009888","false","3.1292767176182655e-10","9.504556031094472","1465","726","152","13009","ENSG00000001617,ENSG00000003137,ENSG00000006016,ENSG00000006611,ENSG00000010671,ENSG00000012223,ENSG00000018408,ENSG00000019991,ENSG00000021826,ENSG00000041982,ENSG00000054598,ENSG00000064300,ENSG00000066468,ENSG00000067182,ENSG00000069431,ENSG00000073756,ENSG00000074527,ENSG00000075213,ENSG00000075275,ENSG00000077092,ENSG00000078114,ENSG00000078401,ENSG00000078579,ENSG00000088002,ENSG00000090932,ENSG00000091409,ENSG00000092421,ENSG00000095587,ENSG00000100985,ENSG00000102265,ENSG00000102996,ENSG00000103449,ENSG00000104327,ENSG00000104332,ENSG00000105329,ENSG00000105427,ENSG00000105880,ENSG00000106484,ENSG00000106991,ENSG00000108821,ENSG00000110195,ENSG00000110492,ENSG00000110719,ENSG00000111087,ENSG00000111199,ENSG00000112183,ENSG00000113739,ENSG00000114251,ENSG00000115414,ENSG00000115461,ENSG00000115738,ENSG00000117318,ENSG00000118292,ENSG00000119042,ENSG00000119699,ENSG00000120332,ENSG00000120659,ENSG00000121075,ENSG00000125538,ENSG00000125730,ENSG00000125848,ENSG00000126562,ENSG00000126778,ENSG00000128052,ENSG00000128606,ENSG00000130529,ENSG00000130635,ENSG00000130700,ENSG00000132170,ENSG00000134013,ENSG00000134532,ENSG00000135111,ENSG00000135902,ENSG00000135919,ENSG00000136160,ENSG00000136997,ENSG00000137693,ENSG00000138083,ENSG00000138795,ENSG00000139219,ENSG00000139352,ENSG00000140279,ENSG00000140285,ENSG00000140795,ENSG00000143320,ENSG00000143382,ENSG00000143816,ENSG00000143869,ENSG00000144824,ENSG00000147065,ENSG00000147869,ENSG00000150457,ENSG00000151615,ENSG00000152661,ENSG00000153993,ENSG00000154133,ENSG00000154928,ENSG00000156535,ENSG00000159713,ENSG00000160224,ENSG00000162344,ENSG00000162998,ENSG00000163273,ENSG00000163346,ENSG00000163430,ENSG00000163513,ENSG00000164509,ENSG00000164692,ENSG00000165973,ENSG00000166292,ENSG00000166923,ENSG00000167767,ENSG00000168505,ENSG00000168542,ENSG00000168899,ENSG00000169245,ENSG00000170442,ENSG00000170891,ENSG00000172201,ENSG00000172638,ENSG00000173068,ENSG00000174672,ENSG00000175183,ENSG00000177706,ENSG00000180772,ENSG00000181744,ENSG00000182492,ENSG00000182871,ENSG00000183779,ENSG00000184254,ENSG00000184564,ENSG00000185155,ENSG00000185551,ENSG00000185650,ENSG00000186367,ENSG00000187486,ENSG00000196092,ENSG00000196154,ENSG00000196562,ENSG00000197321,ENSG00000198523,ENSG00000198576,ENSG00000198626,ENSG00000198719,ENSG00000198959,ENSG00000203883,ENSG00000204248,ENSG00000213694,ENSG00000214336,ENSG00000221866,ENSG00000232810,ENSG00000240583"
"GO:BP","locomotion","GO:0040011","false","5.242804647588357e-10","9.280436324253664","913","726","109","13009","ENSG00000001617,ENSG00000002586,ENSG00000006071,ENSG00000011465,ENSG00000019991,ENSG00000041982,ENSG00000064300,ENSG00000064666,ENSG00000067798,ENSG00000073756,ENSG00000075213,ENSG00000075651,ENSG00000078401,ENSG00000078579,ENSG00000081041,ENSG00000091409,ENSG00000092421,ENSG00000100985,ENSG00000102265,ENSG00000103490,ENSG00000104332,ENSG00000105329,ENSG00000106538,ENSG00000106991,ENSG00000108688,ENSG00000108691,ENSG00000108700,ENSG00000108821,ENSG00000110492,ENSG00000111087,ENSG00000111199,ENSG00000111348,ENSG00000112137,ENSG00000114251,ENSG00000115353,ENSG00000115414,ENSG00000115461,ENSG00000117525,ENSG00000119508,ENSG00000120332,ENSG00000120659,ENSG00000121966,ENSG00000123610,ENSG00000125538,ENSG00000125848,ENSG00000126458,ENSG00000128052,ENSG00000128340,ENSG00000129422,ENSG00000130203,ENSG00000130303,ENSG00000130529,ENSG00000132170,ENSG00000132386,ENSG00000135919,ENSG00000136160,ENSG00000137077,ENSG00000138772,ENSG00000138795,ENSG00000140279,ENSG00000140285,ENSG00000144476,ENSG00000144824,ENSG00000146376,ENSG00000147065,ENSG00000150594,ENSG00000151615,ENSG00000152661,ENSG00000152894,ENSG00000153993,ENSG00000154133,ENSG00000154928,ENSG00000156687,ENSG00000157404,ENSG00000160224,ENSG00000162344,ENSG00000162614,ENSG00000163191,ENSG00000163273,ENSG00000163377,ENSG00000163513,ENSG00000165197,ENSG00000165757,ENSG00000166923,ENSG00000168539,ENSG00000168542,ENSG00000169245,ENSG00000169248,ENSG00000169429,ENSG00000170775,ENSG00000174348,ENSG00000177469,ENSG00000179546,ENSG00000180720,ENSG00000180772,ENSG00000183779,ENSG00000185551,ENSG00000187098,ENSG00000196154,ENSG00000198121,ENSG00000198797,ENSG00000215397,ENSG00000221866,ENSG00000232810,ENSG00000233608,ENSG00000240583,ENSG00000271447,ENSG00000271503,ENSG00000276644"
"GO:BP","cell surface receptor signaling pathway","GO:0007166","false","2.1019482706291793e-9","8.67737797625104","2079","726","193","13009","ENSG00000001617,ENSG00000002746,ENSG00000006016,ENSG00000007171,ENSG00000010671,ENSG00000011465,ENSG00000012223,ENSG00000013364,ENSG00000013588,ENSG00000014257,ENSG00000018408,ENSG00000019991,ENSG00000023445,ENSG00000049323,ENSG00000053108,ENSG00000054598,ENSG00000056558,ENSG00000064300,ENSG00000064989,ENSG00000066468,ENSG00000067182,ENSG00000068079,ENSG00000070404,ENSG00000074966,ENSG00000075213,ENSG00000075275,ENSG00000077238,ENSG00000078401,ENSG00000078579,ENSG00000079841,ENSG00000083454,ENSG00000090932,ENSG00000091409,ENSG00000092421,ENSG00000100985,ENSG00000101282,ENSG00000101489,ENSG00000101955,ENSG00000102265,ENSG00000103154,ENSG00000103449,ENSG00000103490,ENSG00000104213,ENSG00000104332,ENSG00000105329,ENSG00000105464,ENSG00000105880,ENSG00000106538,ENSG00000106991,ENSG00000108688,ENSG00000108691,ENSG00000108700,ENSG00000108821,ENSG00000110169,ENSG00000110195,ENSG00000110492,ENSG00000111087,ENSG00000111249,ENSG00000112164,ENSG00000112541,ENSG00000113763,ENSG00000114251,ENSG00000115414,ENSG00000115461,ENSG00000116183,ENSG00000116678,ENSG00000117525,ENSG00000118503,ENSG00000119508,ENSG00000119699,ENSG00000120332,ENSG00000120659,ENSG00000121966,ENSG00000123146,ENSG00000123609,ENSG00000123610,ENSG00000125538,ENSG00000125730,ENSG00000125848,ENSG00000125968,ENSG00000126778,ENSG00000127418,ENSG00000128052,ENSG00000130203,ENSG00000130529,ENSG00000130700,ENSG00000131634,ENSG00000132170,ENSG00000132256,ENSG00000135253,ENSG00000135902,ENSG00000135919,ENSG00000135926,ENSG00000136160,ENSG00000137077,ENSG00000137693,ENSG00000138795,ENSG00000139219,ENSG00000139352,ENSG00000139549,ENSG00000140279,ENSG00000140285,ENSG00000142089,ENSG00000143772,ENSG00000143816,ENSG00000143869,ENSG00000144476,ENSG00000144596,ENSG00000145451,ENSG00000145623,ENSG00000147255,ENSG00000147869,ENSG00000148053,ENSG00000149212,ENSG00000150281,ENSG00000150457,ENSG00000150594,ENSG00000150907,ENSG00000152284,ENSG00000152894,ENSG00000153294,ENSG00000153707,ENSG00000153993,ENSG00000154928,ENSG00000156535,ENSG00000156687,ENSG00000157110,ENSG00000157404,ENSG00000157613,ENSG00000160013,ENSG00000160223,ENSG00000161681,ENSG00000162344,ENSG00000162894,ENSG00000162998,ENSG00000163273,ENSG00000163346,ENSG00000163430,ENSG00000163513,ENSG00000163637,ENSG00000164082,ENSG00000164342,ENSG00000164509,ENSG00000164692,ENSG00000165197,ENSG00000165757,ENSG00000166292,ENSG00000166923,ENSG00000168542,ENSG00000168843,ENSG00000169245,ENSG00000169247,ENSG00000169248,ENSG00000169860,ENSG00000169871,ENSG00000169891,ENSG00000171631,ENSG00000172247,ENSG00000173040,ENSG00000173567,ENSG00000173805,ENSG00000175505,ENSG00000176884,ENSG00000177374,ENSG00000177706,ENSG00000179399,ENSG00000180447,ENSG00000180720,ENSG00000180772,ENSG00000180875,ENSG00000182636,ENSG00000182771,ENSG00000183779,ENSG00000185201,ENSG00000185291,ENSG00000185345,ENSG00000186827,ENSG00000187098,ENSG00000189292,ENSG00000196277,ENSG00000196562,ENSG00000197496,ENSG00000198523,ENSG00000198719,ENSG00000198768,ENSG00000213694,ENSG00000215397,ENSG00000221866,ENSG00000232810,ENSG00000243364,ENSG00000255690,ENSG00000266524,ENSG00000271503"
"GO:BP","nervous system development","GO:0007399","false","3.295420511770182e-9","8.482089159434496","2147","726","197","13009","ENSG00000001617,ENSG00000002746,ENSG00000003137,ENSG00000006071,ENSG00000006611,ENSG00000009694,ENSG00000021645,ENSG00000038427,ENSG00000041982,ENSG00000053108,ENSG00000054598,ENSG00000064300,ENSG00000066468,ENSG00000067798,ENSG00000073792,ENSG00000074527,ENSG00000075213,ENSG00000075275,ENSG00000077092,ENSG00000078401,ENSG00000078579,ENSG00000079841,ENSG00000080854,ENSG00000082397,ENSG00000083454,ENSG00000090932,ENSG00000091129,ENSG00000091409,ENSG00000092421,ENSG00000095596,ENSG00000095713,ENSG00000100095,ENSG00000101463,ENSG00000103449,ENSG00000103528,ENSG00000104332,ENSG00000105329,ENSG00000105464,ENSG00000105880,ENSG00000107282,ENSG00000108231,ENSG00000108691,ENSG00000109851,ENSG00000110195,ENSG00000110492,ENSG00000110719,ENSG00000111087,ENSG00000111199,ENSG00000111249,ENSG00000112038,ENSG00000112137,ENSG00000112893,ENSG00000113763,ENSG00000114200,ENSG00000114251,ENSG00000115414,ENSG00000115468,ENSG00000115738,ENSG00000116678,ENSG00000117318,ENSG00000119042,ENSG00000119283,ENSG00000120332,ENSG00000120885,ENSG00000121904,ENSG00000121966,ENSG00000124788,ENSG00000125538,ENSG00000125730,ENSG00000125848,ENSG00000125851,ENSG00000125968,ENSG00000126458,ENSG00000126778,ENSG00000128594,ENSG00000129159,ENSG00000130164,ENSG00000130203,ENSG00000132170,ENSG00000132386,ENSG00000132561,ENSG00000134121,ENSG00000134508,ENSG00000134532,ENSG00000135111,ENSG00000135919,ENSG00000136160,ENSG00000136944,ENSG00000137463,ENSG00000137693,ENSG00000138083,ENSG00000138162,ENSG00000138650,ENSG00000138795,ENSG00000139219,ENSG00000139352,ENSG00000139549,ENSG00000140279,ENSG00000140285,ENSG00000141337,ENSG00000141668,ENSG00000142233,ENSG00000143320,ENSG00000143355,ENSG00000143816,ENSG00000143869,ENSG00000143995,ENSG00000144476,ENSG00000145920,ENSG00000146006,ENSG00000147869,ENSG00000148053,ENSG00000150281,ENSG00000151615,ENSG00000152377,ENSG00000152894,ENSG00000153707,ENSG00000153993,ENSG00000154133,ENSG00000154654,ENSG00000154928,ENSG00000155974,ENSG00000156687,ENSG00000157087,ENSG00000157404,ENSG00000161681,ENSG00000162105,ENSG00000162344,ENSG00000162576,ENSG00000162614,ENSG00000162624,ENSG00000162670,ENSG00000162951,ENSG00000163394,ENSG00000163513,ENSG00000165197,ENSG00000165323,ENSG00000165959,ENSG00000165973,ENSG00000166206,ENSG00000168505,ENSG00000168539,ENSG00000168542,ENSG00000169247,ENSG00000169860,ENSG00000170775,ENSG00000172201,ENSG00000173376,ENSG00000173805,ENSG00000174672,ENSG00000175505,ENSG00000176884,ENSG00000177301,ENSG00000178764,ENSG00000179242,ENSG00000180772,ENSG00000181072,ENSG00000181541,ENSG00000182636,ENSG00000184254,ENSG00000184564,ENSG00000184613,ENSG00000185345,ENSG00000185551,ENSG00000185650,ENSG00000185924,ENSG00000186367,ENSG00000186417,ENSG00000186487,ENSG00000187323,ENSG00000187634,ENSG00000188162,ENSG00000188620,ENSG00000188816,ENSG00000189292,ENSG00000196092,ENSG00000196277,ENSG00000196549,ENSG00000196562,ENSG00000197747,ENSG00000197971,ENSG00000198121,ENSG00000198576,ENSG00000198719,ENSG00000198797,ENSG00000198959,ENSG00000198963,ENSG00000213171,ENSG00000214960,ENSG00000215397,ENSG00000221866,ENSG00000232810,ENSG00000240583,ENSG00000243364,ENSG00000250366,ENSG00000266074,ENSG00000266524"
"GO:BP","response to stimulus","GO:0050896","false","3.5584294144603607e-9","8.448741644482103","6290","726","448","13009","ENSG00000000971,ENSG00000001617,ENSG00000002746,ENSG00000003137,ENSG00000006016,ENSG00000006071,ENSG00000006534,ENSG00000007171,ENSG00000008118,ENSG00000008394,ENSG00000009694,ENSG00000010671,ENSG00000011465,ENSG00000012223,ENSG00000013364,ENSG00000013588,ENSG00000014257,ENSG00000018408,ENSG00000019991,ENSG00000021300,ENSG00000021645,ENSG00000021826,ENSG00000023445,ENSG00000041982,ENSG00000042286,ENSG00000048540,ENSG00000049323,ENSG00000053108,ENSG00000054598,ENSG00000056558,ENSG00000064300,ENSG00000064666,ENSG00000064989,ENSG00000066468,ENSG00000067182,ENSG00000068079,ENSG00000069431,ENSG00000070404,ENSG00000070540,ENSG00000070601,ENSG00000071967,ENSG00000073331,ENSG00000073756,ENSG00000074771,ENSG00000074966,ENSG00000075213,ENSG00000075275,ENSG00000075651,ENSG00000076944,ENSG00000077092,ENSG00000077238,ENSG00000078098,ENSG00000078401,ENSG00000078579,ENSG00000079841,ENSG00000081041,ENSG00000083454,ENSG00000085276,ENSG00000086506,ENSG00000086717,ENSG00000090932,ENSG00000091409,ENSG00000091592,ENSG00000091704,ENSG00000091986,ENSG00000092421,ENSG00000095303,ENSG00000095596,ENSG00000100302,ENSG00000100504,ENSG00000100985,ENSG00000101000,ENSG00000101282,ENSG00000101292,ENSG00000101489,ENSG00000101955,ENSG00000102048,ENSG00000102265,ENSG00000102996,ENSG00000103154,ENSG00000103449,ENSG00000103490,ENSG00000103546,ENSG00000103569,ENSG00000104213,ENSG00000104327,ENSG00000104332,ENSG00000104518,ENSG00000104826,ENSG00000104951,ENSG00000105329,ENSG00000105464,ENSG00000105880,ENSG00000106538,ENSG00000106991,ENSG00000108688,ENSG00000108691,ENSG00000108700,ENSG00000108771,ENSG00000108821,ENSG00000109956,ENSG00000110169,ENSG00000110195,ENSG00000110492,ENSG00000110719,ENSG00000111087,ENSG00000111199,ENSG00000111249,ENSG00000111348,ENSG00000112038,ENSG00000112164,ENSG00000112183,ENSG00000112530,ENSG00000112541,ENSG00000113739,ENSG00000113763,ENSG00000114200,ENSG00000114251,ENSG00000114805,ENSG00000115252,ENSG00000115353,ENSG00000115414,ENSG00000115461,ENSG00000115468,ENSG00000115738,ENSG00000115896,ENSG00000116183,ENSG00000116299,ENSG00000116678,ENSG00000117318,ENSG00000117525,ENSG00000118292,ENSG00000118503,ENSG00000119283,ENSG00000119411,ENSG00000119508,ENSG00000119655,ENSG00000119699,ENSG00000120332,ENSG00000120645,ENSG00000120659,ENSG00000120885,ENSG00000121966,ENSG00000122679,ENSG00000123146,ENSG00000123609,ENSG00000123610,ENSG00000123892,ENSG00000125355,ENSG00000125384,ENSG00000125538,ENSG00000125730,ENSG00000125848,ENSG00000125968,ENSG00000126458,ENSG00000126562,ENSG00000126778,ENSG00000127418,ENSG00000128052,ENSG00000128340,ENSG00000128849,ENSG00000129159,ENSG00000129422,ENSG00000129993,ENSG00000130164,ENSG00000130203,ENSG00000130303,ENSG00000130529,ENSG00000130635,ENSG00000130649,ENSG00000130700,ENSG00000130707,ENSG00000130768,ENSG00000130962,ENSG00000131459,ENSG00000131634,ENSG00000132164,ENSG00000132170,ENSG00000132256,ENSG00000132386,ENSG00000132561,ENSG00000134013,ENSG00000134121,ENSG00000134532,ENSG00000135111,ENSG00000135116,ENSG00000135253,ENSG00000135902,ENSG00000135919,ENSG00000135926,ENSG00000136160,ENSG00000136546,ENSG00000136997,ENSG00000137077,ENSG00000137198,ENSG00000137331,ENSG00000137463,ENSG00000137491,ENSG00000137693,ENSG00000137699,ENSG00000137727,ENSG00000137962,ENSG00000137965,ENSG00000138100,ENSG00000138119,ENSG00000138735,ENSG00000138772,ENSG00000138795,ENSG00000139055,ENSG00000139117,ENSG00000139219,ENSG00000139269,ENSG00000139352,ENSG00000139549,ENSG00000140279,ENSG00000140285,ENSG00000140795,ENSG00000142089,ENSG00000142173,ENSG00000142279,ENSG00000143320,ENSG00000143772,ENSG00000143816,ENSG00000143839,ENSG00000143869,ENSG00000144476,ENSG00000144596,ENSG00000144824,ENSG00000145103,ENSG00000145451,ENSG00000145623,ENSG00000145819,ENSG00000145920,ENSG00000146376,ENSG00000147065,ENSG00000147255,ENSG00000147256,ENSG00000147869,ENSG00000148053,ENSG00000148908,ENSG00000149131,ENSG00000149212,ENSG00000149488,ENSG00000149527,ENSG00000150281,ENSG00000150457,ENSG00000150594,ENSG00000150907,ENSG00000151615,ENSG00000151790,ENSG00000152137,ENSG00000152284,ENSG00000152402,ENSG00000152661,ENSG00000152894,ENSG00000153029,ENSG00000153291,ENSG00000153294,ENSG00000153707,ENSG00000153993,ENSG00000154175,ENSG00000154678,ENSG00000154928,ENSG00000155367,ENSG00000155849,ENSG00000155886,ENSG00000155897,ENSG00000155926,ENSG00000155974,ENSG00000156535,ENSG00000156687,ENSG00000157110,ENSG00000157404,ENSG00000157613,ENSG00000158014,ENSG00000158022,ENSG00000158270,ENSG00000159674,ENSG00000160013,ENSG00000160179,ENSG00000160223,ENSG00000160224,ENSG00000161681,ENSG00000161835,ENSG00000162105,ENSG00000162344,ENSG00000162496,ENSG00000162595,ENSG00000162670,ENSG00000162745,ENSG00000162894,ENSG00000162998,ENSG00000163191,ENSG00000163219,ENSG00000163273,ENSG00000163346,ENSG00000163359,ENSG00000163377,ENSG00000163394,ENSG00000163430,ENSG00000163513,ENSG00000163637,ENSG00000163673,ENSG00000164082,ENSG00000164294,ENSG00000164326,ENSG00000164342,ENSG00000164509,ENSG00000164692,ENSG00000165140,ENSG00000165197,ENSG00000165646,ENSG00000165757,ENSG00000165895,ENSG00000166206,ENSG00000166292,ENSG00000166349,ENSG00000166482,ENSG00000166592,ENSG00000166801,ENSG00000166862,ENSG00000166863,ENSG00000166923,ENSG00000167588,ENSG00000168071,ENSG00000168412,ENSG00000168539,ENSG00000168542,ENSG00000168671,ENSG00000168843,ENSG00000169245,ENSG00000169247,ENSG00000169248,ENSG00000169302,ENSG00000169427,ENSG00000169429,ENSG00000169583,ENSG00000169860,ENSG00000169871,ENSG00000169891,ENSG00000170419,ENSG00000170608,ENSG00000170775,ENSG00000170891,ENSG00000171303,ENSG00000171551,ENSG00000171631,ENSG00000171819,ENSG00000172236,ENSG00000172247,ENSG00000172572,ENSG00000172985,ENSG00000173040,ENSG00000173376,ENSG00000173567,ENSG00000173662,ENSG00000173805,ENSG00000174672,ENSG00000175505,ENSG00000176884,ENSG00000177374,ENSG00000177694,ENSG00000177706,ENSG00000179399,ENSG00000179546,ENSG00000179954,ENSG00000180447,ENSG00000180720,ENSG00000180739,ENSG00000180772,ENSG00000180875,ENSG00000181019,ENSG00000181072,ENSG00000181656,ENSG00000181744,ENSG00000182195,ENSG00000182636,ENSG00000182771,ENSG00000182836,ENSG00000182871,ENSG00000183098,ENSG00000183778,ENSG00000183779,ENSG00000184254,ENSG00000184564,ENSG00000185201,ENSG00000185291,ENSG00000185345,ENSG00000185551,ENSG00000185650,ENSG00000185924,ENSG00000186197,ENSG00000186417,ENSG00000186827,ENSG00000186838,ENSG00000186897,ENSG00000187098,ENSG00000187486,ENSG00000188282,ENSG00000188783,ENSG00000189292,ENSG00000196154,ENSG00000196277,ENSG00000196502,ENSG00000196549,ENSG00000196562,ENSG00000196611,ENSG00000196664,ENSG00000197496,ENSG00000197712,ENSG00000197747,ENSG00000197766,ENSG00000197769,ENSG00000197971,ENSG00000198121,ENSG00000198125,ENSG00000198523,ENSG00000198576,ENSG00000198626,ENSG00000198719,ENSG00000198768,ENSG00000198797,ENSG00000198835,ENSG00000198915,ENSG00000198959,ENSG00000198963,ENSG00000204592,ENSG00000205413,ENSG00000213694,ENSG00000215397,ENSG00000219438,ENSG00000221866,ENSG00000224389,ENSG00000232810,ENSG00000237412,ENSG00000237988,ENSG00000240583,ENSG00000243364,ENSG00000244414,ENSG00000244731,ENSG00000250366,ENSG00000255346,ENSG00000255690,ENSG00000266524,ENSG00000271447,ENSG00000271503,ENSG00000274588,ENSG00000276644"
"GO:BP","response to chemical","GO:0042221","false","3.798323741619457e-9","8.420408021903663","2553","726","224","13009","ENSG00000001617,ENSG00000003137,ENSG00000006016,ENSG00000006071,ENSG00000006534,ENSG00000007171,ENSG00000008394,ENSG00000010671,ENSG00000012223,ENSG00000019991,ENSG00000021826,ENSG00000023445,ENSG00000041982,ENSG00000042286,ENSG00000048540,ENSG00000054598,ENSG00000056558,ENSG00000064300,ENSG00000064989,ENSG00000066468,ENSG00000067182,ENSG00000069431,ENSG00000071967,ENSG00000073756,ENSG00000074966,ENSG00000075213,ENSG00000075651,ENSG00000077092,ENSG00000077238,ENSG00000078401,ENSG00000081041,ENSG00000083454,ENSG00000086506,ENSG00000091592,ENSG00000091704,ENSG00000092421,ENSG00000095303,ENSG00000095596,ENSG00000100985,ENSG00000101292,ENSG00000102265,ENSG00000102996,ENSG00000103490,ENSG00000103546,ENSG00000103569,ENSG00000104332,ENSG00000104826,ENSG00000105329,ENSG00000105464,ENSG00000106538,ENSG00000106991,ENSG00000108688,ENSG00000108691,ENSG00000108700,ENSG00000108821,ENSG00000110169,ENSG00000110195,ENSG00000110492,ENSG00000110719,ENSG00000111199,ENSG00000112038,ENSG00000112164,ENSG00000113739,ENSG00000114200,ENSG00000114251,ENSG00000115353,ENSG00000115461,ENSG00000115468,ENSG00000116678,ENSG00000117318,ENSG00000117525,ENSG00000118503,ENSG00000119411,ENSG00000119508,ENSG00000119699,ENSG00000120659,ENSG00000121966,ENSG00000122679,ENSG00000123610,ENSG00000125384,ENSG00000125538,ENSG00000125848,ENSG00000126562,ENSG00000126778,ENSG00000128052,ENSG00000128340,ENSG00000129159,ENSG00000129422,ENSG00000130164,ENSG00000130203,ENSG00000130303,ENSG00000130529,ENSG00000130649,ENSG00000130700,ENSG00000130707,ENSG00000131459,ENSG00000132164,ENSG00000132170,ENSG00000132256,ENSG00000132386,ENSG00000134013,ENSG00000135902,ENSG00000136160,ENSG00000136546,ENSG00000136997,ENSG00000137077,ENSG00000137463,ENSG00000137491,ENSG00000137693,ENSG00000138795,ENSG00000139117,ENSG00000139352,ENSG00000139549,ENSG00000140279,ENSG00000140285,ENSG00000140795,ENSG00000142089,ENSG00000143772,ENSG00000143816,ENSG00000143839,ENSG00000144476,ENSG00000145103,ENSG00000145623,ENSG00000147065,ENSG00000147869,ENSG00000148053,ENSG00000148908,ENSG00000149212,ENSG00000150457,ENSG00000150594,ENSG00000150907,ENSG00000151615,ENSG00000151790,ENSG00000152661,ENSG00000152894,ENSG00000153993,ENSG00000154928,ENSG00000155897,ENSG00000157404,ENSG00000158014,ENSG00000158022,ENSG00000158270,ENSG00000159674,ENSG00000160013,ENSG00000160179,ENSG00000161681,ENSG00000162344,ENSG00000162496,ENSG00000162670,ENSG00000163273,ENSG00000163359,ENSG00000163377,ENSG00000163394,ENSG00000163513,ENSG00000164082,ENSG00000164294,ENSG00000164326,ENSG00000164342,ENSG00000164509,ENSG00000164692,ENSG00000165140,ENSG00000165197,ENSG00000165646,ENSG00000166206,ENSG00000166862,ENSG00000166923,ENSG00000167588,ENSG00000168539,ENSG00000168542,ENSG00000168671,ENSG00000169245,ENSG00000169248,ENSG00000169429,ENSG00000169860,ENSG00000169871,ENSG00000170775,ENSG00000171303,ENSG00000171631,ENSG00000172247,ENSG00000172572,ENSG00000173376,ENSG00000173662,ENSG00000174672,ENSG00000175505,ENSG00000176884,ENSG00000179954,ENSG00000180720,ENSG00000180772,ENSG00000180875,ENSG00000181019,ENSG00000181072,ENSG00000182195,ENSG00000182871,ENSG00000183779,ENSG00000185201,ENSG00000185291,ENSG00000185345,ENSG00000185551,ENSG00000185650,ENSG00000186827,ENSG00000186838,ENSG00000187486,ENSG00000188282,ENSG00000196154,ENSG00000196502,ENSG00000196549,ENSG00000196664,ENSG00000197712,ENSG00000197971,ENSG00000198121,ENSG00000198125,ENSG00000198626,ENSG00000198797,ENSG00000198835,ENSG00000198959,ENSG00000198963,ENSG00000221866,ENSG00000224389,ENSG00000232810,ENSG00000240583,ENSG00000250366,ENSG00000266524,ENSG00000271447,ENSG00000271503"
"GO:BP","neurogenesis","GO:0022008","false","7.23867630495858e-9","8.140340843472869","1465","726","148","13009","ENSG00000001617,ENSG00000002746,ENSG00000006071,ENSG00000006611,ENSG00000009694,ENSG00000021645,ENSG00000038427,ENSG00000041982,ENSG00000053108,ENSG00000064300,ENSG00000066468,ENSG00000067798,ENSG00000074527,ENSG00000075213,ENSG00000075275,ENSG00000077092,ENSG00000078401,ENSG00000078579,ENSG00000079841,ENSG00000082397,ENSG00000090932,ENSG00000091129,ENSG00000091409,ENSG00000092421,ENSG00000095713,ENSG00000103449,ENSG00000103528,ENSG00000104332,ENSG00000105329,ENSG00000105880,ENSG00000108231,ENSG00000108691,ENSG00000109851,ENSG00000110195,ENSG00000110492,ENSG00000111199,ENSG00000111249,ENSG00000112038,ENSG00000112137,ENSG00000112893,ENSG00000113763,ENSG00000114200,ENSG00000114251,ENSG00000115414,ENSG00000115468,ENSG00000115738,ENSG00000116678,ENSG00000117318,ENSG00000119042,ENSG00000119283,ENSG00000120332,ENSG00000120885,ENSG00000121966,ENSG00000125538,ENSG00000125730,ENSG00000125848,ENSG00000125968,ENSG00000126458,ENSG00000126778,ENSG00000130164,ENSG00000130203,ENSG00000132170,ENSG00000132386,ENSG00000132561,ENSG00000134121,ENSG00000134532,ENSG00000135919,ENSG00000136160,ENSG00000136944,ENSG00000137463,ENSG00000137693,ENSG00000138083,ENSG00000138795,ENSG00000139352,ENSG00000140285,ENSG00000141337,ENSG00000142233,ENSG00000143320,ENSG00000143355,ENSG00000143816,ENSG00000143869,ENSG00000143995,ENSG00000148053,ENSG00000150281,ENSG00000151615,ENSG00000152377,ENSG00000152894,ENSG00000153707,ENSG00000153993,ENSG00000154133,ENSG00000154654,ENSG00000154928,ENSG00000155974,ENSG00000156687,ENSG00000157087,ENSG00000157404,ENSG00000161681,ENSG00000162344,ENSG00000162576,ENSG00000162614,ENSG00000162624,ENSG00000162670,ENSG00000163394,ENSG00000165197,ENSG00000165323,ENSG00000165959,ENSG00000168505,ENSG00000168539,ENSG00000168542,ENSG00000169247,ENSG00000169860,ENSG00000170775,ENSG00000172201,ENSG00000173376,ENSG00000173805,ENSG00000174672,ENSG00000175505,ENSG00000178764,ENSG00000179242,ENSG00000182636,ENSG00000184564,ENSG00000184613,ENSG00000185345,ENSG00000185551,ENSG00000185924,ENSG00000186367,ENSG00000186417,ENSG00000186487,ENSG00000187323,ENSG00000187634,ENSG00000188162,ENSG00000189292,ENSG00000196277,ENSG00000196549,ENSG00000197747,ENSG00000198121,ENSG00000198576,ENSG00000198719,ENSG00000198797,ENSG00000198959,ENSG00000198963,ENSG00000214960,ENSG00000215397,ENSG00000221866,ENSG00000232810,ENSG00000243364,ENSG00000250366,ENSG00000266074"
"GO:BP","angiogenesis","GO:0001525","false","9.268592917947375e-9","8.03298619189152","423","726","64","13009","ENSG00000006071,ENSG00000011465,ENSG00000021645,ENSG00000054598,ENSG00000064300,ENSG00000064989,ENSG00000066468,ENSG00000073756,ENSG00000078098,ENSG00000078401,ENSG00000091129,ENSG00000092421,ENSG00000104332,ENSG00000105329,ENSG00000106991,ENSG00000108691,ENSG00000110492,ENSG00000114251,ENSG00000115414,ENSG00000116678,ENSG00000117525,ENSG00000118503,ENSG00000120332,ENSG00000121075,ENSG00000125538,ENSG00000125730,ENSG00000125968,ENSG00000126458,ENSG00000128052,ENSG00000132170,ENSG00000132386,ENSG00000134013,ENSG00000135048,ENSG00000138772,ENSG00000138795,ENSG00000143995,ENSG00000144476,ENSG00000154133,ENSG00000154928,ENSG00000157613,ENSG00000163273,ENSG00000163513,ENSG00000164342,ENSG00000165197,ENSG00000165757,ENSG00000166292,ENSG00000166825,ENSG00000166923,ENSG00000167664,ENSG00000168505,ENSG00000169245,ENSG00000169429,ENSG00000169583,ENSG00000171812,ENSG00000173376,ENSG00000182871,ENSG00000186367,ENSG00000198719,ENSG00000198959,ENSG00000203883,ENSG00000219438,ENSG00000232810,ENSG00000240583,ENSG00000255346"
"GO:BP","extracellular matrix organization","GO:0030198","true","1.2239329399983755e-8","7.912242376787273","236","726","45","13009","ENSG00000054598,ENSG00000067182,ENSG00000074527,ENSG00000078098,ENSG00000080573,ENSG00000087116,ENSG00000087303,ENSG00000091986,ENSG00000095587,ENSG00000099953,ENSG00000100985,ENSG00000102996,ENSG00000105329,ENSG00000106991,ENSG00000108821,ENSG00000130635,ENSG00000132170,ENSG00000132561,ENSG00000134013,ENSG00000139219,ENSG00000139329,ENSG00000143382,ENSG00000154175,ENSG00000157613,ENSG00000162745,ENSG00000163346,ENSG00000164692,ENSG00000166106,ENSG00000166482,ENSG00000166923,ENSG00000168542,ENSG00000171812,ENSG00000171819,ENSG00000172236,ENSG00000172638,ENSG00000172987,ENSG00000173376,ENSG00000185761,ENSG00000189409,ENSG00000196562,ENSG00000196611,ENSG00000197496,ENSG00000204248,ENSG00000232810,ENSG00000271447"
"GO:BP","positive regulation of developmental process","GO:0051094","false","1.3407468800342674e-8","7.872653204982442","1009","726","113","13009","ENSG00000003137,ENSG00000010671,ENSG00000011465,ENSG00000012223,ENSG00000018408,ENSG00000019991,ENSG00000048540,ENSG00000054598,ENSG00000064300,ENSG00000066468,ENSG00000067182,ENSG00000073756,ENSG00000077238,ENSG00000078401,ENSG00000078579,ENSG00000079841,ENSG00000088002,ENSG00000091129,ENSG00000101463,ENSG00000103528,ENSG00000104332,ENSG00000104951,ENSG00000105329,ENSG00000106538,ENSG00000106991,ENSG00000108821,ENSG00000110492,ENSG00000111087,ENSG00000111249,ENSG00000112038,ENSG00000112183,ENSG00000112893,ENSG00000114251,ENSG00000115414,ENSG00000115738,ENSG00000117525,ENSG00000119699,ENSG00000120332,ENSG00000120659,ENSG00000121966,ENSG00000125538,ENSG00000125730,ENSG00000125848,ENSG00000126458,ENSG00000126778,ENSG00000128052,ENSG00000130203,ENSG00000130529,ENSG00000130700,ENSG00000131389,ENSG00000132170,ENSG00000132386,ENSG00000134013,ENSG00000134532,ENSG00000135919,ENSG00000136997,ENSG00000137693,ENSG00000138772,ENSG00000138795,ENSG00000139352,ENSG00000140795,ENSG00000141668,ENSG00000143320,ENSG00000143772,ENSG00000143869,ENSG00000146006,ENSG00000148053,ENSG00000151615,ENSG00000152661,ENSG00000153707,ENSG00000154175,ENSG00000154928,ENSG00000155974,ENSG00000157404,ENSG00000158156,ENSG00000161681,ENSG00000162670,ENSG00000162951,ENSG00000162998,ENSG00000163273,ENSG00000163513,ENSG00000164342,ENSG00000165757,ENSG00000165973,ENSG00000166292,ENSG00000166349,ENSG00000166923,ENSG00000167664,ENSG00000169429,ENSG00000169583,ENSG00000170419,ENSG00000172201,ENSG00000172572,ENSG00000172638,ENSG00000173805,ENSG00000175505,ENSG00000177706,ENSG00000179242,ENSG00000180772,ENSG00000183779,ENSG00000184564,ENSG00000185155,ENSG00000185345,ENSG00000185650,ENSG00000196549,ENSG00000198121,ENSG00000198719,ENSG00000198797,ENSG00000198959,ENSG00000213171,ENSG00000232810,ENSG00000240583,ENSG00000266524"
"GO:BP","extracellular structure organization","GO:0043062","false","1.4325229602729732e-8","7.843898408494992","237","726","45","13009","ENSG00000054598,ENSG00000067182,ENSG00000074527,ENSG00000078098,ENSG00000080573,ENSG00000087116,ENSG00000087303,ENSG00000091986,ENSG00000095587,ENSG00000099953,ENSG00000100985,ENSG00000102996,ENSG00000105329,ENSG00000106991,ENSG00000108821,ENSG00000130635,ENSG00000132170,ENSG00000132561,ENSG00000134013,ENSG00000139219,ENSG00000139329,ENSG00000143382,ENSG00000154175,ENSG00000157613,ENSG00000162745,ENSG00000163346,ENSG00000164692,ENSG00000166106,ENSG00000166482,ENSG00000166923,ENSG00000168542,ENSG00000171812,ENSG00000171819,ENSG00000172236,ENSG00000172638,ENSG00000172987,ENSG00000173376,ENSG00000185761,ENSG00000189409,ENSG00000196562,ENSG00000196611,ENSG00000197496,ENSG00000204248,ENSG00000232810,ENSG00000271447"
"GO:BP","external encapsulating structure organization","GO:0045229","false","1.4325229602729732e-8","7.843898408494992","237","726","45","13009","ENSG00000054598,ENSG00000067182,ENSG00000074527,ENSG00000078098,ENSG00000080573,ENSG00000087116,ENSG00000087303,ENSG00000091986,ENSG00000095587,ENSG00000099953,ENSG00000100985,ENSG00000102996,ENSG00000105329,ENSG00000106991,ENSG00000108821,ENSG00000130635,ENSG00000132170,ENSG00000132561,ENSG00000134013,ENSG00000139219,ENSG00000139329,ENSG00000143382,ENSG00000154175,ENSG00000157613,ENSG00000162745,ENSG00000163346,ENSG00000164692,ENSG00000166106,ENSG00000166482,ENSG00000166923,ENSG00000168542,ENSG00000171812,ENSG00000171819,ENSG00000172236,ENSG00000172638,ENSG00000172987,ENSG00000173376,ENSG00000185761,ENSG00000189409,ENSG00000196562,ENSG00000196611,ENSG00000197496,ENSG00000204248,ENSG00000232810,ENSG00000271447"
"GO:BP","tube morphogenesis","GO:0035239","false","2.2252689110046118e-8","7.652617499510623","681","726","86","13009","ENSG00000006071,ENSG00000011465,ENSG00000021645,ENSG00000041982,ENSG00000054598,ENSG00000064300,ENSG00000064989,ENSG00000066468,ENSG00000073756,ENSG00000075275,ENSG00000078098,ENSG00000078401,ENSG00000091129,ENSG00000092421,ENSG00000103449,ENSG00000104332,ENSG00000105329,ENSG00000106991,ENSG00000108691,ENSG00000110195,ENSG00000110492,ENSG00000111087,ENSG00000114251,ENSG00000115414,ENSG00000115738,ENSG00000116678,ENSG00000117525,ENSG00000118292,ENSG00000118503,ENSG00000120332,ENSG00000121075,ENSG00000125538,ENSG00000125730,ENSG00000125968,ENSG00000126458,ENSG00000126562,ENSG00000126778,ENSG00000128052,ENSG00000130164,ENSG00000130203,ENSG00000132170,ENSG00000132386,ENSG00000134013,ENSG00000135048,ENSG00000135111,ENSG00000136997,ENSG00000137693,ENSG00000138772,ENSG00000138795,ENSG00000143869,ENSG00000143995,ENSG00000144476,ENSG00000148053,ENSG00000154133,ENSG00000154928,ENSG00000157613,ENSG00000163273,ENSG00000163513,ENSG00000164342,ENSG00000165197,ENSG00000165757,ENSG00000166292,ENSG00000166825,ENSG00000166923,ENSG00000167664,ENSG00000168505,ENSG00000168542,ENSG00000169245,ENSG00000169429,ENSG00000169583,ENSG00000171812,ENSG00000172638,ENSG00000173376,ENSG00000180772,ENSG00000182871,ENSG00000185551,ENSG00000185650,ENSG00000186367,ENSG00000198626,ENSG00000198719,ENSG00000198959,ENSG00000203883,ENSG00000219438,ENSG00000232810,ENSG00000240583,ENSG00000255346"
"GO:BP","regulation of cell differentiation","GO:0045595","false","2.2822430808063405e-8","7.641638100921042","1174","726","125","13009","ENSG00000001617,ENSG00000003137,ENSG00000006071,ENSG00000010671,ENSG00000012223,ENSG00000018408,ENSG00000019991,ENSG00000021300,ENSG00000048540,ENSG00000053108,ENSG00000054598,ENSG00000066468,ENSG00000067182,ENSG00000070404,ENSG00000073756,ENSG00000077092,ENSG00000077238,ENSG00000078401,ENSG00000078579,ENSG00000088002,ENSG00000090932,ENSG00000091129,ENSG00000099953,ENSG00000100985,ENSG00000104332,ENSG00000104951,ENSG00000105329,ENSG00000106538,ENSG00000106991,ENSG00000108821,ENSG00000110492,ENSG00000110719,ENSG00000111087,ENSG00000111199,ENSG00000111249,ENSG00000112038,ENSG00000112183,ENSG00000112893,ENSG00000114251,ENSG00000115414,ENSG00000115461,ENSG00000115738,ENSG00000117318,ENSG00000119699,ENSG00000120332,ENSG00000120659,ENSG00000121966,ENSG00000123610,ENSG00000125538,ENSG00000126458,ENSG00000126778,ENSG00000128052,ENSG00000128606,ENSG00000130164,ENSG00000130529,ENSG00000130635,ENSG00000130700,ENSG00000131389,ENSG00000132170,ENSG00000132386,ENSG00000134013,ENSG00000134532,ENSG00000135111,ENSG00000135919,ENSG00000136160,ENSG00000136997,ENSG00000137693,ENSG00000138083,ENSG00000138795,ENSG00000139352,ENSG00000140795,ENSG00000143320,ENSG00000143772,ENSG00000143816,ENSG00000143869,ENSG00000143995,ENSG00000144824,ENSG00000148053,ENSG00000150907,ENSG00000151615,ENSG00000152661,ENSG00000153707,ENSG00000154175,ENSG00000154928,ENSG00000156535,ENSG00000157404,ENSG00000158156,ENSG00000160179,ENSG00000162670,ENSG00000162998,ENSG00000163273,ENSG00000163513,ENSG00000164326,ENSG00000164342,ENSG00000165973,ENSG00000166292,ENSG00000166349,ENSG00000166923,ENSG00000169245,ENSG00000170419,ENSG00000172201,ENSG00000172572,ENSG00000172638,ENSG00000173805,ENSG00000175505,ENSG00000177706,ENSG00000178764,ENSG00000179242,ENSG00000183779,ENSG00000185155,ENSG00000185650,ENSG00000186897,ENSG00000187098,ENSG00000187323,ENSG00000196549,ENSG00000197747,ENSG00000198719,ENSG00000198797,ENSG00000198959,ENSG00000198963,ENSG00000213694,ENSG00000232810,ENSG00000233608,ENSG00000250366,ENSG00000266524"
"GO:BP","regulation of locomotion","GO:0040012","false","2.5619027577723207e-8","7.591437358808497","804","726","96","13009","ENSG00000001617,ENSG00000002586,ENSG00000006071,ENSG00000011465,ENSG00000019991,ENSG00000041982,ENSG00000064300,ENSG00000064666,ENSG00000067798,ENSG00000073756,ENSG00000075213,ENSG00000078401,ENSG00000078579,ENSG00000091409,ENSG00000092421,ENSG00000100985,ENSG00000102265,ENSG00000103490,ENSG00000104332,ENSG00000105329,ENSG00000106538,ENSG00000106991,ENSG00000108688,ENSG00000108691,ENSG00000108700,ENSG00000108821,ENSG00000110492,ENSG00000111087,ENSG00000111199,ENSG00000111348,ENSG00000112137,ENSG00000114251,ENSG00000115353,ENSG00000115414,ENSG00000115461,ENSG00000117525,ENSG00000119508,ENSG00000120332,ENSG00000121966,ENSG00000123610,ENSG00000125538,ENSG00000126458,ENSG00000128052,ENSG00000128340,ENSG00000129422,ENSG00000130203,ENSG00000130303,ENSG00000132170,ENSG00000132386,ENSG00000135919,ENSG00000137077,ENSG00000138772,ENSG00000138795,ENSG00000140279,ENSG00000140285,ENSG00000144476,ENSG00000144824,ENSG00000146376,ENSG00000147065,ENSG00000150594,ENSG00000151615,ENSG00000152661,ENSG00000152894,ENSG00000153993,ENSG00000154133,ENSG00000156687,ENSG00000157404,ENSG00000160224,ENSG00000162344,ENSG00000162614,ENSG00000163191,ENSG00000163513,ENSG00000165197,ENSG00000165757,ENSG00000166923,ENSG00000168539,ENSG00000168542,ENSG00000169245,ENSG00000169429,ENSG00000174348,ENSG00000177469,ENSG00000179546,ENSG00000180720,ENSG00000180772,ENSG00000183779,ENSG00000185551,ENSG00000187098,ENSG00000198121,ENSG00000215397,ENSG00000221866,ENSG00000232810,ENSG00000233608,ENSG00000240583,ENSG00000271447,ENSG00000271503,ENSG00000276644"
"GO:BP","response to external stimulus","GO:0009605","false","3.7829114060417144e-8","7.422173829555195","1565","726","153","13009","ENSG00000000971,ENSG00000001617,ENSG00000006071,ENSG00000007171,ENSG00000010671,ENSG00000012223,ENSG00000019991,ENSG00000021300,ENSG00000021826,ENSG00000023445,ENSG00000041982,ENSG00000064300,ENSG00000064666,ENSG00000066468,ENSG00000067182,ENSG00000068079,ENSG00000069431,ENSG00000073331,ENSG00000073756,ENSG00000074771,ENSG00000074966,ENSG00000075213,ENSG00000075651,ENSG00000077238,ENSG00000078098,ENSG00000078401,ENSG00000081041,ENSG00000083454,ENSG00000091592,ENSG00000091986,ENSG00000092421,ENSG00000100504,ENSG00000100985,ENSG00000103490,ENSG00000104327,ENSG00000104518,ENSG00000105329,ENSG00000105464,ENSG00000106538,ENSG00000106991,ENSG00000108688,ENSG00000108691,ENSG00000108700,ENSG00000108771,ENSG00000108821,ENSG00000110169,ENSG00000110492,ENSG00000111199,ENSG00000114251,ENSG00000115353,ENSG00000115738,ENSG00000117525,ENSG00000118503,ENSG00000119411,ENSG00000119655,ENSG00000120659,ENSG00000120885,ENSG00000121966,ENSG00000123609,ENSG00000123610,ENSG00000123892,ENSG00000125355,ENSG00000125384,ENSG00000125538,ENSG00000125730,ENSG00000125848,ENSG00000128052,ENSG00000128340,ENSG00000129159,ENSG00000129422,ENSG00000130164,ENSG00000130203,ENSG00000130303,ENSG00000130529,ENSG00000130649,ENSG00000130707,ENSG00000130768,ENSG00000132170,ENSG00000132256,ENSG00000135919,ENSG00000136160,ENSG00000136546,ENSG00000137077,ENSG00000137331,ENSG00000137699,ENSG00000137965,ENSG00000138100,ENSG00000138772,ENSG00000138795,ENSG00000139352,ENSG00000140279,ENSG00000140285,ENSG00000142089,ENSG00000143839,ENSG00000144476,ENSG00000144824,ENSG00000145623,ENSG00000149131,ENSG00000149488,ENSG00000150457,ENSG00000151615,ENSG00000153029,ENSG00000153993,ENSG00000154928,ENSG00000155886,ENSG00000156535,ENSG00000157404,ENSG00000158022,ENSG00000158270,ENSG00000159674,ENSG00000160013,ENSG00000161681,ENSG00000162344,ENSG00000163377,ENSG00000164342,ENSG00000164509,ENSG00000165197,ENSG00000166862,ENSG00000166923,ENSG00000168071,ENSG00000169245,ENSG00000169248,ENSG00000169429,ENSG00000169860,ENSG00000169871,ENSG00000177694,ENSG00000179954,ENSG00000181019,ENSG00000181072,ENSG00000181656,ENSG00000182195,ENSG00000183778,ENSG00000184254,ENSG00000184564,ENSG00000185201,ENSG00000185345,ENSG00000185924,ENSG00000196154,ENSG00000196664,ENSG00000197766,ENSG00000198121,ENSG00000198626,ENSG00000204592,ENSG00000205413,ENSG00000219438,ENSG00000221866,ENSG00000224389,ENSG00000232810,ENSG00000240583,ENSG00000244731,ENSG00000255690,ENSG00000271447,ENSG00000271503"
"GO:BP","regulation of cell migration","GO:0030334","false","8.524224318827552e-8","7.069345130151272","734","726","89","13009","ENSG00000001617,ENSG00000002586,ENSG00000006071,ENSG00000011465,ENSG00000019991,ENSG00000041982,ENSG00000064300,ENSG00000064666,ENSG00000067798,ENSG00000073756,ENSG00000075213,ENSG00000078401,ENSG00000078579,ENSG00000091409,ENSG00000092421,ENSG00000100985,ENSG00000102265,ENSG00000103490,ENSG00000104332,ENSG00000105329,ENSG00000106538,ENSG00000106991,ENSG00000108688,ENSG00000108691,ENSG00000108700,ENSG00000108821,ENSG00000110492,ENSG00000111087,ENSG00000111199,ENSG00000111348,ENSG00000112137,ENSG00000114251,ENSG00000115353,ENSG00000115414,ENSG00000115461,ENSG00000117525,ENSG00000119508,ENSG00000120332,ENSG00000121966,ENSG00000123610,ENSG00000125538,ENSG00000126458,ENSG00000128052,ENSG00000128340,ENSG00000129422,ENSG00000130203,ENSG00000130303,ENSG00000132170,ENSG00000132386,ENSG00000135919,ENSG00000137077,ENSG00000138772,ENSG00000138795,ENSG00000140285,ENSG00000144476,ENSG00000144824,ENSG00000147065,ENSG00000150594,ENSG00000152661,ENSG00000152894,ENSG00000153993,ENSG00000154133,ENSG00000156687,ENSG00000157404,ENSG00000160224,ENSG00000162344,ENSG00000162614,ENSG00000163191,ENSG00000163513,ENSG00000165197,ENSG00000165757,ENSG00000166923,ENSG00000168542,ENSG00000169245,ENSG00000169429,ENSG00000174348,ENSG00000180772,ENSG00000183779,ENSG00000185551,ENSG00000187098,ENSG00000198121,ENSG00000215397,ENSG00000221866,ENSG00000232810,ENSG00000233608,ENSG00000240583,ENSG00000271447,ENSG00000271503,ENSG00000276644"
"GO:BP","regulation of cell motility","GO:2000145","false","9.351950020006101e-8","7.029097822857076","772","726","92","13009","ENSG00000001617,ENSG00000002586,ENSG00000006071,ENSG00000011465,ENSG00000019991,ENSG00000041982,ENSG00000064300,ENSG00000064666,ENSG00000067798,ENSG00000073756,ENSG00000075213,ENSG00000078401,ENSG00000078579,ENSG00000091409,ENSG00000092421,ENSG00000100985,ENSG00000102265,ENSG00000103490,ENSG00000104332,ENSG00000105329,ENSG00000106538,ENSG00000106991,ENSG00000108688,ENSG00000108691,ENSG00000108700,ENSG00000108821,ENSG00000110492,ENSG00000111087,ENSG00000111199,ENSG00000111348,ENSG00000112137,ENSG00000114251,ENSG00000115353,ENSG00000115414,ENSG00000115461,ENSG00000117525,ENSG00000119508,ENSG00000120332,ENSG00000121966,ENSG00000123610,ENSG00000125538,ENSG00000126458,ENSG00000128052,ENSG00000128340,ENSG00000129422,ENSG00000130203,ENSG00000130303,ENSG00000132170,ENSG00000132386,ENSG00000135919,ENSG00000137077,ENSG00000138772,ENSG00000138795,ENSG00000140279,ENSG00000140285,ENSG00000144476,ENSG00000144824,ENSG00000146376,ENSG00000147065,ENSG00000150594,ENSG00000152661,ENSG00000152894,ENSG00000153993,ENSG00000154133,ENSG00000156687,ENSG00000157404,ENSG00000160224,ENSG00000162344,ENSG00000162614,ENSG00000163191,ENSG00000163513,ENSG00000165197,ENSG00000165757,ENSG00000166923,ENSG00000168542,ENSG00000169245,ENSG00000169429,ENSG00000174348,ENSG00000177469,ENSG00000180772,ENSG00000183779,ENSG00000185551,ENSG00000187098,ENSG00000198121,ENSG00000215397,ENSG00000221866,ENSG00000232810,ENSG00000233608,ENSG00000240583,ENSG00000271447,ENSG00000271503,ENSG00000276644"
"GO:BP","response to endogenous stimulus","GO:0009719","false","2.759561769096711e-7","6.559159880389216","1149","726","120","13009","ENSG00000003137,ENSG00000006071,ENSG00000007171,ENSG00000011465,ENSG00000019991,ENSG00000021826,ENSG00000041982,ENSG00000048540,ENSG00000053108,ENSG00000054598,ENSG00000064300,ENSG00000066468,ENSG00000069431,ENSG00000070404,ENSG00000077092,ENSG00000078401,ENSG00000078579,ENSG00000092421,ENSG00000095596,ENSG00000101292,ENSG00000102265,ENSG00000104332,ENSG00000104826,ENSG00000105329,ENSG00000105880,ENSG00000106538,ENSG00000106991,ENSG00000108691,ENSG00000108821,ENSG00000110195,ENSG00000111199,ENSG00000112164,ENSG00000113739,ENSG00000114200,ENSG00000114251,ENSG00000115353,ENSG00000115461,ENSG00000116678,ENSG00000119508,ENSG00000119699,ENSG00000122679,ENSG00000123610,ENSG00000125384,ENSG00000125538,ENSG00000125848,ENSG00000125968,ENSG00000127418,ENSG00000128052,ENSG00000129159,ENSG00000130164,ENSG00000130203,ENSG00000130700,ENSG00000130707,ENSG00000131634,ENSG00000132170,ENSG00000132386,ENSG00000134532,ENSG00000135253,ENSG00000136160,ENSG00000136997,ENSG00000137077,ENSG00000137463,ENSG00000137693,ENSG00000138795,ENSG00000139219,ENSG00000139352,ENSG00000139549,ENSG00000140285,ENSG00000143839,ENSG00000143869,ENSG00000147869,ENSG00000148053,ENSG00000149212,ENSG00000150457,ENSG00000150594,ENSG00000150907,ENSG00000151615,ENSG00000152894,ENSG00000154928,ENSG00000155897,ENSG00000156535,ENSG00000157404,ENSG00000157613,ENSG00000158022,ENSG00000162344,ENSG00000162496,ENSG00000163394,ENSG00000163430,ENSG00000163513,ENSG00000164692,ENSG00000165140,ENSG00000165197,ENSG00000165757,ENSG00000166292,ENSG00000166923,ENSG00000168542,ENSG00000168843,ENSG00000169429,ENSG00000169860,ENSG00000170419,ENSG00000171631,ENSG00000172572,ENSG00000173376,ENSG00000173805,ENSG00000177706,ENSG00000180447,ENSG00000180772,ENSG00000180875,ENSG00000182636,ENSG00000183779,ENSG00000185650,ENSG00000196549,ENSG00000196562,ENSG00000197496,ENSG00000197712,ENSG00000198719,ENSG00000232810,ENSG00000240583,ENSG00000266524,ENSG00000271503"
"GO:BP","cellular response to chemical stimulus","GO:0070887","false","2.855514139403113e-7","6.544315685035352","1619","726","154","13009","ENSG00000003137,ENSG00000006071,ENSG00000006534,ENSG00000007171,ENSG00000008394,ENSG00000010671,ENSG00000012223,ENSG00000019991,ENSG00000021826,ENSG00000041982,ENSG00000042286,ENSG00000048540,ENSG00000064300,ENSG00000064989,ENSG00000066468,ENSG00000069431,ENSG00000073756,ENSG00000075651,ENSG00000077092,ENSG00000078401,ENSG00000081041,ENSG00000086506,ENSG00000095303,ENSG00000095596,ENSG00000100985,ENSG00000101292,ENSG00000102265,ENSG00000103490,ENSG00000103569,ENSG00000104332,ENSG00000104826,ENSG00000105329,ENSG00000105464,ENSG00000106538,ENSG00000106991,ENSG00000108688,ENSG00000108691,ENSG00000108700,ENSG00000108821,ENSG00000110195,ENSG00000110492,ENSG00000111199,ENSG00000112038,ENSG00000112164,ENSG00000113739,ENSG00000114200,ENSG00000114251,ENSG00000115461,ENSG00000115468,ENSG00000116678,ENSG00000117318,ENSG00000118503,ENSG00000119508,ENSG00000120659,ENSG00000121966,ENSG00000122679,ENSG00000123610,ENSG00000125384,ENSG00000125538,ENSG00000126562,ENSG00000126778,ENSG00000128052,ENSG00000128340,ENSG00000129159,ENSG00000129422,ENSG00000130164,ENSG00000130203,ENSG00000130529,ENSG00000130649,ENSG00000130700,ENSG00000130707,ENSG00000132170,ENSG00000132256,ENSG00000132386,ENSG00000135902,ENSG00000136160,ENSG00000136546,ENSG00000136997,ENSG00000137077,ENSG00000137463,ENSG00000137491,ENSG00000137693,ENSG00000138795,ENSG00000139117,ENSG00000140279,ENSG00000143772,ENSG00000143816,ENSG00000143839,ENSG00000144476,ENSG00000147065,ENSG00000147869,ENSG00000148053,ENSG00000148908,ENSG00000149212,ENSG00000150457,ENSG00000150594,ENSG00000150907,ENSG00000151615,ENSG00000152661,ENSG00000152894,ENSG00000154928,ENSG00000155897,ENSG00000157404,ENSG00000158270,ENSG00000159674,ENSG00000162496,ENSG00000162670,ENSG00000163273,ENSG00000163377,ENSG00000163394,ENSG00000164294,ENSG00000164342,ENSG00000164692,ENSG00000165140,ENSG00000165197,ENSG00000166206,ENSG00000166923,ENSG00000167588,ENSG00000168539,ENSG00000168542,ENSG00000168671,ENSG00000169245,ENSG00000169248,ENSG00000169429,ENSG00000169860,ENSG00000170775,ENSG00000171303,ENSG00000171631,ENSG00000172572,ENSG00000173376,ENSG00000174672,ENSG00000176884,ENSG00000180720,ENSG00000180772,ENSG00000181019,ENSG00000181072,ENSG00000182195,ENSG00000183779,ENSG00000185345,ENSG00000185650,ENSG00000196502,ENSG00000197712,ENSG00000198121,ENSG00000198125,ENSG00000198626,ENSG00000198797,ENSG00000198959,ENSG00000198963,ENSG00000221866,ENSG00000232810,ENSG00000240583,ENSG00000250366,ENSG00000271447,ENSG00000271503"
"GO:BP","signal transduction","GO:0007165","false","3.5800110733105303e-7","6.446115630040421","4275","726","324","13009","ENSG00000001617,ENSG00000002746,ENSG00000003137,ENSG00000006016,ENSG00000007171,ENSG00000008118,ENSG00000009694,ENSG00000010671,ENSG00000011465,ENSG00000012223,ENSG00000013364,ENSG00000013588,ENSG00000014257,ENSG00000018408,ENSG00000019991,ENSG00000021300,ENSG00000021645,ENSG00000023445,ENSG00000048540,ENSG00000049323,ENSG00000053108,ENSG00000054598,ENSG00000056558,ENSG00000064300,ENSG00000064989,ENSG00000066468,ENSG00000067182,ENSG00000068079,ENSG00000069431,ENSG00000070404,ENSG00000070601,ENSG00000073331,ENSG00000073756,ENSG00000074966,ENSG00000075213,ENSG00000075275,ENSG00000075651,ENSG00000077092,ENSG00000077238,ENSG00000078401,ENSG00000078579,ENSG00000079841,ENSG00000081041,ENSG00000083454,ENSG00000085276,ENSG00000090932,ENSG00000091409,ENSG00000091592,ENSG00000092421,ENSG00000095596,ENSG00000100302,ENSG00000100985,ENSG00000101282,ENSG00000101292,ENSG00000101489,ENSG00000101955,ENSG00000102048,ENSG00000102265,ENSG00000103154,ENSG00000103449,ENSG00000103490,ENSG00000104213,ENSG00000104332,ENSG00000104826,ENSG00000105329,ENSG00000105464,ENSG00000105880,ENSG00000106538,ENSG00000106991,ENSG00000108688,ENSG00000108691,ENSG00000108700,ENSG00000108771,ENSG00000108821,ENSG00000110169,ENSG00000110195,ENSG00000110492,ENSG00000111087,ENSG00000111199,ENSG00000111249,ENSG00000111348,ENSG00000112038,ENSG00000112164,ENSG00000112541,ENSG00000113739,ENSG00000113763,ENSG00000114251,ENSG00000114805,ENSG00000115252,ENSG00000115353,ENSG00000115414,ENSG00000115461,ENSG00000115896,ENSG00000116183,ENSG00000116678,ENSG00000117525,ENSG00000118292,ENSG00000118503,ENSG00000119283,ENSG00000119508,ENSG00000119699,ENSG00000120332,ENSG00000120645,ENSG00000120659,ENSG00000120885,ENSG00000121966,ENSG00000122679,ENSG00000123146,ENSG00000123609,ENSG00000123610,ENSG00000123892,ENSG00000125384,ENSG00000125538,ENSG00000125730,ENSG00000125848,ENSG00000125968,ENSG00000126458,ENSG00000126562,ENSG00000126778,ENSG00000127418,ENSG00000128052,ENSG00000128340,ENSG00000128849,ENSG00000130203,ENSG00000130303,ENSG00000130529,ENSG00000130700,ENSG00000130768,ENSG00000131634,ENSG00000132170,ENSG00000132256,ENSG00000134121,ENSG00000135116,ENSG00000135253,ENSG00000135902,ENSG00000135919,ENSG00000135926,ENSG00000136160,ENSG00000136546,ENSG00000136997,ENSG00000137077,ENSG00000137331,ENSG00000137693,ENSG00000137727,ENSG00000137962,ENSG00000138100,ENSG00000138735,ENSG00000138795,ENSG00000139219,ENSG00000139269,ENSG00000139352,ENSG00000139549,ENSG00000140279,ENSG00000140285,ENSG00000140795,ENSG00000142089,ENSG00000142173,ENSG00000142279,ENSG00000143320,ENSG00000143772,ENSG00000143816,ENSG00000143839,ENSG00000143869,ENSG00000144476,ENSG00000144596,ENSG00000145451,ENSG00000145623,ENSG00000145819,ENSG00000146376,ENSG00000147255,ENSG00000147256,ENSG00000147869,ENSG00000148053,ENSG00000148908,ENSG00000149212,ENSG00000149527,ENSG00000150281,ENSG00000150457,ENSG00000150594,ENSG00000150907,ENSG00000151615,ENSG00000152284,ENSG00000152402,ENSG00000152661,ENSG00000152894,ENSG00000153294,ENSG00000153707,ENSG00000153993,ENSG00000154678,ENSG00000154928,ENSG00000155367,ENSG00000155849,ENSG00000155886,ENSG00000155897,ENSG00000155926,ENSG00000155974,ENSG00000156535,ENSG00000156687,ENSG00000157110,ENSG00000157404,ENSG00000157613,ENSG00000158022,ENSG00000158270,ENSG00000160013,ENSG00000160223,ENSG00000161681,ENSG00000161835,ENSG00000162105,ENSG00000162344,ENSG00000162496,ENSG00000162595,ENSG00000162745,ENSG00000162894,ENSG00000162998,ENSG00000163191,ENSG00000163219,ENSG00000163273,ENSG00000163346,ENSG00000163377,ENSG00000163394,ENSG00000163430,ENSG00000163513,ENSG00000163637,ENSG00000163673,ENSG00000164082,ENSG00000164326,ENSG00000164342,ENSG00000164509,ENSG00000164692,ENSG00000165140,ENSG00000165197,ENSG00000165757,ENSG00000165895,ENSG00000166206,ENSG00000166292,ENSG00000166592,ENSG00000166862,ENSG00000166863,ENSG00000166923,ENSG00000168412,ENSG00000168539,ENSG00000168542,ENSG00000168843,ENSG00000169245,ENSG00000169247,ENSG00000169248,ENSG00000169302,ENSG00000169429,ENSG00000169583,ENSG00000169860,ENSG00000169871,ENSG00000169891,ENSG00000170775,ENSG00000170891,ENSG00000171551,ENSG00000171631,ENSG00000172247,ENSG00000172572,ENSG00000172985,ENSG00000173040,ENSG00000173376,ENSG00000173567,ENSG00000173662,ENSG00000173805,ENSG00000174672,ENSG00000175505,ENSG00000176884,ENSG00000177374,ENSG00000177706,ENSG00000179399,ENSG00000179546,ENSG00000180447,ENSG00000180720,ENSG00000180739,ENSG00000180772,ENSG00000180875,ENSG00000181072,ENSG00000181656,ENSG00000181744,ENSG00000182636,ENSG00000182771,ENSG00000182836,ENSG00000183098,ENSG00000183779,ENSG00000185201,ENSG00000185291,ENSG00000185345,ENSG00000185551,ENSG00000185650,ENSG00000186197,ENSG00000186417,ENSG00000186827,ENSG00000186897,ENSG00000187098,ENSG00000187486,ENSG00000189292,ENSG00000196154,ENSG00000196277,ENSG00000196562,ENSG00000196664,ENSG00000197496,ENSG00000197712,ENSG00000197971,ENSG00000198121,ENSG00000198523,ENSG00000198576,ENSG00000198626,ENSG00000198719,ENSG00000198768,ENSG00000198915,ENSG00000198959,ENSG00000198963,ENSG00000204592,ENSG00000213694,ENSG00000215397,ENSG00000219438,ENSG00000221866,ENSG00000232810,ENSG00000237988,ENSG00000243364,ENSG00000255690,ENSG00000266524,ENSG00000271503,ENSG00000274588"
"GO:BP","G protein-coupled receptor signaling pathway","GO:0007186","false","4.851066873743672e-7","6.3141627384232715","541","726","71","13009","ENSG00000009694,ENSG00000013588,ENSG00000014257,ENSG00000054598,ENSG00000064989,ENSG00000070601,ENSG00000075275,ENSG00000078401,ENSG00000101292,ENSG00000103154,ENSG00000104213,ENSG00000104826,ENSG00000108688,ENSG00000108691,ENSG00000108700,ENSG00000112038,ENSG00000112164,ENSG00000114251,ENSG00000115353,ENSG00000121966,ENSG00000122679,ENSG00000123146,ENSG00000125384,ENSG00000125730,ENSG00000126778,ENSG00000128340,ENSG00000130203,ENSG00000132170,ENSG00000136160,ENSG00000137077,ENSG00000144476,ENSG00000148908,ENSG00000149527,ENSG00000150594,ENSG00000153294,ENSG00000155897,ENSG00000160013,ENSG00000163394,ENSG00000164082,ENSG00000164326,ENSG00000166863,ENSG00000168412,ENSG00000168539,ENSG00000169245,ENSG00000169248,ENSG00000169429,ENSG00000169860,ENSG00000170775,ENSG00000171551,ENSG00000171631,ENSG00000172572,ENSG00000173567,ENSG00000173662,ENSG00000179546,ENSG00000180720,ENSG00000180739,ENSG00000180772,ENSG00000181072,ENSG00000181656,ENSG00000182771,ENSG00000196277,ENSG00000197712,ENSG00000198121,ENSG00000198523,ENSG00000198959,ENSG00000198963,ENSG00000213694,ENSG00000219438,ENSG00000237988,ENSG00000271503,ENSG00000274588"
"GO:BP","skeletal system development","GO:0001501","false","0.000001084953061208279","5.964589050478303","403","726","58","13009","ENSG00000003137,ENSG00000012223,ENSG00000038427,ENSG00000054598,ENSG00000066468,ENSG00000077092,ENSG00000078401,ENSG00000083454,ENSG00000090932,ENSG00000100985,ENSG00000102265,ENSG00000104332,ENSG00000105329,ENSG00000105880,ENSG00000108821,ENSG00000110492,ENSG00000111199,ENSG00000114251,ENSG00000116183,ENSG00000116678,ENSG00000119042,ENSG00000120332,ENSG00000120549,ENSG00000120659,ENSG00000121075,ENSG00000126778,ENSG00000127418,ENSG00000128052,ENSG00000128606,ENSG00000134013,ENSG00000134532,ENSG00000135111,ENSG00000139219,ENSG00000143816,ENSG00000147869,ENSG00000152661,ENSG00000162496,ENSG00000162998,ENSG00000163273,ENSG00000163346,ENSG00000163513,ENSG00000164692,ENSG00000164946,ENSG00000166923,ENSG00000168542,ENSG00000170891,ENSG00000173068,ENSG00000177706,ENSG00000182492,ENSG00000182871,ENSG00000188783,ENSG00000196092,ENSG00000196562,ENSG00000197496,ENSG00000198959,ENSG00000204248,ENSG00000204335,ENSG00000266524"
"GO:BP","response to oxygen-containing compound","GO:1901700","false","0.0000012448704417922627","5.904875844827305","1216","726","123","13009","ENSG00000003137,ENSG00000006071,ENSG00000007171,ENSG00000008394,ENSG00000010671,ENSG00000012223,ENSG00000019991,ENSG00000021826,ENSG00000041982,ENSG00000064300,ENSG00000064989,ENSG00000066468,ENSG00000069431,ENSG00000078401,ENSG00000083454,ENSG00000091592,ENSG00000095596,ENSG00000100985,ENSG00000102265,ENSG00000102996,ENSG00000103490,ENSG00000103569,ENSG00000104332,ENSG00000105329,ENSG00000105464,ENSG00000106538,ENSG00000108688,ENSG00000108691,ENSG00000108821,ENSG00000110195,ENSG00000111199,ENSG00000112038,ENSG00000112164,ENSG00000113739,ENSG00000114200,ENSG00000114251,ENSG00000115353,ENSG00000115461,ENSG00000117318,ENSG00000118503,ENSG00000119508,ENSG00000119699,ENSG00000122679,ENSG00000125384,ENSG00000125538,ENSG00000126778,ENSG00000128052,ENSG00000130164,ENSG00000130203,ENSG00000130529,ENSG00000130700,ENSG00000130707,ENSG00000132170,ENSG00000132256,ENSG00000132386,ENSG00000135902,ENSG00000136160,ENSG00000137077,ENSG00000137463,ENSG00000137693,ENSG00000139352,ENSG00000139549,ENSG00000140279,ENSG00000143816,ENSG00000143839,ENSG00000145103,ENSG00000147065,ENSG00000148053,ENSG00000148908,ENSG00000149212,ENSG00000150594,ENSG00000150907,ENSG00000151615,ENSG00000151790,ENSG00000152661,ENSG00000152894,ENSG00000154928,ENSG00000155897,ENSG00000157404,ENSG00000158270,ENSG00000159674,ENSG00000160013,ENSG00000162344,ENSG00000162670,ENSG00000163273,ENSG00000163359,ENSG00000163513,ENSG00000164082,ENSG00000165140,ENSG00000167588,ENSG00000168539,ENSG00000168542,ENSG00000168671,ENSG00000169245,ENSG00000169429,ENSG00000169860,ENSG00000170775,ENSG00000171631,ENSG00000172572,ENSG00000174672,ENSG00000176884,ENSG00000180720,ENSG00000180772,ENSG00000181019,ENSG00000181072,ENSG00000182195,ENSG00000182871,ENSG00000183779,ENSG00000185345,ENSG00000185551,ENSG00000185650,ENSG00000187486,ENSG00000196664,ENSG00000197712,ENSG00000198121,ENSG00000198125,ENSG00000198797,ENSG00000198959,ENSG00000198963,ENSG00000232810,ENSG00000240583,ENSG00000250366,ENSG00000266524"
"GO:BP","anatomical structure formation involved in morphogenesis","GO:0048646","false","0.0000013637319131790719","5.865270996299927","899","726","99","13009","ENSG00000006071,ENSG00000011465,ENSG00000021645,ENSG00000054598,ENSG00000064300,ENSG00000064989,ENSG00000066468,ENSG00000073756,ENSG00000075275,ENSG00000077238,ENSG00000078098,ENSG00000078114,ENSG00000078401,ENSG00000082397,ENSG00000090932,ENSG00000091129,ENSG00000092421,ENSG00000100985,ENSG00000102996,ENSG00000103449,ENSG00000104327,ENSG00000104332,ENSG00000105329,ENSG00000105880,ENSG00000106991,ENSG00000108691,ENSG00000108821,ENSG00000110195,ENSG00000110492,ENSG00000110719,ENSG00000114251,ENSG00000115414,ENSG00000116678,ENSG00000117525,ENSG00000118503,ENSG00000120332,ENSG00000121075,ENSG00000125538,ENSG00000125730,ENSG00000125968,ENSG00000126458,ENSG00000126778,ENSG00000128052,ENSG00000130635,ENSG00000130700,ENSG00000132170,ENSG00000132386,ENSG00000134013,ENSG00000135048,ENSG00000135111,ENSG00000137693,ENSG00000138772,ENSG00000138795,ENSG00000139219,ENSG00000140795,ENSG00000143869,ENSG00000143995,ENSG00000144476,ENSG00000150457,ENSG00000152104,ENSG00000152661,ENSG00000154133,ENSG00000154928,ENSG00000156535,ENSG00000157613,ENSG00000163273,ENSG00000163513,ENSG00000164342,ENSG00000165197,ENSG00000165323,ENSG00000165757,ENSG00000166106,ENSG00000166292,ENSG00000166825,ENSG00000166923,ENSG00000167664,ENSG00000168505,ENSG00000168542,ENSG00000169245,ENSG00000169429,ENSG00000169583,ENSG00000169908,ENSG00000171812,ENSG00000173376,ENSG00000175183,ENSG00000177706,ENSG00000179431,ENSG00000182871,ENSG00000184254,ENSG00000185155,ENSG00000186367,ENSG00000198523,ENSG00000198719,ENSG00000198959,ENSG00000203883,ENSG00000219438,ENSG00000232810,ENSG00000240583,ENSG00000255346"
"GO:BP","inflammatory response","GO:0006954","true","0.0000013638524571508174","5.8652326095263705","553","726","71","13009","ENSG00000003137,ENSG00000007171,ENSG00000010671,ENSG00000019991,ENSG00000023445,ENSG00000041982,ENSG00000067182,ENSG00000068079,ENSG00000073756,ENSG00000077238,ENSG00000081041,ENSG00000091592,ENSG00000100985,ENSG00000102265,ENSG00000103490,ENSG00000104518,ENSG00000105329,ENSG00000106538,ENSG00000108688,ENSG00000108691,ENSG00000108700,ENSG00000110492,ENSG00000110719,ENSG00000111199,ENSG00000114251,ENSG00000115353,ENSG00000115414,ENSG00000117525,ENSG00000118503,ENSG00000120659,ENSG00000120885,ENSG00000121966,ENSG00000123146,ENSG00000123609,ENSG00000123610,ENSG00000125384,ENSG00000125538,ENSG00000125730,ENSG00000126562,ENSG00000130164,ENSG00000130203,ENSG00000130707,ENSG00000130768,ENSG00000132170,ENSG00000136160,ENSG00000137077,ENSG00000137331,ENSG00000145623,ENSG00000150457,ENSG00000154175,ENSG00000155897,ENSG00000157404,ENSG00000160013,ENSG00000163346,ENSG00000164342,ENSG00000164509,ENSG00000165646,ENSG00000169245,ENSG00000169248,ENSG00000169429,ENSG00000180772,ENSG00000186827,ENSG00000196664,ENSG00000197712,ENSG00000204592,ENSG00000213694,ENSG00000224389,ENSG00000232810,ENSG00000244731,ENSG00000255690,ENSG00000271503"
"GO:BP","response to growth factor","GO:0070848","false","0.0000014396182265741378","5.841752663512276","601","726","75","13009","ENSG00000011465,ENSG00000019991,ENSG00000021826,ENSG00000041982,ENSG00000053108,ENSG00000054598,ENSG00000064300,ENSG00000066468,ENSG00000070404,ENSG00000078401,ENSG00000078579,ENSG00000092421,ENSG00000104332,ENSG00000105329,ENSG00000105880,ENSG00000106991,ENSG00000108691,ENSG00000108821,ENSG00000110195,ENSG00000114251,ENSG00000119699,ENSG00000123610,ENSG00000125538,ENSG00000125848,ENSG00000125968,ENSG00000127418,ENSG00000128052,ENSG00000129159,ENSG00000130700,ENSG00000131634,ENSG00000132170,ENSG00000134532,ENSG00000135253,ENSG00000136997,ENSG00000138795,ENSG00000139219,ENSG00000139352,ENSG00000140285,ENSG00000143869,ENSG00000147869,ENSG00000148053,ENSG00000150457,ENSG00000152894,ENSG00000154928,ENSG00000156535,ENSG00000157404,ENSG00000157613,ENSG00000162344,ENSG00000163430,ENSG00000163513,ENSG00000164692,ENSG00000165197,ENSG00000165757,ENSG00000166292,ENSG00000166923,ENSG00000168542,ENSG00000168843,ENSG00000169429,ENSG00000169860,ENSG00000170419,ENSG00000172572,ENSG00000173376,ENSG00000173805,ENSG00000177706,ENSG00000180447,ENSG00000180772,ENSG00000180875,ENSG00000182636,ENSG00000183779,ENSG00000185650,ENSG00000196562,ENSG00000197496,ENSG00000198719,ENSG00000266524,ENSG00000271503"
"GO:BP","positive regulation of multicellular organismal process","GO:0051240","false","0.000002657639098393841","5.575503995634782","1189","726","120","13009","ENSG00000006071,ENSG00000007171,ENSG00000010671,ENSG00000012223,ENSG00000018408,ENSG00000019991,ENSG00000054598,ENSG00000064300,ENSG00000066468,ENSG00000073756,ENSG00000074966,ENSG00000077238,ENSG00000078401,ENSG00000079841,ENSG00000091592,ENSG00000101463,ENSG00000103490,ENSG00000104518,ENSG00000104951,ENSG00000105329,ENSG00000106991,ENSG00000108691,ENSG00000108771,ENSG00000108821,ENSG00000110492,ENSG00000111087,ENSG00000111199,ENSG00000111249,ENSG00000112038,ENSG00000112893,ENSG00000114251,ENSG00000115353,ENSG00000115414,ENSG00000115738,ENSG00000116678,ENSG00000117525,ENSG00000119508,ENSG00000119699,ENSG00000120332,ENSG00000120659,ENSG00000120885,ENSG00000121966,ENSG00000125538,ENSG00000125730,ENSG00000125848,ENSG00000126458,ENSG00000126778,ENSG00000128052,ENSG00000130203,ENSG00000130529,ENSG00000130700,ENSG00000132170,ENSG00000132386,ENSG00000134013,ENSG00000134532,ENSG00000135919,ENSG00000135926,ENSG00000136160,ENSG00000136997,ENSG00000137077,ENSG00000137693,ENSG00000138772,ENSG00000138795,ENSG00000139329,ENSG00000139352,ENSG00000141668,ENSG00000143320,ENSG00000143772,ENSG00000146006,ENSG00000148053,ENSG00000150594,ENSG00000151615,ENSG00000152661,ENSG00000153707,ENSG00000154175,ENSG00000154928,ENSG00000157404,ENSG00000159674,ENSG00000160223,ENSG00000160224,ENSG00000162951,ENSG00000163513,ENSG00000164326,ENSG00000164342,ENSG00000165757,ENSG00000165973,ENSG00000165995,ENSG00000166349,ENSG00000166923,ENSG00000167664,ENSG00000168071,ENSG00000169429,ENSG00000169583,ENSG00000169860,ENSG00000169871,ENSG00000172201,ENSG00000172247,ENSG00000173805,ENSG00000175505,ENSG00000177706,ENSG00000179242,ENSG00000180772,ENSG00000183779,ENSG00000184564,ENSG00000185650,ENSG00000186827,ENSG00000188282,ENSG00000196549,ENSG00000196562,ENSG00000196664,ENSG00000197971,ENSG00000198626,ENSG00000198719,ENSG00000198959,ENSG00000204592,ENSG00000213171,ENSG00000232810,ENSG00000240583,ENSG00000255346,ENSG00000271503"
"GO:BP","circulatory system process","GO:0003013","false","0.000003807731324955453","5.419333703198753","438","726","60","13009","ENSG00000006071,ENSG00000007171,ENSG00000018408,ENSG00000021826,ENSG00000048740,ENSG00000054598,ENSG00000069431,ENSG00000073756,ENSG00000078401,ENSG00000080709,ENSG00000095303,ENSG00000105329,ENSG00000106991,ENSG00000111199,ENSG00000112164,ENSG00000115353,ENSG00000115738,ENSG00000116678,ENSG00000122679,ENSG00000126562,ENSG00000130203,ENSG00000130529,ENSG00000131389,ENSG00000132170,ENSG00000136160,ENSG00000136546,ENSG00000137331,ENSG00000137491,ENSG00000137693,ENSG00000138119,ENSG00000139155,ENSG00000143839,ENSG00000144596,ENSG00000149131,ENSG00000150594,ENSG00000152049,ENSG00000152661,ENSG00000157087,ENSG00000157103,ENSG00000163273,ENSG00000164326,ENSG00000164692,ENSG00000165895,ENSG00000165995,ENSG00000166825,ENSG00000166863,ENSG00000169245,ENSG00000169860,ENSG00000171303,ENSG00000172572,ENSG00000179546,ENSG00000180772,ENSG00000181072,ENSG00000185551,ENSG00000196549,ENSG00000197496,ENSG00000198523,ENSG00000198626,ENSG00000198719,ENSG00000232810"
"GO:BP","regulation of multicellular organismal development","GO:2000026","false","0.0000041584312078603255","5.381070478572508","1062","726","110","13009","ENSG00000001617,ENSG00000003137,ENSG00000006071,ENSG00000010671,ENSG00000011465,ENSG00000012223,ENSG00000018408,ENSG00000053108,ENSG00000054598,ENSG00000064300,ENSG00000066468,ENSG00000067182,ENSG00000070404,ENSG00000077092,ENSG00000077238,ENSG00000078401,ENSG00000078579,ENSG00000083454,ENSG00000088002,ENSG00000090932,ENSG00000092421,ENSG00000100985,ENSG00000101463,ENSG00000104332,ENSG00000104951,ENSG00000105329,ENSG00000106991,ENSG00000110492,ENSG00000111087,ENSG00000111249,ENSG00000112038,ENSG00000112893,ENSG00000114251,ENSG00000115414,ENSG00000115738,ENSG00000117525,ENSG00000118503,ENSG00000120332,ENSG00000120659,ENSG00000121966,ENSG00000123610,ENSG00000125538,ENSG00000125730,ENSG00000125848,ENSG00000126458,ENSG00000126778,ENSG00000128052,ENSG00000128606,ENSG00000130164,ENSG00000130529,ENSG00000132170,ENSG00000132386,ENSG00000134013,ENSG00000134532,ENSG00000135048,ENSG00000135111,ENSG00000135919,ENSG00000136997,ENSG00000137693,ENSG00000138772,ENSG00000138795,ENSG00000139352,ENSG00000141668,ENSG00000143320,ENSG00000143772,ENSG00000143816,ENSG00000143995,ENSG00000144824,ENSG00000146006,ENSG00000148053,ENSG00000151615,ENSG00000153707,ENSG00000154928,ENSG00000156535,ENSG00000157404,ENSG00000157613,ENSG00000162951,ENSG00000162998,ENSG00000163513,ENSG00000164326,ENSG00000164342,ENSG00000165757,ENSG00000165973,ENSG00000166292,ENSG00000166349,ENSG00000166923,ENSG00000167664,ENSG00000168505,ENSG00000169245,ENSG00000169429,ENSG00000169583,ENSG00000171819,ENSG00000172201,ENSG00000173805,ENSG00000175505,ENSG00000177706,ENSG00000179242,ENSG00000184564,ENSG00000185650,ENSG00000187098,ENSG00000187323,ENSG00000196549,ENSG00000197747,ENSG00000198719,ENSG00000198959,ENSG00000213171,ENSG00000213694,ENSG00000219438,ENSG00000232810,ENSG00000240583"
"GO:BP","epithelium development","GO:0060429","false","0.000004523863567668815","5.344490501160828","879","726","96","13009","ENSG00000003137,ENSG00000006016,ENSG00000006611,ENSG00000018408,ENSG00000019991,ENSG00000021826,ENSG00000041982,ENSG00000054598,ENSG00000064300,ENSG00000066468,ENSG00000067182,ENSG00000074527,ENSG00000075275,ENSG00000077092,ENSG00000078401,ENSG00000078579,ENSG00000088002,ENSG00000090932,ENSG00000100985,ENSG00000103449,ENSG00000104327,ENSG00000104332,ENSG00000105329,ENSG00000105427,ENSG00000105880,ENSG00000106991,ENSG00000110195,ENSG00000110492,ENSG00000111087,ENSG00000114251,ENSG00000115461,ENSG00000115738,ENSG00000117318,ENSG00000118292,ENSG00000120659,ENSG00000121075,ENSG00000125538,ENSG00000125730,ENSG00000125848,ENSG00000126562,ENSG00000126778,ENSG00000128052,ENSG00000130635,ENSG00000130700,ENSG00000132170,ENSG00000135111,ENSG00000135919,ENSG00000136160,ENSG00000136997,ENSG00000137693,ENSG00000138083,ENSG00000138795,ENSG00000139219,ENSG00000139352,ENSG00000140285,ENSG00000143382,ENSG00000143869,ENSG00000144824,ENSG00000147065,ENSG00000147869,ENSG00000150457,ENSG00000152661,ENSG00000154133,ENSG00000156535,ENSG00000160224,ENSG00000162998,ENSG00000163273,ENSG00000163430,ENSG00000163513,ENSG00000164509,ENSG00000166292,ENSG00000166923,ENSG00000167767,ENSG00000168505,ENSG00000169245,ENSG00000170442,ENSG00000172201,ENSG00000174672,ENSG00000177706,ENSG00000180772,ENSG00000182871,ENSG00000183779,ENSG00000184254,ENSG00000184564,ENSG00000185551,ENSG00000185650,ENSG00000186367,ENSG00000198626,ENSG00000198719,ENSG00000198959,ENSG00000203883,ENSG00000213694,ENSG00000214336,ENSG00000221866,ENSG00000232810,ENSG00000240583"
"GO:BP","regulation of hormone levels","GO:0010817","false","0.000004895981089185802","5.3101602683294304","385","726","55","13009","ENSG00000003137,ENSG00000006071,ENSG00000007171,ENSG00000010671,ENSG00000078401,ENSG00000095596,ENSG00000103316,ENSG00000104332,ENSG00000104826,ENSG00000110719,ENSG00000111199,ENSG00000112164,ENSG00000113739,ENSG00000114200,ENSG00000115353,ENSG00000120659,ENSG00000125538,ENSG00000125851,ENSG00000126562,ENSG00000130529,ENSG00000132170,ENSG00000135111,ENSG00000135697,ENSG00000136160,ENSG00000139155,ENSG00000140279,ENSG00000143320,ENSG00000143839,ENSG00000145103,ENSG00000147606,ENSG00000150594,ENSG00000150907,ENSG00000152661,ENSG00000155897,ENSG00000162496,ENSG00000163394,ENSG00000164326,ENSG00000165646,ENSG00000166825,ENSG00000169427,ENSG00000169860,ENSG00000174672,ENSG00000175426,ENSG00000184254,ENSG00000185345,ENSG00000187486,ENSG00000196502,ENSG00000196549,ENSG00000197580,ENSG00000198682,ENSG00000203797,ENSG00000232810,ENSG00000240583,ENSG00000250366,ENSG00000271503"
"GO:BP","cell development","GO:0048468","false","0.000006049690997294302","5.218266807429708","2187","726","188","13009","ENSG00000001617,ENSG00000002746,ENSG00000003137,ENSG00000006071,ENSG00000006611,ENSG00000009694,ENSG00000010671,ENSG00000012223,ENSG00000021645,ENSG00000041982,ENSG00000049249,ENSG00000053108,ENSG00000054598,ENSG00000064300,ENSG00000064666,ENSG00000066468,ENSG00000067182,ENSG00000070404,ENSG00000074527,ENSG00000075213,ENSG00000077092,ENSG00000077238,ENSG00000078114,ENSG00000078401,ENSG00000079841,ENSG00000082397,ENSG00000083454,ENSG00000085276,ENSG00000090932,ENSG00000091129,ENSG00000091409,ENSG00000092421,ENSG00000095713,ENSG00000100985,ENSG00000101489,ENSG00000103528,ENSG00000104332,ENSG00000104892,ENSG00000104951,ENSG00000105329,ENSG00000105880,ENSG00000106991,ENSG00000108231,ENSG00000110195,ENSG00000110492,ENSG00000110719,ENSG00000111087,ENSG00000111199,ENSG00000111249,ENSG00000112038,ENSG00000112137,ENSG00000112530,ENSG00000112893,ENSG00000113763,ENSG00000114251,ENSG00000115414,ENSG00000115468,ENSG00000115738,ENSG00000116678,ENSG00000119042,ENSG00000119283,ENSG00000120332,ENSG00000120659,ENSG00000120885,ENSG00000121966,ENSG00000123610,ENSG00000125538,ENSG00000125730,ENSG00000125848,ENSG00000126458,ENSG00000126778,ENSG00000128052,ENSG00000128340,ENSG00000128606,ENSG00000129993,ENSG00000130164,ENSG00000130203,ENSG00000132170,ENSG00000132386,ENSG00000132561,ENSG00000134121,ENSG00000135111,ENSG00000135253,ENSG00000135919,ENSG00000136160,ENSG00000136997,ENSG00000137077,ENSG00000137463,ENSG00000137693,ENSG00000138083,ENSG00000138795,ENSG00000139352,ENSG00000139549,ENSG00000140795,ENSG00000143320,ENSG00000143355,ENSG00000143382,ENSG00000143772,ENSG00000143839,ENSG00000143869,ENSG00000143995,ENSG00000147065,ENSG00000148053,ENSG00000150281,ENSG00000151615,ENSG00000152377,ENSG00000152894,ENSG00000153029,ENSG00000153707,ENSG00000153993,ENSG00000154133,ENSG00000154654,ENSG00000154928,ENSG00000155974,ENSG00000156042,ENSG00000156535,ENSG00000156687,ENSG00000157404,ENSG00000160223,ENSG00000160224,ENSG00000161681,ENSG00000162344,ENSG00000162576,ENSG00000162595,ENSG00000162614,ENSG00000162624,ENSG00000162998,ENSG00000163273,ENSG00000163346,ENSG00000163394,ENSG00000163513,ENSG00000164326,ENSG00000164342,ENSG00000164509,ENSG00000165323,ENSG00000165643,ENSG00000165959,ENSG00000166349,ENSG00000168505,ENSG00000169247,ENSG00000170775,ENSG00000172201,ENSG00000172572,ENSG00000172638,ENSG00000173376,ENSG00000173805,ENSG00000174672,ENSG00000175183,ENSG00000175505,ENSG00000177045,ENSG00000177706,ENSG00000179242,ENSG00000182636,ENSG00000182871,ENSG00000184564,ENSG00000184613,ENSG00000185155,ENSG00000185345,ENSG00000185650,ENSG00000185924,ENSG00000185955,ENSG00000186367,ENSG00000186417,ENSG00000186487,ENSG00000187098,ENSG00000187323,ENSG00000187634,ENSG00000188162,ENSG00000189292,ENSG00000196092,ENSG00000196277,ENSG00000196549,ENSG00000196562,ENSG00000197747,ENSG00000198121,ENSG00000198125,ENSG00000198523,ENSG00000198576,ENSG00000198719,ENSG00000198959,ENSG00000198963,ENSG00000203883,ENSG00000213694,ENSG00000214960,ENSG00000221866,ENSG00000232810,ENSG00000243364,ENSG00000250366"
"GO:BP","positive regulation of cell population proliferation","GO:0008284","false","0.000007027651779308954","5.1531897659689","658","726","78","13009","ENSG00000006016,ENSG00000010671,ENSG00000012223,ENSG00000018408,ENSG00000041982,ENSG00000064300,ENSG00000064989,ENSG00000066468,ENSG00000078401,ENSG00000078579,ENSG00000100985,ENSG00000102265,ENSG00000103490,ENSG00000104332,ENSG00000105329,ENSG00000105880,ENSG00000110492,ENSG00000110719,ENSG00000111087,ENSG00000114251,ENSG00000115353,ENSG00000115414,ENSG00000115461,ENSG00000115738,ENSG00000116678,ENSG00000117525,ENSG00000118503,ENSG00000119508,ENSG00000119699,ENSG00000125538,ENSG00000126778,ENSG00000128052,ENSG00000128340,ENSG00000130303,ENSG00000130529,ENSG00000135111,ENSG00000136160,ENSG00000136997,ENSG00000137693,ENSG00000138795,ENSG00000139352,ENSG00000140285,ENSG00000143995,ENSG00000145623,ENSG00000148053,ENSG00000150281,ENSG00000150594,ENSG00000152661,ENSG00000157404,ENSG00000160223,ENSG00000162105,ENSG00000162344,ENSG00000163346,ENSG00000163513,ENSG00000164509,ENSG00000165197,ENSG00000165757,ENSG00000166923,ENSG00000167664,ENSG00000168071,ENSG00000169245,ENSG00000170419,ENSG00000171631,ENSG00000172201,ENSG00000172987,ENSG00000174807,ENSG00000175505,ENSG00000181541,ENSG00000183779,ENSG00000185291,ENSG00000186827,ENSG00000188816,ENSG00000198719,ENSG00000204592,ENSG00000213694,ENSG00000232810,ENSG00000240583,ENSG00000271503"
"GO:BP","sensory organ development","GO:0007423","false","0.000009217651869937807","5.035379698231463","459","726","61","13009","ENSG00000003137,ENSG00000006611,ENSG00000054598,ENSG00000066468,ENSG00000074771,ENSG00000075275,ENSG00000077092,ENSG00000078401,ENSG00000078579,ENSG00000101489,ENSG00000104327,ENSG00000105329,ENSG00000105880,ENSG00000110719,ENSG00000112893,ENSG00000114251,ENSG00000126778,ENSG00000128052,ENSG00000130635,ENSG00000132386,ENSG00000135111,ENSG00000138083,ENSG00000138795,ENSG00000139219,ENSG00000139352,ENSG00000140279,ENSG00000141337,ENSG00000143816,ENSG00000143995,ENSG00000148053,ENSG00000151615,ENSG00000154928,ENSG00000157404,ENSG00000160111,ENSG00000162998,ENSG00000163513,ENSG00000165323,ENSG00000168505,ENSG00000170891,ENSG00000171303,ENSG00000171812,ENSG00000171819,ENSG00000173068,ENSG00000177045,ENSG00000178764,ENSG00000179431,ENSG00000181541,ENSG00000184254,ENSG00000184564,ENSG00000186367,ENSG00000187098,ENSG00000187634,ENSG00000188158,ENSG00000188162,ENSG00000188620,ENSG00000188816,ENSG00000196092,ENSG00000198719,ENSG00000198963,ENSG00000237412,ENSG00000240583"
"GO:BP","positive regulation of cell differentiation","GO:0045597","false","0.000010364824394344363","4.984438051526057","651","726","77","13009","ENSG00000003137,ENSG00000010671,ENSG00000012223,ENSG00000018408,ENSG00000019991,ENSG00000048540,ENSG00000054598,ENSG00000073756,ENSG00000077238,ENSG00000078401,ENSG00000078579,ENSG00000088002,ENSG00000091129,ENSG00000104332,ENSG00000104951,ENSG00000105329,ENSG00000106538,ENSG00000106991,ENSG00000108821,ENSG00000110492,ENSG00000111249,ENSG00000112038,ENSG00000112183,ENSG00000112893,ENSG00000115414,ENSG00000115738,ENSG00000119699,ENSG00000120659,ENSG00000121966,ENSG00000125538,ENSG00000126458,ENSG00000126778,ENSG00000128052,ENSG00000130529,ENSG00000130700,ENSG00000131389,ENSG00000132170,ENSG00000132386,ENSG00000134013,ENSG00000134532,ENSG00000135919,ENSG00000137693,ENSG00000138795,ENSG00000139352,ENSG00000140795,ENSG00000143320,ENSG00000143772,ENSG00000143869,ENSG00000148053,ENSG00000151615,ENSG00000152661,ENSG00000153707,ENSG00000154175,ENSG00000157404,ENSG00000158156,ENSG00000162670,ENSG00000162998,ENSG00000163273,ENSG00000163513,ENSG00000165973,ENSG00000166292,ENSG00000166349,ENSG00000170419,ENSG00000172201,ENSG00000172572,ENSG00000172638,ENSG00000173805,ENSG00000175505,ENSG00000177706,ENSG00000179242,ENSG00000183779,ENSG00000185650,ENSG00000196549,ENSG00000198797,ENSG00000198959,ENSG00000232810,ENSG00000266524"
"GO:BP","chemotaxis","GO:0006935","false","0.000010697783469856479","4.970706196756779","296","726","46","13009","ENSG00000001617,ENSG00000019991,ENSG00000075213,ENSG00000075651,ENSG00000078401,ENSG00000081041,ENSG00000092421,ENSG00000105329,ENSG00000106538,ENSG00000106991,ENSG00000108688,ENSG00000108691,ENSG00000108700,ENSG00000110492,ENSG00000111199,ENSG00000114251,ENSG00000117525,ENSG00000120659,ENSG00000121966,ENSG00000123610,ENSG00000125538,ENSG00000125848,ENSG00000128052,ENSG00000128340,ENSG00000129422,ENSG00000130529,ENSG00000136160,ENSG00000137077,ENSG00000138795,ENSG00000140285,ENSG00000144476,ENSG00000151615,ENSG00000153993,ENSG00000154928,ENSG00000157404,ENSG00000163377,ENSG00000165197,ENSG00000166923,ENSG00000169245,ENSG00000169248,ENSG00000169429,ENSG00000196154,ENSG00000198121,ENSG00000221866,ENSG00000271447,ENSG00000271503"
"GO:BP","taxis","GO:0042330","false","0.000010697783469856479","4.970706196756779","296","726","46","13009","ENSG00000001617,ENSG00000019991,ENSG00000075213,ENSG00000075651,ENSG00000078401,ENSG00000081041,ENSG00000092421,ENSG00000105329,ENSG00000106538,ENSG00000106991,ENSG00000108688,ENSG00000108691,ENSG00000108700,ENSG00000110492,ENSG00000111199,ENSG00000114251,ENSG00000117525,ENSG00000120659,ENSG00000121966,ENSG00000123610,ENSG00000125538,ENSG00000125848,ENSG00000128052,ENSG00000128340,ENSG00000129422,ENSG00000130529,ENSG00000136160,ENSG00000137077,ENSG00000138795,ENSG00000140285,ENSG00000144476,ENSG00000151615,ENSG00000153993,ENSG00000154928,ENSG00000157404,ENSG00000163377,ENSG00000165197,ENSG00000166923,ENSG00000169245,ENSG00000169248,ENSG00000169429,ENSG00000196154,ENSG00000198121,ENSG00000221866,ENSG00000271447,ENSG00000271503"
"GO:BP","muscle cell proliferation","GO:0033002","false","0.000015975219474922078","4.796553166590982","145","726","30","13009","ENSG00000019991,ENSG00000054598,ENSG00000064989,ENSG00000066468,ENSG00000078401,ENSG00000078579,ENSG00000100985,ENSG00000105329,ENSG00000111087,ENSG00000115353,ENSG00000115461,ENSG00000115738,ENSG00000118503,ENSG00000119508,ENSG00000119699,ENSG00000126778,ENSG00000130203,ENSG00000132170,ENSG00000137693,ENSG00000152661,ENSG00000154928,ENSG00000160013,ENSG00000163273,ENSG00000171631,ENSG00000172638,ENSG00000177045,ENSG00000181744,ENSG00000219438,ENSG00000232810,ENSG00000271503"
"GO:BP","cellular response to stimulus","GO:0051716","false","0.000016828020023739877","4.773966979885695","5363","726","380","13009","ENSG00000001617,ENSG00000002746,ENSG00000003137,ENSG00000006016,ENSG00000006071,ENSG00000006534,ENSG00000007171,ENSG00000008118,ENSG00000008394,ENSG00000009694,ENSG00000010671,ENSG00000011465,ENSG00000012223,ENSG00000013364,ENSG00000013588,ENSG00000014257,ENSG00000018408,ENSG00000019991,ENSG00000021300,ENSG00000021645,ENSG00000021826,ENSG00000023445,ENSG00000041982,ENSG00000042286,ENSG00000048540,ENSG00000049323,ENSG00000053108,ENSG00000054598,ENSG00000056558,ENSG00000064300,ENSG00000064666,ENSG00000064989,ENSG00000066468,ENSG00000067182,ENSG00000068079,ENSG00000069431,ENSG00000070404,ENSG00000070540,ENSG00000070601,ENSG00000073331,ENSG00000073756,ENSG00000074966,ENSG00000075213,ENSG00000075275,ENSG00000075651,ENSG00000077092,ENSG00000077238,ENSG00000078401,ENSG00000078579,ENSG00000079841,ENSG00000081041,ENSG00000083454,ENSG00000085276,ENSG00000086506,ENSG00000090932,ENSG00000091409,ENSG00000091592,ENSG00000092421,ENSG00000095303,ENSG00000095596,ENSG00000100302,ENSG00000100985,ENSG00000101282,ENSG00000101292,ENSG00000101489,ENSG00000101955,ENSG00000102048,ENSG00000102265,ENSG00000103154,ENSG00000103449,ENSG00000103490,ENSG00000103569,ENSG00000104213,ENSG00000104332,ENSG00000104826,ENSG00000105329,ENSG00000105464,ENSG00000105880,ENSG00000106538,ENSG00000106991,ENSG00000108688,ENSG00000108691,ENSG00000108700,ENSG00000108771,ENSG00000108821,ENSG00000110169,ENSG00000110195,ENSG00000110492,ENSG00000111087,ENSG00000111199,ENSG00000111249,ENSG00000111348,ENSG00000112038,ENSG00000112164,ENSG00000112183,ENSG00000112530,ENSG00000112541,ENSG00000113739,ENSG00000113763,ENSG00000114200,ENSG00000114251,ENSG00000114805,ENSG00000115252,ENSG00000115353,ENSG00000115414,ENSG00000115461,ENSG00000115468,ENSG00000115738,ENSG00000115896,ENSG00000116183,ENSG00000116299,ENSG00000116678,ENSG00000117318,ENSG00000117525,ENSG00000118292,ENSG00000118503,ENSG00000119283,ENSG00000119508,ENSG00000119699,ENSG00000120332,ENSG00000120645,ENSG00000120659,ENSG00000120885,ENSG00000121966,ENSG00000122679,ENSG00000123146,ENSG00000123609,ENSG00000123610,ENSG00000123892,ENSG00000125384,ENSG00000125538,ENSG00000125730,ENSG00000125848,ENSG00000125968,ENSG00000126458,ENSG00000126562,ENSG00000126778,ENSG00000127418,ENSG00000128052,ENSG00000128340,ENSG00000128849,ENSG00000129159,ENSG00000129422,ENSG00000130164,ENSG00000130203,ENSG00000130303,ENSG00000130529,ENSG00000130649,ENSG00000130700,ENSG00000130707,ENSG00000130768,ENSG00000131634,ENSG00000132170,ENSG00000132256,ENSG00000132386,ENSG00000132561,ENSG00000134121,ENSG00000135111,ENSG00000135116,ENSG00000135253,ENSG00000135902,ENSG00000135919,ENSG00000135926,ENSG00000136160,ENSG00000136546,ENSG00000136997,ENSG00000137077,ENSG00000137331,ENSG00000137463,ENSG00000137491,ENSG00000137693,ENSG00000137727,ENSG00000137962,ENSG00000138100,ENSG00000138735,ENSG00000138795,ENSG00000139055,ENSG00000139117,ENSG00000139219,ENSG00000139269,ENSG00000139352,ENSG00000139549,ENSG00000140279,ENSG00000140285,ENSG00000140795,ENSG00000142089,ENSG00000142173,ENSG00000142279,ENSG00000143320,ENSG00000143772,ENSG00000143816,ENSG00000143839,ENSG00000143869,ENSG00000144476,ENSG00000144596,ENSG00000145451,ENSG00000145623,ENSG00000145819,ENSG00000146376,ENSG00000147065,ENSG00000147255,ENSG00000147256,ENSG00000147869,ENSG00000148053,ENSG00000148908,ENSG00000149212,ENSG00000149527,ENSG00000150281,ENSG00000150457,ENSG00000150594,ENSG00000150907,ENSG00000151615,ENSG00000152137,ENSG00000152284,ENSG00000152402,ENSG00000152661,ENSG00000152894,ENSG00000153294,ENSG00000153707,ENSG00000153993,ENSG00000154678,ENSG00000154928,ENSG00000155367,ENSG00000155849,ENSG00000155886,ENSG00000155897,ENSG00000155926,ENSG00000155974,ENSG00000156535,ENSG00000156687,ENSG00000157110,ENSG00000157404,ENSG00000157613,ENSG00000158022,ENSG00000158270,ENSG00000159674,ENSG00000160013,ENSG00000160179,ENSG00000160223,ENSG00000161681,ENSG00000161835,ENSG00000162105,ENSG00000162344,ENSG00000162496,ENSG00000162595,ENSG00000162670,ENSG00000162745,ENSG00000162894,ENSG00000162998,ENSG00000163191,ENSG00000163219,ENSG00000163273,ENSG00000163346,ENSG00000163377,ENSG00000163394,ENSG00000163430,ENSG00000163513,ENSG00000163637,ENSG00000163673,ENSG00000164082,ENSG00000164294,ENSG00000164326,ENSG00000164342,ENSG00000164509,ENSG00000164692,ENSG00000165140,ENSG00000165197,ENSG00000165757,ENSG00000165895,ENSG00000166206,ENSG00000166292,ENSG00000166482,ENSG00000166592,ENSG00000166801,ENSG00000166862,ENSG00000166863,ENSG00000166923,ENSG00000167588,ENSG00000168412,ENSG00000168539,ENSG00000168542,ENSG00000168671,ENSG00000168843,ENSG00000169245,ENSG00000169247,ENSG00000169248,ENSG00000169302,ENSG00000169427,ENSG00000169429,ENSG00000169583,ENSG00000169860,ENSG00000169871,ENSG00000169891,ENSG00000170608,ENSG00000170775,ENSG00000170891,ENSG00000171303,ENSG00000171551,ENSG00000171631,ENSG00000172247,ENSG00000172572,ENSG00000172985,ENSG00000173040,ENSG00000173376,ENSG00000173567,ENSG00000173662,ENSG00000173805,ENSG00000174672,ENSG00000175505,ENSG00000176884,ENSG00000177374,ENSG00000177706,ENSG00000179399,ENSG00000179546,ENSG00000180447,ENSG00000180720,ENSG00000180739,ENSG00000180772,ENSG00000180875,ENSG00000181019,ENSG00000181072,ENSG00000181656,ENSG00000181744,ENSG00000182195,ENSG00000182636,ENSG00000182771,ENSG00000182836,ENSG00000183098,ENSG00000183779,ENSG00000185201,ENSG00000185291,ENSG00000185345,ENSG00000185551,ENSG00000185650,ENSG00000185924,ENSG00000186197,ENSG00000186417,ENSG00000186827,ENSG00000186897,ENSG00000187098,ENSG00000187486,ENSG00000188783,ENSG00000189292,ENSG00000196154,ENSG00000196277,ENSG00000196502,ENSG00000196549,ENSG00000196562,ENSG00000196611,ENSG00000196664,ENSG00000197496,ENSG00000197712,ENSG00000197769,ENSG00000197971,ENSG00000198121,ENSG00000198125,ENSG00000198523,ENSG00000198576,ENSG00000198626,ENSG00000198719,ENSG00000198768,ENSG00000198797,ENSG00000198915,ENSG00000198959,ENSG00000198963,ENSG00000204592,ENSG00000213694,ENSG00000215397,ENSG00000219438,ENSG00000221866,ENSG00000232810,ENSG00000237988,ENSG00000240583,ENSG00000243364,ENSG00000250366,ENSG00000255690,ENSG00000266524,ENSG00000271447,ENSG00000271503,ENSG00000274588"
"GO:BP","cellular response to growth factor stimulus","GO:0071363","false","0.000028456706313893488","4.5458153682179905","579","726","70","13009","ENSG00000011465,ENSG00000019991,ENSG00000021826,ENSG00000053108,ENSG00000054598,ENSG00000064300,ENSG00000066468,ENSG00000070404,ENSG00000078401,ENSG00000078579,ENSG00000092421,ENSG00000104332,ENSG00000105329,ENSG00000105880,ENSG00000106991,ENSG00000108691,ENSG00000108821,ENSG00000110195,ENSG00000114251,ENSG00000119699,ENSG00000123610,ENSG00000125538,ENSG00000125848,ENSG00000125968,ENSG00000127418,ENSG00000128052,ENSG00000130700,ENSG00000131634,ENSG00000132170,ENSG00000134532,ENSG00000135253,ENSG00000138795,ENSG00000139219,ENSG00000140285,ENSG00000143869,ENSG00000147869,ENSG00000148053,ENSG00000150457,ENSG00000152894,ENSG00000154928,ENSG00000156535,ENSG00000157404,ENSG00000157613,ENSG00000162344,ENSG00000163430,ENSG00000163513,ENSG00000164692,ENSG00000165197,ENSG00000165757,ENSG00000166292,ENSG00000166923,ENSG00000168542,ENSG00000168843,ENSG00000169429,ENSG00000170419,ENSG00000172572,ENSG00000173376,ENSG00000173805,ENSG00000177706,ENSG00000180447,ENSG00000180772,ENSG00000180875,ENSG00000182636,ENSG00000183779,ENSG00000185650,ENSG00000196562,ENSG00000197496,ENSG00000198719,ENSG00000266524,ENSG00000271503"
"GO:BP","nervous system process","GO:0050877","false","0.000057050077676291896","4.243743759933549","777","726","85","13009","ENSG00000006071,ENSG00000006611,ENSG00000014257,ENSG00000021645,ENSG00000079841,ENSG00000083454,ENSG00000086717,ENSG00000091129,ENSG00000101489,ENSG00000103316,ENSG00000104327,ENSG00000105464,ENSG00000108691,ENSG00000108821,ENSG00000109956,ENSG00000110492,ENSG00000111249,ENSG00000112038,ENSG00000112164,ENSG00000114200,ENSG00000115353,ENSG00000124788,ENSG00000126778,ENSG00000130164,ENSG00000130203,ENSG00000132386,ENSG00000134121,ENSG00000135902,ENSG00000135919,ENSG00000138083,ENSG00000138795,ENSG00000139219,ENSG00000139329,ENSG00000139352,ENSG00000144488,ENSG00000145451,ENSG00000148053,ENSG00000149488,ENSG00000150594,ENSG00000151615,ENSG00000154928,ENSG00000155886,ENSG00000155897,ENSG00000157087,ENSG00000157103,ENSG00000157404,ENSG00000160349,ENSG00000161681,ENSG00000162105,ENSG00000162496,ENSG00000163377,ENSG00000164326,ENSG00000165995,ENSG00000166292,ENSG00000166349,ENSG00000166862,ENSG00000168539,ENSG00000169427,ENSG00000171303,ENSG00000173662,ENSG00000176884,ENSG00000177301,ENSG00000180772,ENSG00000181656,ENSG00000182636,ENSG00000182871,ENSG00000184254,ENSG00000184564,ENSG00000185101,ENSG00000185345,ENSG00000186367,ENSG00000187486,ENSG00000188162,ENSG00000188620,ENSG00000196277,ENSG00000196549,ENSG00000197971,ENSG00000198515,ENSG00000198523,ENSG00000198576,ENSG00000198963,ENSG00000203797,ENSG00000204248,ENSG00000232810,ENSG00000240583"
"GO:BP","cell chemotaxis","GO:0060326","false","0.00008311477035835774","4.080321790715063","192","726","34","13009","ENSG00000019991,ENSG00000078401,ENSG00000081041,ENSG00000106538,ENSG00000106991,ENSG00000108688,ENSG00000108691,ENSG00000108700,ENSG00000110492,ENSG00000111199,ENSG00000114251,ENSG00000120659,ENSG00000121966,ENSG00000123610,ENSG00000125538,ENSG00000128052,ENSG00000128340,ENSG00000129422,ENSG00000130529,ENSG00000136160,ENSG00000137077,ENSG00000138795,ENSG00000144476,ENSG00000154928,ENSG00000157404,ENSG00000163377,ENSG00000165197,ENSG00000166923,ENSG00000169245,ENSG00000169248,ENSG00000169429,ENSG00000198121,ENSG00000271447,ENSG00000271503"
"GO:BP","blood circulation","GO:0008015","false","0.0000946641275137863","4.023814563491714","371","726","51","13009","ENSG00000006071,ENSG00000007171,ENSG00000021826,ENSG00000048740,ENSG00000054598,ENSG00000069431,ENSG00000073756,ENSG00000078401,ENSG00000080709,ENSG00000095303,ENSG00000105329,ENSG00000106991,ENSG00000111199,ENSG00000112164,ENSG00000115353,ENSG00000115738,ENSG00000126562,ENSG00000130203,ENSG00000130529,ENSG00000132170,ENSG00000136160,ENSG00000136546,ENSG00000137331,ENSG00000138119,ENSG00000143839,ENSG00000144596,ENSG00000149131,ENSG00000150594,ENSG00000152049,ENSG00000152661,ENSG00000157087,ENSG00000163273,ENSG00000164326,ENSG00000164692,ENSG00000165895,ENSG00000165995,ENSG00000166825,ENSG00000166863,ENSG00000169245,ENSG00000169860,ENSG00000171303,ENSG00000172572,ENSG00000179546,ENSG00000180772,ENSG00000181072,ENSG00000185551,ENSG00000196549,ENSG00000198523,ENSG00000198626,ENSG00000198719,ENSG00000232810"
"GO:BP","humoral immune response","GO:0006959","true","0.00011735479061503195","3.9304991770904656","97","726","23","13009","ENSG00000000971,ENSG00000012223,ENSG00000106538,ENSG00000108688,ENSG00000108691,ENSG00000108700,ENSG00000110169,ENSG00000120885,ENSG00000125538,ENSG00000125730,ENSG00000137077,ENSG00000149131,ENSG00000159674,ENSG00000160224,ENSG00000162894,ENSG00000169429,ENSG00000197766,ENSG00000204592,ENSG00000224389,ENSG00000232810,ENSG00000244414,ENSG00000244731,ENSG00000271503"
"GO:BP","chemical synaptic transmission","GO:0007268","false","0.00013855031332301465","3.858392487750371","613","726","71","13009","ENSG00000006071,ENSG00000021645,ENSG00000064300,ENSG00000064692,ENSG00000076944,ENSG00000078401,ENSG00000079841,ENSG00000083454,ENSG00000089169,ENSG00000100302,ENSG00000101489,ENSG00000103546,ENSG00000104327,ENSG00000105464,ENSG00000107282,ENSG00000108231,ENSG00000108691,ENSG00000111249,ENSG00000114200,ENSG00000114251,ENSG00000115353,ENSG00000115896,ENSG00000125538,ENSG00000128594,ENSG00000130203,ENSG00000131389,ENSG00000135902,ENSG00000135919,ENSG00000138119,ENSG00000141668,ENSG00000145451,ENSG00000145920,ENSG00000146006,ENSG00000148053,ENSG00000150594,ENSG00000153707,ENSG00000154928,ENSG00000155886,ENSG00000155897,ENSG00000156564,ENSG00000157103,ENSG00000157404,ENSG00000161681,ENSG00000162105,ENSG00000162951,ENSG00000164082,ENSG00000164326,ENSG00000165646,ENSG00000165917,ENSG00000165970,ENSG00000165995,ENSG00000166206,ENSG00000166862,ENSG00000168539,ENSG00000169860,ENSG00000171303,ENSG00000173805,ENSG00000176884,ENSG00000179546,ENSG00000180720,ENSG00000181019,ENSG00000181072,ENSG00000182771,ENSG00000185345,ENSG00000185666,ENSG00000187323,ENSG00000196277,ENSG00000196549,ENSG00000197971,ENSG00000198576,ENSG00000232810"
"GO:BP","anterograde trans-synaptic signaling","GO:0098916","false","0.00013855031332301465","3.858392487750371","613","726","71","13009","ENSG00000006071,ENSG00000021645,ENSG00000064300,ENSG00000064692,ENSG00000076944,ENSG00000078401,ENSG00000079841,ENSG00000083454,ENSG00000089169,ENSG00000100302,ENSG00000101489,ENSG00000103546,ENSG00000104327,ENSG00000105464,ENSG00000107282,ENSG00000108231,ENSG00000108691,ENSG00000111249,ENSG00000114200,ENSG00000114251,ENSG00000115353,ENSG00000115896,ENSG00000125538,ENSG00000128594,ENSG00000130203,ENSG00000131389,ENSG00000135902,ENSG00000135919,ENSG00000138119,ENSG00000141668,ENSG00000145451,ENSG00000145920,ENSG00000146006,ENSG00000148053,ENSG00000150594,ENSG00000153707,ENSG00000154928,ENSG00000155886,ENSG00000155897,ENSG00000156564,ENSG00000157103,ENSG00000157404,ENSG00000161681,ENSG00000162105,ENSG00000162951,ENSG00000164082,ENSG00000164326,ENSG00000165646,ENSG00000165917,ENSG00000165970,ENSG00000165995,ENSG00000166206,ENSG00000166862,ENSG00000168539,ENSG00000169860,ENSG00000171303,ENSG00000173805,ENSG00000176884,ENSG00000179546,ENSG00000180720,ENSG00000181019,ENSG00000181072,ENSG00000182771,ENSG00000185345,ENSG00000185666,ENSG00000187323,ENSG00000196277,ENSG00000196549,ENSG00000197971,ENSG00000198576,ENSG00000232810"
"GO:BP","mesenchyme development","GO:0060485","false","0.00014082383820828107","3.851323822992054","256","726","40","13009","ENSG00000001617,ENSG00000018408,ENSG00000019991,ENSG00000054598,ENSG00000066468,ENSG00000075213,ENSG00000078401,ENSG00000090932,ENSG00000092421,ENSG00000104332,ENSG00000105329,ENSG00000106991,ENSG00000108821,ENSG00000110195,ENSG00000110492,ENSG00000112183,ENSG00000114251,ENSG00000115414,ENSG00000119699,ENSG00000125538,ENSG00000126778,ENSG00000130700,ENSG00000134013,ENSG00000135111,ENSG00000136160,ENSG00000136997,ENSG00000137693,ENSG00000138795,ENSG00000144824,ENSG00000153993,ENSG00000162344,ENSG00000162998,ENSG00000163513,ENSG00000166292,ENSG00000166923,ENSG00000168505,ENSG00000173068,ENSG00000183779,ENSG00000185650,ENSG00000196154"
"GO:BP","synaptic signaling","GO:0099536","false","0.000170478963375729","3.7683292040820375","641","726","73","13009","ENSG00000006071,ENSG00000021645,ENSG00000064300,ENSG00000064692,ENSG00000076944,ENSG00000078401,ENSG00000079841,ENSG00000083454,ENSG00000089169,ENSG00000100302,ENSG00000101489,ENSG00000103546,ENSG00000104327,ENSG00000105464,ENSG00000107282,ENSG00000108231,ENSG00000108691,ENSG00000111249,ENSG00000112038,ENSG00000114200,ENSG00000114251,ENSG00000115353,ENSG00000115896,ENSG00000125538,ENSG00000128594,ENSG00000130203,ENSG00000131389,ENSG00000135902,ENSG00000135919,ENSG00000138119,ENSG00000141668,ENSG00000145451,ENSG00000145920,ENSG00000146006,ENSG00000148053,ENSG00000148908,ENSG00000150594,ENSG00000153707,ENSG00000154928,ENSG00000155886,ENSG00000155897,ENSG00000156564,ENSG00000157103,ENSG00000157404,ENSG00000161681,ENSG00000162105,ENSG00000162951,ENSG00000164082,ENSG00000164326,ENSG00000165646,ENSG00000165917,ENSG00000165970,ENSG00000165995,ENSG00000166206,ENSG00000166862,ENSG00000168539,ENSG00000169860,ENSG00000171303,ENSG00000173805,ENSG00000176884,ENSG00000179546,ENSG00000180720,ENSG00000181019,ENSG00000181072,ENSG00000182771,ENSG00000185345,ENSG00000185666,ENSG00000187323,ENSG00000196277,ENSG00000196549,ENSG00000197971,ENSG00000198576,ENSG00000232810"
"GO:BP","secretion by cell","GO:0032940","false","0.00017534283922034826","3.756111965457357","654","726","74","13009","ENSG00000006071,ENSG00000007171,ENSG00000010671,ENSG00000021645,ENSG00000064692,ENSG00000067182,ENSG00000073756,ENSG00000076944,ENSG00000077238,ENSG00000078401,ENSG00000078579,ENSG00000079841,ENSG00000089169,ENSG00000103528,ENSG00000104332,ENSG00000104518,ENSG00000105329,ENSG00000107282,ENSG00000108700,ENSG00000110719,ENSG00000111199,ENSG00000112038,ENSG00000112164,ENSG00000115353,ENSG00000119508,ENSG00000119699,ENSG00000120659,ENSG00000125538,ENSG00000126562,ENSG00000128340,ENSG00000130203,ENSG00000130529,ENSG00000132170,ENSG00000135111,ENSG00000135919,ENSG00000136160,ENSG00000138119,ENSG00000138772,ENSG00000140285,ENSG00000143839,ENSG00000145103,ENSG00000145920,ENSG00000148053,ENSG00000150594,ENSG00000150907,ENSG00000152661,ENSG00000155897,ENSG00000157404,ENSG00000157613,ENSG00000160179,ENSG00000163394,ENSG00000164082,ENSG00000164326,ENSG00000164674,ENSG00000165646,ENSG00000167964,ENSG00000169427,ENSG00000169860,ENSG00000173805,ENSG00000174672,ENSG00000177301,ENSG00000177469,ENSG00000185345,ENSG00000185666,ENSG00000187486,ENSG00000188282,ENSG00000196277,ENSG00000197747,ENSG00000198959,ENSG00000205436,ENSG00000232810,ENSG00000240583,ENSG00000250366,ENSG00000271503"
"GO:BP","cellular response to oxygen-containing compound","GO:1901701","false","0.00017775801529056328","3.750170807374677","901","726","93","13009","ENSG00000003137,ENSG00000006071,ENSG00000007171,ENSG00000008394,ENSG00000010671,ENSG00000012223,ENSG00000019991,ENSG00000021826,ENSG00000041982,ENSG00000064300,ENSG00000064989,ENSG00000066468,ENSG00000069431,ENSG00000078401,ENSG00000100985,ENSG00000103490,ENSG00000103569,ENSG00000104332,ENSG00000105329,ENSG00000105464,ENSG00000106538,ENSG00000108688,ENSG00000108691,ENSG00000108821,ENSG00000110195,ENSG00000112038,ENSG00000112164,ENSG00000114251,ENSG00000115461,ENSG00000117318,ENSG00000118503,ENSG00000119508,ENSG00000122679,ENSG00000125384,ENSG00000125538,ENSG00000126778,ENSG00000128052,ENSG00000130164,ENSG00000130529,ENSG00000130700,ENSG00000130707,ENSG00000132170,ENSG00000132256,ENSG00000132386,ENSG00000135902,ENSG00000136160,ENSG00000137463,ENSG00000137693,ENSG00000143816,ENSG00000147065,ENSG00000148053,ENSG00000148908,ENSG00000149212,ENSG00000150594,ENSG00000150907,ENSG00000151615,ENSG00000152661,ENSG00000152894,ENSG00000154928,ENSG00000155897,ENSG00000157404,ENSG00000158270,ENSG00000159674,ENSG00000162670,ENSG00000163273,ENSG00000165140,ENSG00000167588,ENSG00000168539,ENSG00000168671,ENSG00000169245,ENSG00000169429,ENSG00000169860,ENSG00000170775,ENSG00000171631,ENSG00000172572,ENSG00000174672,ENSG00000180720,ENSG00000180772,ENSG00000181019,ENSG00000181072,ENSG00000182195,ENSG00000183779,ENSG00000185345,ENSG00000185650,ENSG00000197712,ENSG00000198121,ENSG00000198125,ENSG00000198797,ENSG00000198959,ENSG00000198963,ENSG00000232810,ENSG00000240583,ENSG00000250366"
"GO:BP","cell adhesion","GO:0007155","true","0.00018724398627440036","3.7275921216647236","1078","726","106","13009","ENSG00000002586,ENSG00000021645,ENSG00000038427,ENSG00000041982,ENSG00000070404,ENSG00000074527,ENSG00000075275,ENSG00000077238,ENSG00000078098,ENSG00000080573,ENSG00000080854,ENSG00000083857,ENSG00000087303,ENSG00000091128,ENSG00000091129,ENSG00000091409,ENSG00000091986,ENSG00000092421,ENSG00000101955,ENSG00000103490,ENSG00000104332,ENSG00000104951,ENSG00000105329,ENSG00000106991,ENSG00000107282,ENSG00000108691,ENSG00000108821,ENSG00000110195,ENSG00000110492,ENSG00000111199,ENSG00000113805,ENSG00000114251,ENSG00000115414,ENSG00000119508,ENSG00000120332,ENSG00000120659,ENSG00000121966,ENSG00000123146,ENSG00000123610,ENSG00000124466,ENSG00000125538,ENSG00000125848,ENSG00000126458,ENSG00000128052,ENSG00000128340,ENSG00000128594,ENSG00000130635,ENSG00000130700,ENSG00000130707,ENSG00000134121,ENSG00000135919,ENSG00000137077,ENSG00000137699,ENSG00000138650,ENSG00000138795,ENSG00000142173,ENSG00000143772,ENSG00000144476,ENSG00000144824,ENSG00000145012,ENSG00000147065,ENSG00000152377,ENSG00000152894,ENSG00000153707,ENSG00000154133,ENSG00000154175,ENSG00000154654,ENSG00000154928,ENSG00000157404,ENSG00000159674,ENSG00000160223,ENSG00000162576,ENSG00000162614,ENSG00000163191,ENSG00000163346,ENSG00000163359,ENSG00000163513,ENSG00000164176,ENSG00000164946,ENSG00000165194,ENSG00000165323,ENSG00000165757,ENSG00000166349,ENSG00000166482,ENSG00000166923,ENSG00000167664,ENSG00000168071,ENSG00000168542,ENSG00000169429,ENSG00000171812,ENSG00000172638,ENSG00000173376,ENSG00000179242,ENSG00000182871,ENSG00000183779,ENSG00000183853,ENSG00000185650,ENSG00000186417,ENSG00000187323,ENSG00000197747,ENSG00000197971,ENSG00000198719,ENSG00000198959,ENSG00000204592,ENSG00000232810,ENSG00000271503"
"GO:BP","trans-synaptic signaling","GO:0099537","false","0.00019613669974803688","3.7074411365371334","618","726","71","13009","ENSG00000006071,ENSG00000021645,ENSG00000064300,ENSG00000064692,ENSG00000076944,ENSG00000078401,ENSG00000079841,ENSG00000083454,ENSG00000089169,ENSG00000100302,ENSG00000101489,ENSG00000103546,ENSG00000104327,ENSG00000105464,ENSG00000107282,ENSG00000108231,ENSG00000108691,ENSG00000111249,ENSG00000114200,ENSG00000114251,ENSG00000115353,ENSG00000115896,ENSG00000125538,ENSG00000128594,ENSG00000130203,ENSG00000131389,ENSG00000135902,ENSG00000135919,ENSG00000138119,ENSG00000141668,ENSG00000145451,ENSG00000145920,ENSG00000146006,ENSG00000148053,ENSG00000150594,ENSG00000153707,ENSG00000154928,ENSG00000155886,ENSG00000155897,ENSG00000156564,ENSG00000157103,ENSG00000157404,ENSG00000161681,ENSG00000162105,ENSG00000162951,ENSG00000164082,ENSG00000164326,ENSG00000165646,ENSG00000165917,ENSG00000165970,ENSG00000165995,ENSG00000166206,ENSG00000166862,ENSG00000168539,ENSG00000169860,ENSG00000171303,ENSG00000173805,ENSG00000176884,ENSG00000179546,ENSG00000180720,ENSG00000181019,ENSG00000181072,ENSG00000182771,ENSG00000185345,ENSG00000185666,ENSG00000187323,ENSG00000196277,ENSG00000196549,ENSG00000197971,ENSG00000198576,ENSG00000232810"
"GO:BP","negative regulation of cell population proliferation","GO:0008285","false","0.00020148925790383222","3.695748102661569","520","726","63","13009","ENSG00000006071,ENSG00000009694,ENSG00000010671,ENSG00000049249,ENSG00000064300,ENSG00000066468,ENSG00000068079,ENSG00000077092,ENSG00000078098,ENSG00000088002,ENSG00000090530,ENSG00000101955,ENSG00000104332,ENSG00000104951,ENSG00000105329,ENSG00000106991,ENSG00000108691,ENSG00000108700,ENSG00000112038,ENSG00000114200,ENSG00000114251,ENSG00000115461,ENSG00000118503,ENSG00000119699,ENSG00000120332,ENSG00000123609,ENSG00000125538,ENSG00000127418,ENSG00000129993,ENSG00000130203,ENSG00000132170,ENSG00000132386,ENSG00000135111,ENSG00000135919,ENSG00000136997,ENSG00000143816,ENSG00000144476,ENSG00000147869,ENSG00000152104,ENSG00000152894,ENSG00000154175,ENSG00000154928,ENSG00000156535,ENSG00000160013,ENSG00000162998,ENSG00000163191,ENSG00000163273,ENSG00000165959,ENSG00000165973,ENSG00000166923,ENSG00000169429,ENSG00000172638,ENSG00000174348,ENSG00000177045,ENSG00000182195,ENSG00000182871,ENSG00000185551,ENSG00000186897,ENSG00000198719,ENSG00000204592,ENSG00000219438,ENSG00000232810,ENSG00000276644"
"GO:BP","response to bacterium","GO:0009617","true","0.0002176900693998021","3.662161382181861","380","726","51","13009","ENSG00000006071,ENSG00000007171,ENSG00000010671,ENSG00000012223,ENSG00000021826,ENSG00000066468,ENSG00000067182,ENSG00000078401,ENSG00000081041,ENSG00000091592,ENSG00000091986,ENSG00000100504,ENSG00000100985,ENSG00000103490,ENSG00000104518,ENSG00000106538,ENSG00000108691,ENSG00000108771,ENSG00000114251,ENSG00000118503,ENSG00000125355,ENSG00000125384,ENSG00000125538,ENSG00000125730,ENSG00000130649,ENSG00000130707,ENSG00000132256,ENSG00000136160,ENSG00000136546,ENSG00000137965,ENSG00000138772,ENSG00000143839,ENSG00000153029,ENSG00000158270,ENSG00000159674,ENSG00000160013,ENSG00000162344,ENSG00000164342,ENSG00000165197,ENSG00000169245,ENSG00000169429,ENSG00000177694,ENSG00000179954,ENSG00000181019,ENSG00000182195,ENSG00000183778,ENSG00000197766,ENSG00000204592,ENSG00000224389,ENSG00000232810,ENSG00000240583"
"GO:BP","regulation of cell communication","GO:0010646","false","0.00022504987671436764","3.6477212206383416","2831","726","223","13009","ENSG00000002746,ENSG00000003137,ENSG00000006071,ENSG00000007171,ENSG00000009694,ENSG00000010671,ENSG00000011465,ENSG00000012223,ENSG00000013364,ENSG00000013588,ENSG00000014257,ENSG00000018408,ENSG00000019991,ENSG00000021645,ENSG00000023445,ENSG00000048540,ENSG00000053108,ENSG00000056558,ENSG00000064300,ENSG00000064692,ENSG00000066468,ENSG00000067182,ENSG00000068079,ENSG00000070404,ENSG00000070601,ENSG00000073331,ENSG00000073756,ENSG00000074966,ENSG00000075213,ENSG00000078401,ENSG00000078579,ENSG00000079841,ENSG00000083454,ENSG00000085276,ENSG00000090932,ENSG00000091409,ENSG00000092421,ENSG00000095596,ENSG00000100302,ENSG00000100985,ENSG00000101282,ENSG00000101489,ENSG00000101955,ENSG00000102265,ENSG00000103154,ENSG00000103449,ENSG00000103490,ENSG00000104327,ENSG00000104332,ENSG00000105329,ENSG00000105464,ENSG00000105880,ENSG00000106991,ENSG00000107282,ENSG00000108231,ENSG00000108691,ENSG00000108771,ENSG00000108821,ENSG00000110169,ENSG00000110195,ENSG00000110492,ENSG00000110719,ENSG00000111087,ENSG00000111199,ENSG00000111249,ENSG00000111348,ENSG00000112038,ENSG00000112541,ENSG00000114200,ENSG00000114251,ENSG00000115353,ENSG00000115414,ENSG00000115461,ENSG00000115896,ENSG00000117525,ENSG00000118503,ENSG00000119283,ENSG00000119699,ENSG00000120332,ENSG00000120645,ENSG00000120659,ENSG00000120885,ENSG00000121966,ENSG00000122679,ENSG00000123609,ENSG00000123610,ENSG00000125538,ENSG00000125730,ENSG00000126458,ENSG00000128052,ENSG00000128594,ENSG00000128849,ENSG00000130203,ENSG00000130303,ENSG00000130529,ENSG00000130700,ENSG00000130768,ENSG00000131389,ENSG00000131634,ENSG00000132170,ENSG00000132256,ENSG00000135253,ENSG00000135919,ENSG00000135926,ENSG00000136160,ENSG00000136997,ENSG00000137077,ENSG00000137331,ENSG00000137693,ENSG00000137727,ENSG00000137962,ENSG00000138119,ENSG00000138795,ENSG00000139219,ENSG00000139352,ENSG00000139549,ENSG00000140285,ENSG00000141668,ENSG00000142279,ENSG00000143772,ENSG00000143839,ENSG00000143869,ENSG00000144476,ENSG00000145103,ENSG00000145819,ENSG00000145920,ENSG00000146006,ENSG00000146376,ENSG00000147255,ENSG00000147869,ENSG00000148053,ENSG00000148908,ENSG00000149212,ENSG00000150457,ENSG00000150594,ENSG00000150907,ENSG00000152284,ENSG00000152402,ENSG00000152661,ENSG00000153707,ENSG00000154928,ENSG00000155886,ENSG00000155897,ENSG00000155926,ENSG00000156535,ENSG00000156564,ENSG00000157404,ENSG00000157613,ENSG00000160013,ENSG00000161681,ENSG00000162105,ENSG00000162344,ENSG00000162496,ENSG00000162894,ENSG00000162951,ENSG00000162998,ENSG00000163219,ENSG00000163346,ENSG00000163377,ENSG00000163394,ENSG00000163430,ENSG00000163513,ENSG00000164082,ENSG00000164326,ENSG00000164342,ENSG00000165140,ENSG00000165757,ENSG00000165895,ENSG00000165917,ENSG00000166292,ENSG00000166862,ENSG00000166923,ENSG00000168539,ENSG00000168542,ENSG00000168843,ENSG00000169247,ENSG00000169427,ENSG00000169429,ENSG00000169860,ENSG00000169871,ENSG00000170775,ENSG00000171631,ENSG00000172247,ENSG00000172572,ENSG00000172985,ENSG00000173805,ENSG00000174672,ENSG00000176884,ENSG00000177374,ENSG00000177706,ENSG00000179399,ENSG00000180447,ENSG00000180772,ENSG00000180875,ENSG00000181072,ENSG00000181744,ENSG00000182771,ENSG00000183098,ENSG00000183779,ENSG00000185345,ENSG00000185666,ENSG00000186897,ENSG00000187323,ENSG00000187486,ENSG00000189292,ENSG00000196154,ENSG00000196277,ENSG00000196549,ENSG00000196562,ENSG00000196664,ENSG00000197496,ENSG00000198121,ENSG00000198576,ENSG00000198626,ENSG00000198719,ENSG00000198768,ENSG00000198915,ENSG00000198959,ENSG00000203797,ENSG00000215397,ENSG00000232810,ENSG00000250366,ENSG00000271503"
"GO:BP","regulation of anatomical structure morphogenesis","GO:0022603","false","0.00024975242190154956","3.602490291637","672","726","75","13009","ENSG00000001617,ENSG00000002746,ENSG00000006071,ENSG00000011465,ENSG00000019991,ENSG00000053108,ENSG00000054598,ENSG00000064300,ENSG00000066468,ENSG00000074527,ENSG00000078401,ENSG00000079841,ENSG00000082397,ENSG00000092421,ENSG00000099260,ENSG00000103528,ENSG00000104332,ENSG00000105329,ENSG00000106991,ENSG00000108688,ENSG00000108691,ENSG00000110492,ENSG00000111249,ENSG00000114251,ENSG00000115414,ENSG00000117525,ENSG00000118503,ENSG00000120332,ENSG00000125538,ENSG00000125730,ENSG00000126458,ENSG00000126778,ENSG00000128052,ENSG00000128340,ENSG00000130700,ENSG00000132170,ENSG00000132386,ENSG00000135048,ENSG00000135926,ENSG00000138772,ENSG00000140285,ENSG00000142279,ENSG00000143320,ENSG00000144824,ENSG00000146376,ENSG00000147065,ENSG00000148053,ENSG00000151615,ENSG00000152661,ENSG00000153707,ENSG00000155974,ENSG00000157404,ENSG00000157613,ENSG00000163513,ENSG00000164342,ENSG00000165757,ENSG00000166923,ENSG00000167664,ENSG00000169245,ENSG00000169429,ENSG00000169583,ENSG00000169860,ENSG00000174672,ENSG00000176293,ENSG00000179242,ENSG00000180772,ENSG00000185345,ENSG00000187323,ENSG00000198121,ENSG00000198576,ENSG00000198719,ENSG00000198959,ENSG00000219438,ENSG00000232810,ENSG00000240583"
"GO:BP","bone development","GO:0060348","false","0.00028248406838268087","3.549006040618334","172","726","31","13009","ENSG00000003137,ENSG00000012223,ENSG00000054598,ENSG00000066468,ENSG00000077092,ENSG00000083454,ENSG00000105329,ENSG00000105880,ENSG00000108821,ENSG00000111199,ENSG00000116183,ENSG00000116678,ENSG00000120332,ENSG00000120659,ENSG00000128052,ENSG00000128606,ENSG00000139219,ENSG00000147869,ENSG00000152661,ENSG00000162496,ENSG00000163273,ENSG00000163513,ENSG00000164946,ENSG00000166923,ENSG00000168542,ENSG00000173068,ENSG00000177706,ENSG00000182492,ENSG00000196562,ENSG00000198959,ENSG00000204335"
"GO:BP","regulation of blood pressure","GO:0008217","false","0.0003668152158048673","3.435552657726569","128","726","26","13009","ENSG00000007171,ENSG00000069431,ENSG00000073756,ENSG00000078401,ENSG00000095303,ENSG00000106991,ENSG00000112164,ENSG00000115353,ENSG00000115738,ENSG00000126562,ENSG00000132170,ENSG00000136160,ENSG00000137331,ENSG00000143839,ENSG00000144596,ENSG00000164326,ENSG00000164692,ENSG00000165895,ENSG00000166825,ENSG00000166863,ENSG00000171303,ENSG00000180772,ENSG00000185551,ENSG00000196549,ENSG00000198719,ENSG00000232810"
"GO:BP","negative regulation of developmental process","GO:0051093","false","0.00037334104995120795","3.4278942554871747","691","726","76","13009","ENSG00000001617,ENSG00000006071,ENSG00000011465,ENSG00000012223,ENSG00000018408,ENSG00000053108,ENSG00000054598,ENSG00000064300,ENSG00000070404,ENSG00000077092,ENSG00000077238,ENSG00000090932,ENSG00000092421,ENSG00000095587,ENSG00000099953,ENSG00000100985,ENSG00000104332,ENSG00000105329,ENSG00000110492,ENSG00000111199,ENSG00000113739,ENSG00000114251,ENSG00000115461,ENSG00000115738,ENSG00000117318,ENSG00000120332,ENSG00000123610,ENSG00000125538,ENSG00000128606,ENSG00000130164,ENSG00000130529,ENSG00000130635,ENSG00000132170,ENSG00000132386,ENSG00000134013,ENSG00000135111,ENSG00000136160,ENSG00000136997,ENSG00000137463,ENSG00000137693,ENSG00000138083,ENSG00000138795,ENSG00000139352,ENSG00000143772,ENSG00000143816,ENSG00000143995,ENSG00000147869,ENSG00000150907,ENSG00000151615,ENSG00000154928,ENSG00000157404,ENSG00000157613,ENSG00000160179,ENSG00000162998,ENSG00000163273,ENSG00000164326,ENSG00000164342,ENSG00000165323,ENSG00000166923,ENSG00000169245,ENSG00000171819,ENSG00000172201,ENSG00000178764,ENSG00000185155,ENSG00000185345,ENSG00000185650,ENSG00000185924,ENSG00000186897,ENSG00000187323,ENSG00000198719,ENSG00000198963,ENSG00000213694,ENSG00000219438,ENSG00000232810,ENSG00000233608,ENSG00000250366"
"GO:BP","cellular response to endogenous stimulus","GO:0071495","false","0.00037392137153586705","3.427219711965738","982","726","98","13009","ENSG00000003137,ENSG00000011465,ENSG00000019991,ENSG00000021826,ENSG00000041982,ENSG00000048540,ENSG00000053108,ENSG00000054598,ENSG00000064300,ENSG00000066468,ENSG00000070404,ENSG00000077092,ENSG00000078401,ENSG00000078579,ENSG00000092421,ENSG00000095596,ENSG00000101292,ENSG00000104332,ENSG00000104826,ENSG00000105329,ENSG00000105880,ENSG00000106538,ENSG00000106991,ENSG00000108691,ENSG00000108821,ENSG00000110195,ENSG00000112164,ENSG00000114251,ENSG00000116678,ENSG00000119508,ENSG00000119699,ENSG00000122679,ENSG00000123610,ENSG00000125384,ENSG00000125538,ENSG00000125848,ENSG00000125968,ENSG00000127418,ENSG00000128052,ENSG00000130700,ENSG00000130707,ENSG00000131634,ENSG00000132170,ENSG00000132386,ENSG00000134532,ENSG00000135253,ENSG00000137463,ENSG00000138795,ENSG00000139219,ENSG00000140285,ENSG00000143839,ENSG00000143869,ENSG00000147869,ENSG00000148053,ENSG00000149212,ENSG00000150457,ENSG00000150594,ENSG00000150907,ENSG00000151615,ENSG00000152894,ENSG00000154928,ENSG00000155897,ENSG00000156535,ENSG00000157404,ENSG00000157613,ENSG00000162344,ENSG00000162496,ENSG00000163394,ENSG00000163430,ENSG00000163513,ENSG00000164692,ENSG00000165140,ENSG00000165197,ENSG00000165757,ENSG00000166292,ENSG00000166923,ENSG00000168542,ENSG00000168843,ENSG00000169429,ENSG00000170419,ENSG00000171631,ENSG00000172572,ENSG00000173376,ENSG00000173805,ENSG00000177706,ENSG00000180447,ENSG00000180772,ENSG00000180875,ENSG00000182636,ENSG00000183779,ENSG00000185650,ENSG00000196562,ENSG00000197496,ENSG00000197712,ENSG00000198719,ENSG00000240583,ENSG00000266524,ENSG00000271503"
"GO:BP","regulation of signaling","GO:0023051","false","0.0004100562756195473","3.3871565371488317","2834","726","222","13009","ENSG00000002746,ENSG00000003137,ENSG00000006071,ENSG00000007171,ENSG00000009694,ENSG00000010671,ENSG00000011465,ENSG00000012223,ENSG00000013364,ENSG00000013588,ENSG00000014257,ENSG00000018408,ENSG00000019991,ENSG00000021645,ENSG00000023445,ENSG00000048540,ENSG00000053108,ENSG00000056558,ENSG00000064300,ENSG00000064692,ENSG00000066468,ENSG00000067182,ENSG00000068079,ENSG00000070404,ENSG00000070601,ENSG00000073331,ENSG00000073756,ENSG00000074966,ENSG00000075213,ENSG00000078401,ENSG00000078579,ENSG00000079841,ENSG00000083454,ENSG00000085276,ENSG00000090932,ENSG00000091409,ENSG00000092421,ENSG00000095596,ENSG00000100302,ENSG00000100985,ENSG00000101282,ENSG00000101489,ENSG00000101955,ENSG00000102265,ENSG00000103154,ENSG00000103449,ENSG00000103490,ENSG00000104327,ENSG00000104332,ENSG00000105329,ENSG00000105464,ENSG00000105880,ENSG00000106991,ENSG00000107282,ENSG00000108231,ENSG00000108691,ENSG00000108771,ENSG00000108821,ENSG00000110169,ENSG00000110195,ENSG00000110492,ENSG00000110719,ENSG00000111087,ENSG00000111199,ENSG00000111249,ENSG00000111348,ENSG00000112038,ENSG00000112541,ENSG00000114200,ENSG00000114251,ENSG00000115353,ENSG00000115414,ENSG00000115461,ENSG00000115896,ENSG00000117525,ENSG00000118503,ENSG00000119283,ENSG00000119699,ENSG00000120332,ENSG00000120645,ENSG00000120659,ENSG00000120885,ENSG00000121966,ENSG00000122679,ENSG00000123609,ENSG00000123610,ENSG00000125538,ENSG00000125730,ENSG00000126458,ENSG00000128052,ENSG00000128594,ENSG00000128849,ENSG00000130164,ENSG00000130203,ENSG00000130303,ENSG00000130529,ENSG00000130700,ENSG00000130768,ENSG00000131389,ENSG00000131634,ENSG00000132170,ENSG00000132256,ENSG00000135253,ENSG00000135919,ENSG00000135926,ENSG00000136160,ENSG00000136997,ENSG00000137077,ENSG00000137331,ENSG00000137693,ENSG00000137727,ENSG00000137962,ENSG00000138119,ENSG00000138795,ENSG00000139219,ENSG00000139352,ENSG00000139549,ENSG00000140285,ENSG00000141668,ENSG00000142279,ENSG00000143772,ENSG00000143839,ENSG00000143869,ENSG00000144476,ENSG00000145103,ENSG00000145819,ENSG00000145920,ENSG00000146006,ENSG00000146376,ENSG00000147255,ENSG00000147869,ENSG00000148053,ENSG00000148908,ENSG00000149212,ENSG00000150457,ENSG00000150594,ENSG00000150907,ENSG00000152284,ENSG00000152402,ENSG00000152661,ENSG00000153707,ENSG00000154928,ENSG00000155886,ENSG00000155897,ENSG00000155926,ENSG00000156535,ENSG00000156564,ENSG00000157404,ENSG00000157613,ENSG00000160013,ENSG00000161681,ENSG00000162105,ENSG00000162344,ENSG00000162496,ENSG00000162894,ENSG00000162951,ENSG00000162998,ENSG00000163219,ENSG00000163346,ENSG00000163377,ENSG00000163394,ENSG00000163430,ENSG00000163513,ENSG00000164082,ENSG00000164326,ENSG00000164342,ENSG00000165140,ENSG00000165757,ENSG00000165895,ENSG00000165917,ENSG00000166292,ENSG00000166862,ENSG00000166923,ENSG00000168539,ENSG00000168542,ENSG00000168843,ENSG00000169247,ENSG00000169427,ENSG00000169429,ENSG00000169860,ENSG00000169871,ENSG00000170775,ENSG00000171631,ENSG00000172247,ENSG00000172572,ENSG00000172985,ENSG00000173805,ENSG00000174672,ENSG00000176884,ENSG00000177374,ENSG00000177706,ENSG00000179399,ENSG00000180447,ENSG00000180772,ENSG00000180875,ENSG00000181072,ENSG00000181744,ENSG00000182771,ENSG00000183098,ENSG00000183779,ENSG00000185345,ENSG00000185666,ENSG00000186897,ENSG00000187323,ENSG00000187486,ENSG00000189292,ENSG00000196154,ENSG00000196277,ENSG00000196549,ENSG00000196562,ENSG00000196664,ENSG00000197496,ENSG00000198121,ENSG00000198576,ENSG00000198719,ENSG00000198768,ENSG00000198915,ENSG00000198959,ENSG00000215397,ENSG00000232810,ENSG00000250366,ENSG00000271503"
"GO:BP","response to organophosphorus","GO:0046683","false","0.00041395560793537373","3.3830462295612516","87","726","21","13009","ENSG00000021826,ENSG00000069431,ENSG00000083454,ENSG00000103569,ENSG00000108821,ENSG00000115461,ENSG00000125538,ENSG00000130529,ENSG00000130707,ENSG00000140279,ENSG00000143839,ENSG00000165140,ENSG00000167588,ENSG00000169860,ENSG00000171631,ENSG00000172572,ENSG00000185650,ENSG00000187486,ENSG00000196664,ENSG00000198121,ENSG00000240583"
"GO:BP","epithelial cell proliferation","GO:0050673","false","0.0005223613794171501","3.2820289399375118","322","726","45","13009","ENSG00000010671,ENSG00000019991,ENSG00000064300,ENSG00000066468,ENSG00000078098,ENSG00000104332,ENSG00000105329,ENSG00000105880,ENSG00000106991,ENSG00000108691,ENSG00000110492,ENSG00000111087,ENSG00000114251,ENSG00000115353,ENSG00000115461,ENSG00000115738,ENSG00000117525,ENSG00000118292,ENSG00000118503,ENSG00000119508,ENSG00000120659,ENSG00000126778,ENSG00000128052,ENSG00000130203,ENSG00000132170,ENSG00000132386,ENSG00000134013,ENSG00000136160,ENSG00000136997,ENSG00000137693,ENSG00000140285,ENSG00000152894,ENSG00000156535,ENSG00000157404,ENSG00000165757,ENSG00000171812,ENSG00000183779,ENSG00000185551,ENSG00000185650,ENSG00000188816,ENSG00000196562,ENSG00000232810,ENSG00000255346,ENSG00000271503,ENSG00000276644"
"GO:BP","behavior","GO:0007610","false","0.0006810754334081608","3.166804784564979","512","726","61","13009","ENSG00000006071,ENSG00000021645,ENSG00000075275,ENSG00000100302,ENSG00000104327,ENSG00000105464,ENSG00000107282,ENSG00000109956,ENSG00000110492,ENSG00000111249,ENSG00000112038,ENSG00000112164,ENSG00000114200,ENSG00000115353,ENSG00000115738,ENSG00000116678,ENSG00000119508,ENSG00000124788,ENSG00000130164,ENSG00000130203,ENSG00000132386,ENSG00000134121,ENSG00000135919,ENSG00000136160,ENSG00000143839,ENSG00000143995,ENSG00000148053,ENSG00000155886,ENSG00000155897,ENSG00000157103,ENSG00000157404,ENSG00000161681,ENSG00000162105,ENSG00000162670,ENSG00000162951,ENSG00000164082,ENSG00000164326,ENSG00000165646,ENSG00000166349,ENSG00000168412,ENSG00000169860,ENSG00000170775,ENSG00000172247,ENSG00000176884,ENSG00000177301,ENSG00000179546,ENSG00000180772,ENSG00000181656,ENSG00000182771,ENSG00000184254,ENSG00000184564,ENSG00000185345,ENSG00000186367,ENSG00000188162,ENSG00000196092,ENSG00000196549,ENSG00000198523,ENSG00000198576,ENSG00000203797,ENSG00000266074,ENSG00000276644"
"GO:BP","mesenchymal cell differentiation","GO:0048762","false","0.0006935493863334023","3.1589226082050916","208","726","34","13009","ENSG00000001617,ENSG00000018408,ENSG00000019991,ENSG00000054598,ENSG00000066468,ENSG00000075213,ENSG00000078401,ENSG00000092421,ENSG00000104332,ENSG00000105329,ENSG00000106991,ENSG00000108821,ENSG00000110195,ENSG00000110492,ENSG00000114251,ENSG00000115414,ENSG00000119699,ENSG00000125538,ENSG00000126778,ENSG00000130700,ENSG00000134013,ENSG00000135111,ENSG00000136160,ENSG00000138795,ENSG00000144824,ENSG00000153993,ENSG00000162344,ENSG00000162998,ENSG00000163513,ENSG00000166292,ENSG00000166923,ENSG00000168505,ENSG00000183779,ENSG00000196154"
"GO:BP","regulation of vasculature development","GO:1901342","false","0.0008415770535252192","3.074906114520226","230","726","36","13009","ENSG00000006071,ENSG00000011465,ENSG00000054598,ENSG00000092421,ENSG00000104332,ENSG00000105329,ENSG00000106991,ENSG00000110492,ENSG00000114251,ENSG00000117525,ENSG00000118503,ENSG00000120332,ENSG00000121966,ENSG00000125538,ENSG00000125730,ENSG00000126458,ENSG00000128052,ENSG00000132170,ENSG00000132386,ENSG00000135048,ENSG00000138772,ENSG00000157613,ENSG00000163513,ENSG00000164342,ENSG00000165757,ENSG00000166923,ENSG00000167664,ENSG00000169245,ENSG00000169429,ENSG00000169583,ENSG00000171819,ENSG00000198719,ENSG00000198959,ENSG00000219438,ENSG00000232810,ENSG00000240583"
"GO:BP","response to nitrogen compound","GO:1901698","false","0.0010065995840615027","2.997143253394305","733","726","78","13009","ENSG00000006071,ENSG00000021826,ENSG00000064300,ENSG00000066468,ENSG00000069431,ENSG00000078401,ENSG00000083454,ENSG00000091592,ENSG00000100985,ENSG00000102265,ENSG00000103569,ENSG00000105329,ENSG00000105464,ENSG00000106538,ENSG00000108821,ENSG00000110195,ENSG00000111199,ENSG00000112038,ENSG00000112164,ENSG00000113739,ENSG00000114200,ENSG00000115461,ENSG00000118503,ENSG00000119508,ENSG00000122679,ENSG00000125538,ENSG00000126778,ENSG00000128052,ENSG00000129159,ENSG00000130529,ENSG00000130700,ENSG00000130707,ENSG00000132170,ENSG00000135902,ENSG00000136160,ENSG00000137463,ENSG00000139352,ENSG00000140279,ENSG00000143839,ENSG00000148053,ENSG00000148908,ENSG00000149212,ENSG00000150594,ENSG00000150907,ENSG00000151615,ENSG00000151790,ENSG00000152661,ENSG00000154928,ENSG00000155897,ENSG00000157404,ENSG00000158270,ENSG00000164082,ENSG00000164326,ENSG00000164342,ENSG00000165140,ENSG00000165646,ENSG00000166206,ENSG00000167588,ENSG00000168539,ENSG00000168542,ENSG00000169860,ENSG00000171631,ENSG00000172572,ENSG00000176884,ENSG00000180720,ENSG00000180772,ENSG00000181072,ENSG00000182195,ENSG00000185345,ENSG00000185650,ENSG00000187486,ENSG00000196664,ENSG00000197712,ENSG00000198626,ENSG00000198959,ENSG00000232810,ENSG00000240583,ENSG00000266524"
"GO:BP","export from cell","GO:0140352","false","0.0010715287613380603","2.969996167391379","708","726","76","13009","ENSG00000006071,ENSG00000007171,ENSG00000010671,ENSG00000021645,ENSG00000064692,ENSG00000067182,ENSG00000073756,ENSG00000076944,ENSG00000077238,ENSG00000078401,ENSG00000078579,ENSG00000079841,ENSG00000089169,ENSG00000103528,ENSG00000104332,ENSG00000104518,ENSG00000105329,ENSG00000107282,ENSG00000108700,ENSG00000110719,ENSG00000111199,ENSG00000112038,ENSG00000112164,ENSG00000115353,ENSG00000119508,ENSG00000119699,ENSG00000120659,ENSG00000125538,ENSG00000126562,ENSG00000128340,ENSG00000130203,ENSG00000130529,ENSG00000132170,ENSG00000135111,ENSG00000135919,ENSG00000136160,ENSG00000138119,ENSG00000138772,ENSG00000140285,ENSG00000143839,ENSG00000145103,ENSG00000145920,ENSG00000148053,ENSG00000150594,ENSG00000150907,ENSG00000152049,ENSG00000152661,ENSG00000155897,ENSG00000157404,ENSG00000157613,ENSG00000158014,ENSG00000160179,ENSG00000163394,ENSG00000164082,ENSG00000164326,ENSG00000164674,ENSG00000165646,ENSG00000167964,ENSG00000169427,ENSG00000169860,ENSG00000173805,ENSG00000174672,ENSG00000177301,ENSG00000177469,ENSG00000185345,ENSG00000185666,ENSG00000187486,ENSG00000188282,ENSG00000196277,ENSG00000197747,ENSG00000198959,ENSG00000205436,ENSG00000232810,ENSG00000240583,ENSG00000250366,ENSG00000271503"
"GO:BP","positive regulation of inflammatory response","GO:0050729","false","0.001199672809745486","2.920937184200342","92","726","21","13009","ENSG00000010671,ENSG00000067182,ENSG00000068079,ENSG00000073756,ENSG00000091592,ENSG00000103490,ENSG00000104518,ENSG00000105329,ENSG00000110492,ENSG00000111199,ENSG00000114251,ENSG00000120659,ENSG00000123609,ENSG00000125538,ENSG00000125730,ENSG00000130164,ENSG00000145623,ENSG00000164342,ENSG00000196664,ENSG00000204592,ENSG00000232810"
"GO:BP","negative regulation of multicellular organismal process","GO:0051241","false","0.0013159017712614793","2.880776528496609","777","726","81","13009","ENSG00000001617,ENSG00000006071,ENSG00000010671,ENSG00000011465,ENSG00000012223,ENSG00000019991,ENSG00000053108,ENSG00000054598,ENSG00000064300,ENSG00000067182,ENSG00000067798,ENSG00000070404,ENSG00000077092,ENSG00000077238,ENSG00000078098,ENSG00000078401,ENSG00000090932,ENSG00000092421,ENSG00000101000,ENSG00000102265,ENSG00000103490,ENSG00000104332,ENSG00000104951,ENSG00000105329,ENSG00000108771,ENSG00000110492,ENSG00000111348,ENSG00000113739,ENSG00000114251,ENSG00000115414,ENSG00000115461,ENSG00000115738,ENSG00000115896,ENSG00000118503,ENSG00000119699,ENSG00000123609,ENSG00000123610,ENSG00000125538,ENSG00000125968,ENSG00000126562,ENSG00000128606,ENSG00000130164,ENSG00000130203,ENSG00000130303,ENSG00000130529,ENSG00000130700,ENSG00000132170,ENSG00000132386,ENSG00000134013,ENSG00000135919,ENSG00000136997,ENSG00000138795,ENSG00000143816,ENSG00000149131,ENSG00000150594,ENSG00000150907,ENSG00000151615,ENSG00000152661,ENSG00000154175,ENSG00000157613,ENSG00000158022,ENSG00000162998,ENSG00000164326,ENSG00000164342,ENSG00000164509,ENSG00000165895,ENSG00000166923,ENSG00000169245,ENSG00000169427,ENSG00000171819,ENSG00000172201,ENSG00000179954,ENSG00000180772,ENSG00000187323,ENSG00000197496,ENSG00000198523,ENSG00000198719,ENSG00000204592,ENSG00000219438,ENSG00000232810,ENSG00000266524"
"GO:BP","response to fibroblast growth factor","GO:0071774","false","0.0013507163156650007","2.869435854144661","118","726","24","13009","ENSG00000021826,ENSG00000041982,ENSG00000064300,ENSG00000066468,ENSG00000078579,ENSG00000108691,ENSG00000108821,ENSG00000114251,ENSG00000125848,ENSG00000127418,ENSG00000128052,ENSG00000129159,ENSG00000140285,ENSG00000148053,ENSG00000154928,ENSG00000157404,ENSG00000157613,ENSG00000162344,ENSG00000169429,ENSG00000173376,ENSG00000177706,ENSG00000185650,ENSG00000196562,ENSG00000271503"
"GO:BP","response to lipid","GO:0033993","false","0.001376291850100635","2.861289461850212","622","726","69","13009","ENSG00000003137,ENSG00000006071,ENSG00000007171,ENSG00000008394,ENSG00000010671,ENSG00000012223,ENSG00000021826,ENSG00000041982,ENSG00000048540,ENSG00000066468,ENSG00000078401,ENSG00000095596,ENSG00000100985,ENSG00000102996,ENSG00000103490,ENSG00000104332,ENSG00000105329,ENSG00000108691,ENSG00000108821,ENSG00000113739,ENSG00000114200,ENSG00000114251,ENSG00000115353,ENSG00000117318,ENSG00000118503,ENSG00000119508,ENSG00000119699,ENSG00000122679,ENSG00000125384,ENSG00000125538,ENSG00000130164,ENSG00000130707,ENSG00000132170,ENSG00000132256,ENSG00000132386,ENSG00000136160,ENSG00000137077,ENSG00000137463,ENSG00000137693,ENSG00000139352,ENSG00000139549,ENSG00000143816,ENSG00000143839,ENSG00000145103,ENSG00000147065,ENSG00000150907,ENSG00000151615,ENSG00000155897,ENSG00000158022,ENSG00000159674,ENSG00000160013,ENSG00000160179,ENSG00000162670,ENSG00000163513,ENSG00000165140,ENSG00000169245,ENSG00000169429,ENSG00000171631,ENSG00000172572,ENSG00000181019,ENSG00000182195,ENSG00000183779,ENSG00000185551,ENSG00000185650,ENSG00000198121,ENSG00000198797,ENSG00000198963,ENSG00000232810,ENSG00000240583"
"GO:BP","morphogenesis of a branching epithelium","GO:0061138","false","0.0013766535536387957","2.8611753398255626","136","726","26","13009","ENSG00000019991,ENSG00000041982,ENSG00000066468,ENSG00000074527,ENSG00000075275,ENSG00000078401,ENSG00000103449,ENSG00000104332,ENSG00000105329,ENSG00000106991,ENSG00000110492,ENSG00000114251,ENSG00000126778,ENSG00000128052,ENSG00000135111,ENSG00000136997,ENSG00000137693,ENSG00000138795,ENSG00000140285,ENSG00000143869,ENSG00000163513,ENSG00000166923,ENSG00000168505,ENSG00000180772,ENSG00000198959,ENSG00000232810"
"GO:BP","generation of neurons","GO:0048699","false","0.0015067738027911813","2.8219519391736645","1262","726","116","13009","ENSG00000001617,ENSG00000002746,ENSG00000006611,ENSG00000009694,ENSG00000021645,ENSG00000041982,ENSG00000053108,ENSG00000064300,ENSG00000066468,ENSG00000074527,ENSG00000075213,ENSG00000075275,ENSG00000078401,ENSG00000078579,ENSG00000079841,ENSG00000082397,ENSG00000091129,ENSG00000091409,ENSG00000092421,ENSG00000095713,ENSG00000103449,ENSG00000103528,ENSG00000104332,ENSG00000105329,ENSG00000105880,ENSG00000108231,ENSG00000109851,ENSG00000110195,ENSG00000110492,ENSG00000111199,ENSG00000111249,ENSG00000112137,ENSG00000113763,ENSG00000114200,ENSG00000114251,ENSG00000115414,ENSG00000115468,ENSG00000115738,ENSG00000117318,ENSG00000119042,ENSG00000119283,ENSG00000120332,ENSG00000125730,ENSG00000125848,ENSG00000125968,ENSG00000126778,ENSG00000130203,ENSG00000132386,ENSG00000132561,ENSG00000134121,ENSG00000134532,ENSG00000136160,ENSG00000136944,ENSG00000137463,ENSG00000138083,ENSG00000138795,ENSG00000139352,ENSG00000143320,ENSG00000143355,ENSG00000143816,ENSG00000143869,ENSG00000143995,ENSG00000148053,ENSG00000150281,ENSG00000151615,ENSG00000152377,ENSG00000152894,ENSG00000153707,ENSG00000153993,ENSG00000154133,ENSG00000154654,ENSG00000154928,ENSG00000155974,ENSG00000156687,ENSG00000157087,ENSG00000161681,ENSG00000162614,ENSG00000162624,ENSG00000162670,ENSG00000163394,ENSG00000165197,ENSG00000165323,ENSG00000165959,ENSG00000168505,ENSG00000168542,ENSG00000170775,ENSG00000172201,ENSG00000173376,ENSG00000174672,ENSG00000178764,ENSG00000179242,ENSG00000182636,ENSG00000184564,ENSG00000184613,ENSG00000185345,ENSG00000185551,ENSG00000185924,ENSG00000186367,ENSG00000186417,ENSG00000186487,ENSG00000187323,ENSG00000187634,ENSG00000188162,ENSG00000189292,ENSG00000196277,ENSG00000198121,ENSG00000198576,ENSG00000198719,ENSG00000198797,ENSG00000198963,ENSG00000214960,ENSG00000215397,ENSG00000221866,ENSG00000243364,ENSG00000250366,ENSG00000266074"
"GO:BP","modulation of chemical synaptic transmission","GO:0050804","false","0.0017404567792091718","2.7593367570875484","416","726","52","13009","ENSG00000021645,ENSG00000064300,ENSG00000064692,ENSG00000078401,ENSG00000079841,ENSG00000101489,ENSG00000104327,ENSG00000105464,ENSG00000107282,ENSG00000108231,ENSG00000108691,ENSG00000111249,ENSG00000114200,ENSG00000114251,ENSG00000115353,ENSG00000115896,ENSG00000125538,ENSG00000128594,ENSG00000130203,ENSG00000131389,ENSG00000135919,ENSG00000138119,ENSG00000141668,ENSG00000145920,ENSG00000146006,ENSG00000148053,ENSG00000150594,ENSG00000153707,ENSG00000154928,ENSG00000155886,ENSG00000155897,ENSG00000156564,ENSG00000157404,ENSG00000161681,ENSG00000162105,ENSG00000162951,ENSG00000164082,ENSG00000165917,ENSG00000166862,ENSG00000168539,ENSG00000169860,ENSG00000173805,ENSG00000176884,ENSG00000181072,ENSG00000182771,ENSG00000185345,ENSG00000185666,ENSG00000187323,ENSG00000196277,ENSG00000196549,ENSG00000198576,ENSG00000232810"
"GO:BP","leukocyte chemotaxis","GO:0030595","false","0.0018822809692402287","2.7253155486649208","138","726","26","13009","ENSG00000078401,ENSG00000106538,ENSG00000108688,ENSG00000108691,ENSG00000108700,ENSG00000110492,ENSG00000111199,ENSG00000114251,ENSG00000120659,ENSG00000121966,ENSG00000123610,ENSG00000125538,ENSG00000128340,ENSG00000129422,ENSG00000130529,ENSG00000136160,ENSG00000137077,ENSG00000157404,ENSG00000163377,ENSG00000165197,ENSG00000166923,ENSG00000169245,ENSG00000169248,ENSG00000169429,ENSG00000271447,ENSG00000271503"
"GO:BP","regulation of trans-synaptic signaling","GO:0099177","false","0.0018852391916153576","2.724633540413905","417","726","52","13009","ENSG00000021645,ENSG00000064300,ENSG00000064692,ENSG00000078401,ENSG00000079841,ENSG00000101489,ENSG00000104327,ENSG00000105464,ENSG00000107282,ENSG00000108231,ENSG00000108691,ENSG00000111249,ENSG00000114200,ENSG00000114251,ENSG00000115353,ENSG00000115896,ENSG00000125538,ENSG00000128594,ENSG00000130203,ENSG00000131389,ENSG00000135919,ENSG00000138119,ENSG00000141668,ENSG00000145920,ENSG00000146006,ENSG00000148053,ENSG00000150594,ENSG00000153707,ENSG00000154928,ENSG00000155886,ENSG00000155897,ENSG00000156564,ENSG00000157404,ENSG00000161681,ENSG00000162105,ENSG00000162951,ENSG00000164082,ENSG00000165917,ENSG00000166862,ENSG00000168539,ENSG00000169860,ENSG00000173805,ENSG00000176884,ENSG00000181072,ENSG00000182771,ENSG00000185345,ENSG00000185666,ENSG00000187323,ENSG00000196277,ENSG00000196549,ENSG00000198576,ENSG00000232810"
"GO:BP","osteoblast differentiation","GO:0001649","false","0.0019071749569563245","2.7196094646071627","196","726","32","13009","ENSG00000011028,ENSG00000012223,ENSG00000018408,ENSG00000019991,ENSG00000038427,ENSG00000041982,ENSG00000066468,ENSG00000104332,ENSG00000105880,ENSG00000108821,ENSG00000110719,ENSG00000111087,ENSG00000115461,ENSG00000117318,ENSG00000119042,ENSG00000120332,ENSG00000123610,ENSG00000130529,ENSG00000132170,ENSG00000137693,ENSG00000138795,ENSG00000139549,ENSG00000157613,ENSG00000163273,ENSG00000165973,ENSG00000166923,ENSG00000172201,ENSG00000177706,ENSG00000198963,ENSG00000232810,ENSG00000233608,ENSG00000266524"
"GO:BP","secretion","GO:0046903","false","0.0019343249674476082","2.713470562459042","731","726","77","13009","ENSG00000006071,ENSG00000007171,ENSG00000010671,ENSG00000021645,ENSG00000064692,ENSG00000067182,ENSG00000073756,ENSG00000076944,ENSG00000077238,ENSG00000078401,ENSG00000078579,ENSG00000079841,ENSG00000089169,ENSG00000103528,ENSG00000104332,ENSG00000104518,ENSG00000105329,ENSG00000107282,ENSG00000108700,ENSG00000110719,ENSG00000111199,ENSG00000112038,ENSG00000112164,ENSG00000115353,ENSG00000119508,ENSG00000119699,ENSG00000120659,ENSG00000125538,ENSG00000126562,ENSG00000128340,ENSG00000130203,ENSG00000130529,ENSG00000132170,ENSG00000135111,ENSG00000135919,ENSG00000136160,ENSG00000138119,ENSG00000138772,ENSG00000140285,ENSG00000143839,ENSG00000145103,ENSG00000145920,ENSG00000147606,ENSG00000148053,ENSG00000150594,ENSG00000150907,ENSG00000152661,ENSG00000155897,ENSG00000157404,ENSG00000157613,ENSG00000160179,ENSG00000163394,ENSG00000164082,ENSG00000164326,ENSG00000164674,ENSG00000165646,ENSG00000167964,ENSG00000168539,ENSG00000169427,ENSG00000169860,ENSG00000173805,ENSG00000174672,ENSG00000177301,ENSG00000177469,ENSG00000185345,ENSG00000185666,ENSG00000187486,ENSG00000188282,ENSG00000196187,ENSG00000196277,ENSG00000197747,ENSG00000198959,ENSG00000205436,ENSG00000232810,ENSG00000240583,ENSG00000250366,ENSG00000271503"
"GO:BP","sensory organ morphogenesis","GO:0090596","false","0.002053395642383258","2.6875273639516735","217","726","34","13009","ENSG00000003137,ENSG00000006611,ENSG00000066468,ENSG00000075275,ENSG00000077092,ENSG00000078401,ENSG00000104327,ENSG00000105880,ENSG00000112893,ENSG00000114251,ENSG00000126778,ENSG00000128052,ENSG00000130635,ENSG00000135111,ENSG00000138083,ENSG00000139219,ENSG00000143816,ENSG00000143995,ENSG00000148053,ENSG00000154928,ENSG00000162998,ENSG00000165323,ENSG00000168505,ENSG00000171812,ENSG00000178764,ENSG00000179431,ENSG00000184254,ENSG00000184564,ENSG00000187634,ENSG00000188620,ENSG00000188816,ENSG00000198719,ENSG00000198963,ENSG00000240583"
"GO:BP","response to purine-containing compound","GO:0014074","false","0.002436170939747242","2.6132922416613487","104","726","22","13009","ENSG00000021826,ENSG00000069431,ENSG00000083454,ENSG00000103569,ENSG00000108821,ENSG00000115461,ENSG00000125538,ENSG00000130529,ENSG00000130707,ENSG00000132170,ENSG00000140279,ENSG00000143839,ENSG00000165140,ENSG00000167588,ENSG00000169860,ENSG00000171631,ENSG00000172572,ENSG00000185650,ENSG00000187486,ENSG00000196664,ENSG00000198626,ENSG00000240583"
"GO:BP","positive regulation of cell communication","GO:0010647","false","0.002447125034395211","2.6113438400635736","1403","726","125","13009","ENSG00000006071,ENSG00000009694,ENSG00000010671,ENSG00000011465,ENSG00000012223,ENSG00000014257,ENSG00000019991,ENSG00000023445,ENSG00000048540,ENSG00000064300,ENSG00000066468,ENSG00000067182,ENSG00000068079,ENSG00000073331,ENSG00000074966,ENSG00000075213,ENSG00000078401,ENSG00000078579,ENSG00000079841,ENSG00000083454,ENSG00000100302,ENSG00000100985,ENSG00000101282,ENSG00000101955,ENSG00000103154,ENSG00000103449,ENSG00000103490,ENSG00000104332,ENSG00000105329,ENSG00000105464,ENSG00000105880,ENSG00000106991,ENSG00000108231,ENSG00000108691,ENSG00000108771,ENSG00000108821,ENSG00000110169,ENSG00000111087,ENSG00000111199,ENSG00000111249,ENSG00000112038,ENSG00000114251,ENSG00000115353,ENSG00000115414,ENSG00000115461,ENSG00000117525,ENSG00000118503,ENSG00000119699,ENSG00000120659,ENSG00000121966,ENSG00000122679,ENSG00000123609,ENSG00000125538,ENSG00000125730,ENSG00000128052,ENSG00000130203,ENSG00000130303,ENSG00000130529,ENSG00000130700,ENSG00000132170,ENSG00000132256,ENSG00000135253,ENSG00000135919,ENSG00000136160,ENSG00000136997,ENSG00000137077,ENSG00000137693,ENSG00000138795,ENSG00000139352,ENSG00000139549,ENSG00000140285,ENSG00000143772,ENSG00000143869,ENSG00000144476,ENSG00000145103,ENSG00000146006,ENSG00000148053,ENSG00000150457,ENSG00000150594,ENSG00000152402,ENSG00000152661,ENSG00000155886,ENSG00000155897,ENSG00000157404,ENSG00000161681,ENSG00000162105,ENSG00000162344,ENSG00000162951,ENSG00000163346,ENSG00000163513,ENSG00000164082,ENSG00000164326,ENSG00000164342,ENSG00000165757,ENSG00000165917,ENSG00000166292,ENSG00000166862,ENSG00000166923,ENSG00000168542,ENSG00000169860,ENSG00000169871,ENSG00000170775,ENSG00000171631,ENSG00000172247,ENSG00000172985,ENSG00000173805,ENSG00000176884,ENSG00000177374,ENSG00000179399,ENSG00000180772,ENSG00000185345,ENSG00000189292,ENSG00000196154,ENSG00000196549,ENSG00000196562,ENSG00000196664,ENSG00000197496,ENSG00000198121,ENSG00000198576,ENSG00000198719,ENSG00000198915,ENSG00000198959,ENSG00000232810,ENSG00000250366,ENSG00000271503"
"GO:BP","epithelial cell differentiation","GO:0030855","false","0.002513570518052023","2.5997089261624766","481","726","57","13009","ENSG00000003137,ENSG00000006611,ENSG00000018408,ENSG00000021826,ENSG00000054598,ENSG00000066468,ENSG00000067182,ENSG00000077092,ENSG00000078401,ENSG00000078579,ENSG00000088002,ENSG00000100985,ENSG00000103449,ENSG00000105329,ENSG00000105427,ENSG00000105880,ENSG00000111087,ENSG00000114251,ENSG00000115738,ENSG00000117318,ENSG00000125538,ENSG00000126778,ENSG00000128052,ENSG00000130700,ENSG00000132170,ENSG00000135111,ENSG00000136160,ENSG00000137693,ENSG00000138083,ENSG00000138795,ENSG00000139352,ENSG00000143382,ENSG00000143869,ENSG00000147065,ENSG00000150457,ENSG00000154133,ENSG00000156535,ENSG00000162998,ENSG00000163273,ENSG00000163430,ENSG00000164509,ENSG00000166292,ENSG00000166923,ENSG00000167767,ENSG00000170442,ENSG00000177706,ENSG00000182871,ENSG00000183779,ENSG00000184564,ENSG00000185551,ENSG00000185650,ENSG00000186367,ENSG00000198719,ENSG00000203883,ENSG00000213694,ENSG00000214336,ENSG00000232810"
"GO:BP","adenylate cyclase-modulating G protein-coupled receptor signaling pathway","GO:0007188","false","0.0027159548536245105","2.5660774534580715","169","726","29","13009","ENSG00000064989,ENSG00000078401,ENSG00000112038,ENSG00000112164,ENSG00000122679,ENSG00000123146,ENSG00000125384,ENSG00000150594,ENSG00000153294,ENSG00000155897,ENSG00000160013,ENSG00000164082,ENSG00000168412,ENSG00000168539,ENSG00000169245,ENSG00000169248,ENSG00000169860,ENSG00000170775,ENSG00000172572,ENSG00000173567,ENSG00000179546,ENSG00000180720,ENSG00000180739,ENSG00000181072,ENSG00000181656,ENSG00000196277,ENSG00000198121,ENSG00000198523,ENSG00000213694"
"GO:BP","regulation of biological quality","GO:0065008","false","0.002716710930853295","2.5659565698316897","2280","726","183","13009","ENSG00000001617,ENSG00000003137,ENSG00000006071,ENSG00000006611,ENSG00000007171,ENSG00000009694,ENSG00000010671,ENSG00000011465,ENSG00000021645,ENSG00000021826,ENSG00000053108,ENSG00000054598,ENSG00000069431,ENSG00000073756,ENSG00000073792,ENSG00000075213,ENSG00000078098,ENSG00000078401,ENSG00000079841,ENSG00000080709,ENSG00000082397,ENSG00000083454,ENSG00000091129,ENSG00000095303,ENSG00000095596,ENSG00000099260,ENSG00000101000,ENSG00000101463,ENSG00000101489,ENSG00000103316,ENSG00000103490,ENSG00000103528,ENSG00000104327,ENSG00000104332,ENSG00000104826,ENSG00000105329,ENSG00000105464,ENSG00000106991,ENSG00000108231,ENSG00000108688,ENSG00000108691,ENSG00000110719,ENSG00000111199,ENSG00000111249,ENSG00000112038,ENSG00000112164,ENSG00000112183,ENSG00000113739,ENSG00000114200,ENSG00000114251,ENSG00000115353,ENSG00000115414,ENSG00000115738,ENSG00000117525,ENSG00000120659,ENSG00000120885,ENSG00000121966,ENSG00000123892,ENSG00000125384,ENSG00000125538,ENSG00000125848,ENSG00000125851,ENSG00000126562,ENSG00000126778,ENSG00000128052,ENSG00000128340,ENSG00000129159,ENSG00000130203,ENSG00000130529,ENSG00000130962,ENSG00000132170,ENSG00000132854,ENSG00000135111,ENSG00000135697,ENSG00000135902,ENSG00000135919,ENSG00000136160,ENSG00000136546,ENSG00000137077,ENSG00000137331,ENSG00000139155,ENSG00000140279,ENSG00000140285,ENSG00000140795,ENSG00000141668,ENSG00000143320,ENSG00000143839,ENSG00000144476,ENSG00000144596,ENSG00000145103,ENSG00000145451,ENSG00000145920,ENSG00000146006,ENSG00000146376,ENSG00000147065,ENSG00000147606,ENSG00000148053,ENSG00000149131,ENSG00000150594,ENSG00000150907,ENSG00000151615,ENSG00000152049,ENSG00000152527,ENSG00000152661,ENSG00000153707,ENSG00000154928,ENSG00000155886,ENSG00000155897,ENSG00000155974,ENSG00000156564,ENSG00000157404,ENSG00000158156,ENSG00000160013,ENSG00000160179,ENSG00000161681,ENSG00000161835,ENSG00000162105,ENSG00000162496,ENSG00000162951,ENSG00000163273,ENSG00000163377,ENSG00000163394,ENSG00000164082,ENSG00000164326,ENSG00000164692,ENSG00000165646,ENSG00000165895,ENSG00000165917,ENSG00000165995,ENSG00000166825,ENSG00000166862,ENSG00000166863,ENSG00000168418,ENSG00000168539,ENSG00000168542,ENSG00000169427,ENSG00000169860,ENSG00000170091,ENSG00000171303,ENSG00000171819,ENSG00000172572,ENSG00000174672,ENSG00000175426,ENSG00000176884,ENSG00000177272,ENSG00000177301,ENSG00000179242,ENSG00000179546,ENSG00000180772,ENSG00000181656,ENSG00000182771,ENSG00000183098,ENSG00000183853,ENSG00000184254,ENSG00000184564,ENSG00000184838,ENSG00000185101,ENSG00000185345,ENSG00000185551,ENSG00000185561,ENSG00000185650,ENSG00000187323,ENSG00000187486,ENSG00000196502,ENSG00000196549,ENSG00000197321,ENSG00000197580,ENSG00000198121,ENSG00000198523,ENSG00000198576,ENSG00000198626,ENSG00000198682,ENSG00000198719,ENSG00000203797,ENSG00000213171,ENSG00000213694,ENSG00000221866,ENSG00000232810,ENSG00000237412,ENSG00000240583,ENSG00000250366,ENSG00000271503,ENSG00000274588"
"GO:BP","enzyme-linked receptor protein signaling pathway","GO:0007167","false","0.0028860052545131103","2.539702882527358","791","726","81","13009","ENSG00000011465,ENSG00000013364,ENSG00000013588,ENSG00000018408,ENSG00000019991,ENSG00000049323,ENSG00000053108,ENSG00000054598,ENSG00000064300,ENSG00000066468,ENSG00000070404,ENSG00000078579,ENSG00000092421,ENSG00000100985,ENSG00000104213,ENSG00000104332,ENSG00000105329,ENSG00000105880,ENSG00000106538,ENSG00000106991,ENSG00000108821,ENSG00000110195,ENSG00000112541,ENSG00000114251,ENSG00000115461,ENSG00000117525,ENSG00000119508,ENSG00000119699,ENSG00000123610,ENSG00000125538,ENSG00000125848,ENSG00000125968,ENSG00000127418,ENSG00000128052,ENSG00000131634,ENSG00000132170,ENSG00000135253,ENSG00000138795,ENSG00000140285,ENSG00000143869,ENSG00000147255,ENSG00000147869,ENSG00000148053,ENSG00000149212,ENSG00000150457,ENSG00000150594,ENSG00000150907,ENSG00000152894,ENSG00000153707,ENSG00000154928,ENSG00000156535,ENSG00000157110,ENSG00000157404,ENSG00000157613,ENSG00000160013,ENSG00000162344,ENSG00000163273,ENSG00000163430,ENSG00000163513,ENSG00000164509,ENSG00000164692,ENSG00000165197,ENSG00000165757,ENSG00000166292,ENSG00000166923,ENSG00000168542,ENSG00000168843,ENSG00000169247,ENSG00000169891,ENSG00000173805,ENSG00000177706,ENSG00000180772,ENSG00000180875,ENSG00000182636,ENSG00000183779,ENSG00000189292,ENSG00000196562,ENSG00000197496,ENSG00000198719,ENSG00000243364,ENSG00000266524"
"GO:BP","positive regulation of cell motility","GO:2000147","false","0.0030264376852953967","2.51906826383336","435","726","53","13009","ENSG00000001617,ENSG00000002586,ENSG00000019991,ENSG00000073756,ENSG00000075213,ENSG00000078401,ENSG00000091409,ENSG00000092421,ENSG00000100985,ENSG00000103490,ENSG00000105329,ENSG00000106538,ENSG00000108688,ENSG00000108691,ENSG00000108700,ENSG00000108821,ENSG00000110492,ENSG00000111087,ENSG00000111199,ENSG00000114251,ENSG00000115353,ENSG00000115414,ENSG00000115461,ENSG00000117525,ENSG00000119508,ENSG00000121966,ENSG00000123610,ENSG00000125538,ENSG00000126458,ENSG00000128052,ENSG00000128340,ENSG00000137077,ENSG00000138772,ENSG00000138795,ENSG00000140279,ENSG00000140285,ENSG00000144476,ENSG00000150594,ENSG00000153993,ENSG00000157404,ENSG00000163191,ENSG00000163513,ENSG00000165197,ENSG00000165757,ENSG00000169245,ENSG00000169429,ENSG00000177469,ENSG00000183779,ENSG00000198121,ENSG00000232810,ENSG00000233608,ENSG00000240583,ENSG00000271503"
"GO:BP","positive regulation of signaling","GO:0023056","false","0.003128171318263529","2.504709470273607","1409","726","125","13009","ENSG00000006071,ENSG00000009694,ENSG00000010671,ENSG00000011465,ENSG00000012223,ENSG00000014257,ENSG00000019991,ENSG00000023445,ENSG00000048540,ENSG00000064300,ENSG00000066468,ENSG00000067182,ENSG00000068079,ENSG00000073331,ENSG00000074966,ENSG00000075213,ENSG00000078401,ENSG00000078579,ENSG00000079841,ENSG00000083454,ENSG00000100302,ENSG00000100985,ENSG00000101282,ENSG00000101955,ENSG00000103154,ENSG00000103449,ENSG00000103490,ENSG00000104332,ENSG00000105329,ENSG00000105464,ENSG00000105880,ENSG00000106991,ENSG00000108231,ENSG00000108691,ENSG00000108771,ENSG00000108821,ENSG00000110169,ENSG00000111087,ENSG00000111199,ENSG00000111249,ENSG00000112038,ENSG00000114251,ENSG00000115353,ENSG00000115414,ENSG00000115461,ENSG00000117525,ENSG00000118503,ENSG00000119699,ENSG00000120659,ENSG00000121966,ENSG00000122679,ENSG00000123609,ENSG00000125538,ENSG00000125730,ENSG00000128052,ENSG00000130203,ENSG00000130303,ENSG00000130529,ENSG00000130700,ENSG00000132170,ENSG00000132256,ENSG00000135253,ENSG00000135919,ENSG00000136160,ENSG00000136997,ENSG00000137077,ENSG00000137693,ENSG00000138795,ENSG00000139352,ENSG00000139549,ENSG00000140285,ENSG00000143772,ENSG00000143869,ENSG00000144476,ENSG00000145103,ENSG00000146006,ENSG00000148053,ENSG00000150457,ENSG00000150594,ENSG00000152402,ENSG00000152661,ENSG00000155886,ENSG00000155897,ENSG00000157404,ENSG00000161681,ENSG00000162105,ENSG00000162344,ENSG00000162951,ENSG00000163346,ENSG00000163513,ENSG00000164082,ENSG00000164326,ENSG00000164342,ENSG00000165757,ENSG00000165917,ENSG00000166292,ENSG00000166862,ENSG00000166923,ENSG00000168542,ENSG00000169860,ENSG00000169871,ENSG00000170775,ENSG00000171631,ENSG00000172247,ENSG00000172985,ENSG00000173805,ENSG00000176884,ENSG00000177374,ENSG00000179399,ENSG00000180772,ENSG00000185345,ENSG00000189292,ENSG00000196154,ENSG00000196549,ENSG00000196562,ENSG00000196664,ENSG00000197496,ENSG00000198121,ENSG00000198576,ENSG00000198719,ENSG00000198915,ENSG00000198959,ENSG00000232810,ENSG00000250366,ENSG00000271503"
"GO:BP","negative regulation of cell differentiation","GO:0045596","false","0.0032827974267181518","2.4837559156784685","497","726","58","13009","ENSG00000001617,ENSG00000006071,ENSG00000012223,ENSG00000018408,ENSG00000053108,ENSG00000070404,ENSG00000077092,ENSG00000077238,ENSG00000090932,ENSG00000099953,ENSG00000100985,ENSG00000104332,ENSG00000105329,ENSG00000110492,ENSG00000111199,ENSG00000114251,ENSG00000115461,ENSG00000115738,ENSG00000117318,ENSG00000120332,ENSG00000123610,ENSG00000125538,ENSG00000128606,ENSG00000130164,ENSG00000130529,ENSG00000130635,ENSG00000132170,ENSG00000135111,ENSG00000136160,ENSG00000136997,ENSG00000137693,ENSG00000138083,ENSG00000139352,ENSG00000143772,ENSG00000143816,ENSG00000143995,ENSG00000150907,ENSG00000151615,ENSG00000154928,ENSG00000160179,ENSG00000162998,ENSG00000163273,ENSG00000164326,ENSG00000164342,ENSG00000166923,ENSG00000169245,ENSG00000172201,ENSG00000178764,ENSG00000185155,ENSG00000185650,ENSG00000186897,ENSG00000187323,ENSG00000198719,ENSG00000198963,ENSG00000213694,ENSG00000232810,ENSG00000233608,ENSG00000250366"
"GO:BP","metal ion transport","GO:0030001","true","0.003470803515330398","2.45956997135397","611","726","67","13009","ENSG00000006071,ENSG00000012223,ENSG00000063127,ENSG00000064989,ENSG00000069431,ENSG00000071967,ENSG00000078401,ENSG00000080709,ENSG00000083454,ENSG00000103546,ENSG00000105329,ENSG00000105464,ENSG00000107147,ENSG00000108691,ENSG00000108700,ENSG00000110169,ENSG00000111199,ENSG00000112038,ENSG00000113739,ENSG00000114805,ENSG00000115896,ENSG00000119411,ENSG00000122679,ENSG00000126562,ENSG00000129159,ENSG00000130433,ENSG00000130529,ENSG00000131389,ENSG00000132164,ENSG00000135919,ENSG00000135926,ENSG00000136160,ENSG00000136546,ENSG00000137077,ENSG00000140675,ENSG00000149488,ENSG00000149527,ENSG00000150594,ENSG00000152049,ENSG00000155886,ENSG00000157087,ENSG00000157103,ENSG00000158014,ENSG00000163293,ENSG00000165970,ENSG00000165995,ENSG00000166592,ENSG00000166862,ENSG00000168418,ENSG00000169245,ENSG00000169248,ENSG00000169427,ENSG00000171227,ENSG00000171303,ENSG00000171631,ENSG00000175497,ENSG00000176884,ENSG00000177272,ENSG00000177301,ENSG00000185101,ENSG00000185760,ENSG00000187486,ENSG00000198515,ENSG00000198523,ENSG00000198626,ENSG00000240583,ENSG00000271503"
"GO:BP","regulation of nervous system development","GO:0051960","false","0.0037451712493753704","2.426528319230638","355","726","46","13009","ENSG00000001617,ENSG00000006071,ENSG00000053108,ENSG00000077092,ENSG00000090932,ENSG00000101463,ENSG00000105329,ENSG00000110492,ENSG00000111249,ENSG00000112038,ENSG00000112893,ENSG00000114251,ENSG00000115414,ENSG00000115738,ENSG00000121966,ENSG00000125538,ENSG00000125848,ENSG00000130164,ENSG00000132170,ENSG00000132386,ENSG00000135919,ENSG00000137693,ENSG00000138795,ENSG00000139352,ENSG00000141668,ENSG00000143320,ENSG00000146006,ENSG00000148053,ENSG00000151615,ENSG00000153707,ENSG00000154928,ENSG00000157404,ENSG00000162951,ENSG00000168505,ENSG00000172201,ENSG00000173805,ENSG00000175505,ENSG00000179242,ENSG00000184564,ENSG00000187323,ENSG00000196549,ENSG00000197747,ENSG00000198719,ENSG00000198959,ENSG00000213171,ENSG00000232810"
"GO:BP","regulation of smooth muscle cell proliferation","GO:0048660","false","0.0038763757365073786","2.411574133483236","98","726","21","13009","ENSG00000064989,ENSG00000066468,ENSG00000078401,ENSG00000100985,ENSG00000105329,ENSG00000115353,ENSG00000115461,ENSG00000115738,ENSG00000118503,ENSG00000119508,ENSG00000119699,ENSG00000130203,ENSG00000132170,ENSG00000152661,ENSG00000160013,ENSG00000163273,ENSG00000171631,ENSG00000172638,ENSG00000219438,ENSG00000232810,ENSG00000271503"
"GO:BP","morphogenesis of a branching structure","GO:0001763","false","0.003998234405198596","2.3981317480117808","143","726","26","13009","ENSG00000019991,ENSG00000041982,ENSG00000066468,ENSG00000074527,ENSG00000075275,ENSG00000078401,ENSG00000103449,ENSG00000104332,ENSG00000105329,ENSG00000106991,ENSG00000110492,ENSG00000114251,ENSG00000126778,ENSG00000128052,ENSG00000135111,ENSG00000136997,ENSG00000137693,ENSG00000138795,ENSG00000140285,ENSG00000143869,ENSG00000163513,ENSG00000166923,ENSG00000168505,ENSG00000180772,ENSG00000198959,ENSG00000232810"
"GO:BP","ossification","GO:0001503","false","0.004279680676050406","2.368588634211799","345","726","45","13009","ENSG00000011028,ENSG00000012223,ENSG00000018408,ENSG00000019991,ENSG00000038427,ENSG00000041982,ENSG00000054598,ENSG00000066468,ENSG00000070404,ENSG00000104332,ENSG00000105329,ENSG00000105880,ENSG00000108821,ENSG00000110492,ENSG00000110719,ENSG00000111087,ENSG00000114251,ENSG00000115353,ENSG00000115461,ENSG00000117318,ENSG00000119042,ENSG00000120332,ENSG00000120659,ENSG00000123610,ENSG00000128606,ENSG00000130529,ENSG00000132170,ENSG00000137693,ENSG00000138795,ENSG00000139219,ENSG00000139549,ENSG00000140279,ENSG00000147869,ENSG00000157613,ENSG00000162496,ENSG00000163273,ENSG00000164692,ENSG00000165973,ENSG00000166923,ENSG00000172201,ENSG00000177706,ENSG00000198963,ENSG00000232810,ENSG00000233608,ENSG00000266524"
"GO:BP","signal release","GO:0023061","false","0.004665564639584309","2.331095789212972","381","726","48","13009","ENSG00000006071,ENSG00000007171,ENSG00000010671,ENSG00000021645,ENSG00000064692,ENSG00000073756,ENSG00000076944,ENSG00000078401,ENSG00000078579,ENSG00000079841,ENSG00000089169,ENSG00000104332,ENSG00000110719,ENSG00000111199,ENSG00000112038,ENSG00000112164,ENSG00000115353,ENSG00000120659,ENSG00000125538,ENSG00000126562,ENSG00000130529,ENSG00000132170,ENSG00000135111,ENSG00000136160,ENSG00000138119,ENSG00000143839,ENSG00000145103,ENSG00000145920,ENSG00000150594,ENSG00000150907,ENSG00000152661,ENSG00000155897,ENSG00000163394,ENSG00000164082,ENSG00000164326,ENSG00000165646,ENSG00000169427,ENSG00000169860,ENSG00000174672,ENSG00000177301,ENSG00000185345,ENSG00000185666,ENSG00000187486,ENSG00000198959,ENSG00000232810,ENSG00000240583,ENSG00000250366,ENSG00000271503"
"GO:BP","regulation of biological process","GO:0050789","false","0.005582417091044313","2.2531777182644666","8732","726","550","13009","ENSG00000000971,ENSG00000001617,ENSG00000002586,ENSG00000002746,ENSG00000003137,ENSG00000006016,ENSG00000006071,ENSG00000006611,ENSG00000007171,ENSG00000008118,ENSG00000008311,ENSG00000009694,ENSG00000010671,ENSG00000011465,ENSG00000012223,ENSG00000013364,ENSG00000013588,ENSG00000014257,ENSG00000018408,ENSG00000019991,ENSG00000021300,ENSG00000021645,ENSG00000023445,ENSG00000041982,ENSG00000042286,ENSG00000048540,ENSG00000048740,ENSG00000049249,ENSG00000049323,ENSG00000053108,ENSG00000054598,ENSG00000056558,ENSG00000064300,ENSG00000064666,ENSG00000064692,ENSG00000064989,ENSG00000066468,ENSG00000067182,ENSG00000067798,ENSG00000068079,ENSG00000069431,ENSG00000070404,ENSG00000070540,ENSG00000070601,ENSG00000073331,ENSG00000073756,ENSG00000073792,ENSG00000074527,ENSG00000074966,ENSG00000075213,ENSG00000075275,ENSG00000075651,ENSG00000076944,ENSG00000077092,ENSG00000077238,ENSG00000078098,ENSG00000078401,ENSG00000078579,ENSG00000079841,ENSG00000080709,ENSG00000081041,ENSG00000082397,ENSG00000083454,ENSG00000083857,ENSG00000085276,ENSG00000086717,ENSG00000088002,ENSG00000089169,ENSG00000090530,ENSG00000090932,ENSG00000091129,ENSG00000091409,ENSG00000091592,ENSG00000091986,ENSG00000092421,ENSG00000095303,ENSG00000095587,ENSG00000095596,ENSG00000099260,ENSG00000099399,ENSG00000099953,ENSG00000100302,ENSG00000100979,ENSG00000100985,ENSG00000101000,ENSG00000101282,ENSG00000101292,ENSG00000101463,ENSG00000101489,ENSG00000101955,ENSG00000102048,ENSG00000102265,ENSG00000103154,ENSG00000103316,ENSG00000103449,ENSG00000103490,ENSG00000103528,ENSG00000103546,ENSG00000104213,ENSG00000104327,ENSG00000104332,ENSG00000104518,ENSG00000104826,ENSG00000104951,ENSG00000105329,ENSG00000105464,ENSG00000105880,ENSG00000106538,ENSG00000106991,ENSG00000107105,ENSG00000107165,ENSG00000107282,ENSG00000108231,ENSG00000108688,ENSG00000108691,ENSG00000108700,ENSG00000108771,ENSG00000108821,ENSG00000109851,ENSG00000110169,ENSG00000110195,ENSG00000110492,ENSG00000110719,ENSG00000111087,ENSG00000111199,ENSG00000111249,ENSG00000111348,ENSG00000112038,ENSG00000112137,ENSG00000112164,ENSG00000112183,ENSG00000112541,ENSG00000112893,ENSG00000113739,ENSG00000113763,ENSG00000114200,ENSG00000114251,ENSG00000114805,ENSG00000115252,ENSG00000115353,ENSG00000115414,ENSG00000115461,ENSG00000115468,ENSG00000115738,ENSG00000115896,ENSG00000116183,ENSG00000116299,ENSG00000116678,ENSG00000117318,ENSG00000117525,ENSG00000118292,ENSG00000118503,ENSG00000119042,ENSG00000119283,ENSG00000119403,ENSG00000119508,ENSG00000119655,ENSG00000119699,ENSG00000120332,ENSG00000120645,ENSG00000120659,ENSG00000120885,ENSG00000121075,ENSG00000121966,ENSG00000122035,ENSG00000122679,ENSG00000123146,ENSG00000123609,ENSG00000123610,ENSG00000123892,ENSG00000124260,ENSG00000124466,ENSG00000124788,ENSG00000125384,ENSG00000125538,ENSG00000125730,ENSG00000125848,ENSG00000125968,ENSG00000126458,ENSG00000126562,ENSG00000126778,ENSG00000127418,ENSG00000127586,ENSG00000128052,ENSG00000128340,ENSG00000128594,ENSG00000128606,ENSG00000128849,ENSG00000129159,ENSG00000129422,ENSG00000129993,ENSG00000130164,ENSG00000130203,ENSG00000130303,ENSG00000130433,ENSG00000130529,ENSG00000130635,ENSG00000130700,ENSG00000130707,ENSG00000130768,ENSG00000131389,ENSG00000131634,ENSG00000132170,ENSG00000132256,ENSG00000132386,ENSG00000132854,ENSG00000134013,ENSG00000134121,ENSG00000134508,ENSG00000134532,ENSG00000135048,ENSG00000135111,ENSG00000135116,ENSG00000135253,ENSG00000135899,ENSG00000135902,ENSG00000135919,ENSG00000135926,ENSG00000136160,ENSG00000136546,ENSG00000136944,ENSG00000136997,ENSG00000137077,ENSG00000137331,ENSG00000137441,ENSG00000137463,ENSG00000137693,ENSG00000137699,ENSG00000137727,ENSG00000137962,ENSG00000138083,ENSG00000138100,ENSG00000138119,ENSG00000138395,ENSG00000138735,ENSG00000138772,ENSG00000138795,ENSG00000139155,ENSG00000139219,ENSG00000139269,ENSG00000139329,ENSG00000139352,ENSG00000139549,ENSG00000140279,ENSG00000140285,ENSG00000140795,ENSG00000141668,ENSG00000142089,ENSG00000142173,ENSG00000142279,ENSG00000143320,ENSG00000143355,ENSG00000143382,ENSG00000143772,ENSG00000143816,ENSG00000143839,ENSG00000143869,ENSG00000143995,ENSG00000144476,ENSG00000144596,ENSG00000144824,ENSG00000145103,ENSG00000145451,ENSG00000145623,ENSG00000145819,ENSG00000145920,ENSG00000146006,ENSG00000146285,ENSG00000146376,ENSG00000147065,ENSG00000147255,ENSG00000147256,ENSG00000147869,ENSG00000148053,ENSG00000148175,ENSG00000148908,ENSG00000149131,ENSG00000149212,ENSG00000149488,ENSG00000149527,ENSG00000150281,ENSG00000150457,ENSG00000150594,ENSG00000150750,ENSG00000150907,ENSG00000151615,ENSG00000152049,ENSG00000152104,ENSG00000152137,ENSG00000152284,ENSG00000152377,ENSG00000152402,ENSG00000152467,ENSG00000152527,ENSG00000152661,ENSG00000152894,ENSG00000153029,ENSG00000153291,ENSG00000153294,ENSG00000153707,ENSG00000153993,ENSG00000154133,ENSG00000154175,ENSG00000154678,ENSG00000154928,ENSG00000155158,ENSG00000155367,ENSG00000155849,ENSG00000155886,ENSG00000155897,ENSG00000155926,ENSG00000155974,ENSG00000156509,ENSG00000156535,ENSG00000156564,ENSG00000156687,ENSG00000157087,ENSG00000157103,ENSG00000157110,ENSG00000157404,ENSG00000157613,ENSG00000158022,ENSG00000158156,ENSG00000158270,ENSG00000159674,ENSG00000159713,ENSG00000160013,ENSG00000160179,ENSG00000160223,ENSG00000160224,ENSG00000161681,ENSG00000161835,ENSG00000162105,ENSG00000162344,ENSG00000162496,ENSG00000162595,ENSG00000162614,ENSG00000162624,ENSG00000162670,ENSG00000162745,ENSG00000162894,ENSG00000162951,ENSG00000162998,ENSG00000163191,ENSG00000163219,ENSG00000163273,ENSG00000163346,ENSG00000163377,ENSG00000163394,ENSG00000163430,ENSG00000163513,ENSG00000163637,ENSG00000163673,ENSG00000164082,ENSG00000164176,ENSG00000164326,ENSG00000164342,ENSG00000164509,ENSG00000164692,ENSG00000165140,ENSG00000165197,ENSG00000165323,ENSG00000165643,ENSG00000165646,ENSG00000165757,ENSG00000165895,ENSG00000165917,ENSG00000165959,ENSG00000165970,ENSG00000165973,ENSG00000165995,ENSG00000166206,ENSG00000166292,ENSG00000166349,ENSG00000166482,ENSG00000166592,ENSG00000166801,ENSG00000166862,ENSG00000166863,ENSG00000166923,ENSG00000167588,ENSG00000167641,ENSG00000167664,ENSG00000167964,ENSG00000168071,ENSG00000168412,ENSG00000168418,ENSG00000168505,ENSG00000168539,ENSG00000168542,ENSG00000168843,ENSG00000168938,ENSG00000169245,ENSG00000169247,ENSG00000169248,ENSG00000169302,ENSG00000169427,ENSG00000169429,ENSG00000169583,ENSG00000169860,ENSG00000169871,ENSG00000169891,ENSG00000170419,ENSG00000170608,ENSG00000170775,ENSG00000170891,ENSG00000171303,ENSG00000171551,ENSG00000171631,ENSG00000171819,ENSG00000171848,ENSG00000172201,ENSG00000172247,ENSG00000172572,ENSG00000172638,ENSG00000172985,ENSG00000172987,ENSG00000173040,ENSG00000173068,ENSG00000173376,ENSG00000173567,ENSG00000173662,ENSG00000173805,ENSG00000174348,ENSG00000174672,ENSG00000174807,ENSG00000175426,ENSG00000175497,ENSG00000175505,ENSG00000176293,ENSG00000176884,ENSG00000177045,ENSG00000177301,ENSG00000177374,ENSG00000177469,ENSG00000177706,ENSG00000178764,ENSG00000179242,ENSG00000179399,ENSG00000179431,ENSG00000179546,ENSG00000179954,ENSG00000180447,ENSG00000180720,ENSG00000180739,ENSG00000180772,ENSG00000180875,ENSG00000181019,ENSG00000181072,ENSG00000181444,ENSG00000181541,ENSG00000181656,ENSG00000181744,ENSG00000182195,ENSG00000182636,ENSG00000182771,ENSG00000182836,ENSG00000182871,ENSG00000183098,ENSG00000183779,ENSG00000183837,ENSG00000183853,ENSG00000184254,ENSG00000184564,ENSG00000184838,ENSG00000185155,ENSG00000185201,ENSG00000185291,ENSG00000185345,ENSG00000185551,ENSG00000185650,ENSG00000185664,ENSG00000185666,ENSG00000185924,ENSG00000186197,ENSG00000186417,ENSG00000186487,ENSG00000186827,ENSG00000186897,ENSG00000187098,ENSG00000187323,ENSG00000187486,ENSG00000187634,ENSG00000188282,ENSG00000188620,ENSG00000188816,ENSG00000189292,ENSG00000196092,ENSG00000196154,ENSG00000196277,ENSG00000196549,ENSG00000196562,ENSG00000196611,ENSG00000196664,ENSG00000197093,ENSG00000197321,ENSG00000197385,ENSG00000197496,ENSG00000197580,ENSG00000197712,ENSG00000197747,ENSG00000197766,ENSG00000197935,ENSG00000197971,ENSG00000198121,ENSG00000198523,ENSG00000198576,ENSG00000198626,ENSG00000198719,ENSG00000198768,ENSG00000198797,ENSG00000198835,ENSG00000198879,ENSG00000198915,ENSG00000198939,ENSG00000198959,ENSG00000198963,ENSG00000203797,ENSG00000203883,ENSG00000204335,ENSG00000204592,ENSG00000213171,ENSG00000213694,ENSG00000214290,ENSG00000214336,ENSG00000215397,ENSG00000215612,ENSG00000219438,ENSG00000221866,ENSG00000224389,ENSG00000230873,ENSG00000232810,ENSG00000233608,ENSG00000237988,ENSG00000240583,ENSG00000243364,ENSG00000243566,ENSG00000244414,ENSG00000244731,ENSG00000250366,ENSG00000255346,ENSG00000255690,ENSG00000258405,ENSG00000261787,ENSG00000266524,ENSG00000270011,ENSG00000271447,ENSG00000271503,ENSG00000274588,ENSG00000276644"
"GO:BP","smooth muscle cell proliferation","GO:0048659","false","0.005602224966763792","2.251639455337083","100","726","21","13009","ENSG00000064989,ENSG00000066468,ENSG00000078401,ENSG00000100985,ENSG00000105329,ENSG00000115353,ENSG00000115461,ENSG00000115738,ENSG00000118503,ENSG00000119508,ENSG00000119699,ENSG00000130203,ENSG00000132170,ENSG00000152661,ENSG00000160013,ENSG00000163273,ENSG00000171631,ENSG00000172638,ENSG00000219438,ENSG00000232810,ENSG00000271503"
"GO:BP","positive regulation of cell migration","GO:0030335","false","0.006035060504086607","2.2193183715551608","420","726","51","13009","ENSG00000001617,ENSG00000002586,ENSG00000019991,ENSG00000073756,ENSG00000075213,ENSG00000078401,ENSG00000091409,ENSG00000092421,ENSG00000100985,ENSG00000103490,ENSG00000105329,ENSG00000106538,ENSG00000108688,ENSG00000108691,ENSG00000108700,ENSG00000108821,ENSG00000110492,ENSG00000111087,ENSG00000111199,ENSG00000114251,ENSG00000115353,ENSG00000115414,ENSG00000115461,ENSG00000117525,ENSG00000119508,ENSG00000121966,ENSG00000123610,ENSG00000125538,ENSG00000126458,ENSG00000128052,ENSG00000128340,ENSG00000137077,ENSG00000138772,ENSG00000138795,ENSG00000140285,ENSG00000144476,ENSG00000150594,ENSG00000153993,ENSG00000157404,ENSG00000163191,ENSG00000163513,ENSG00000165197,ENSG00000165757,ENSG00000169245,ENSG00000169429,ENSG00000183779,ENSG00000198121,ENSG00000232810,ENSG00000233608,ENSG00000240583,ENSG00000271503"
"GO:BP","digestive tract development","GO:0048565","false","0.006138947400108908","2.2119060877371997","92","726","20","13009","ENSG00000021826,ENSG00000066468,ENSG00000077092,ENSG00000103449,ENSG00000104332,ENSG00000105329,ENSG00000106538,ENSG00000111087,ENSG00000114251,ENSG00000115738,ENSG00000130700,ENSG00000130707,ENSG00000136160,ENSG00000137693,ENSG00000139352,ENSG00000157404,ENSG00000168542,ENSG00000169429,ENSG00000185155,ENSG00000232810"
"GO:BP","positive regulation of locomotion","GO:0040017","false","0.006401280439927964","2.193733145957577","445","726","53","13009","ENSG00000001617,ENSG00000002586,ENSG00000019991,ENSG00000073756,ENSG00000075213,ENSG00000078401,ENSG00000091409,ENSG00000092421,ENSG00000100985,ENSG00000103490,ENSG00000105329,ENSG00000106538,ENSG00000108688,ENSG00000108691,ENSG00000108700,ENSG00000108821,ENSG00000110492,ENSG00000111087,ENSG00000111199,ENSG00000114251,ENSG00000115353,ENSG00000115414,ENSG00000115461,ENSG00000117525,ENSG00000119508,ENSG00000121966,ENSG00000123610,ENSG00000125538,ENSG00000126458,ENSG00000128052,ENSG00000128340,ENSG00000137077,ENSG00000138772,ENSG00000138795,ENSG00000140279,ENSG00000140285,ENSG00000144476,ENSG00000150594,ENSG00000153993,ENSG00000157404,ENSG00000163191,ENSG00000163513,ENSG00000165197,ENSG00000165757,ENSG00000169245,ENSG00000169429,ENSG00000177469,ENSG00000183779,ENSG00000198121,ENSG00000232810,ENSG00000233608,ENSG00000240583,ENSG00000271503"
"GO:BP","collagen metabolic process","GO:0032963","true","0.006499373867760322","2.1871284801070696","84","726","19","13009","ENSG00000011028,ENSG00000078098,ENSG00000087116,ENSG00000090530,ENSG00000099953,ENSG00000100985,ENSG00000102996,ENSG00000105329,ENSG00000108821,ENSG00000119699,ENSG00000130635,ENSG00000132170,ENSG00000157613,ENSG00000163273,ENSG00000164692,ENSG00000166482,ENSG00000189409,ENSG00000196611,ENSG00000271447"
"GO:BP","regulation of osteoblast differentiation","GO:0045667","false","0.007005719877814492","2.15454723184156","110","726","22","13009","ENSG00000012223,ENSG00000018408,ENSG00000019991,ENSG00000066468,ENSG00000104332,ENSG00000110719,ENSG00000111087,ENSG00000115461,ENSG00000117318,ENSG00000120332,ENSG00000123610,ENSG00000130529,ENSG00000132170,ENSG00000137693,ENSG00000163273,ENSG00000165973,ENSG00000166923,ENSG00000177706,ENSG00000198963,ENSG00000232810,ENSG00000233608,ENSG00000266524"
"GO:BP","sensory perception","GO:0007600","false","0.007123219721559159","2.147323659279049","351","726","45","13009","ENSG00000006611,ENSG00000014257,ENSG00000079841,ENSG00000086717,ENSG00000103316,ENSG00000105464,ENSG00000108691,ENSG00000108821,ENSG00000112038,ENSG00000126778,ENSG00000135919,ENSG00000138083,ENSG00000138795,ENSG00000139219,ENSG00000139329,ENSG00000144488,ENSG00000149488,ENSG00000150594,ENSG00000151615,ENSG00000154928,ENSG00000157087,ENSG00000157404,ENSG00000160349,ENSG00000161681,ENSG00000162496,ENSG00000163377,ENSG00000165995,ENSG00000166292,ENSG00000169427,ENSG00000173662,ENSG00000177301,ENSG00000182636,ENSG00000182871,ENSG00000184564,ENSG00000185101,ENSG00000186367,ENSG00000188162,ENSG00000196277,ENSG00000196549,ENSG00000197971,ENSG00000198515,ENSG00000198963,ENSG00000204248,ENSG00000232810,ENSG00000240583"
"GO:BP","gland morphogenesis","GO:0022612","false","0.010055542089767989","1.9975945118152305","78","726","18","13009","ENSG00000019991,ENSG00000041982,ENSG00000066468,ENSG00000074527,ENSG00000104332,ENSG00000105329,ENSG00000114251,ENSG00000115461,ENSG00000119699,ENSG00000135111,ENSG00000140279,ENSG00000140285,ENSG00000143869,ENSG00000147065,ENSG00000163513,ENSG00000172201,ENSG00000198959,ENSG00000232810"
"GO:BP","gland development","GO:0048732","false","0.010157416587018221","1.9932167354250259","309","726","41","13009","ENSG00000019991,ENSG00000021826,ENSG00000041982,ENSG00000054598,ENSG00000066468,ENSG00000074527,ENSG00000078401,ENSG00000103449,ENSG00000104332,ENSG00000105329,ENSG00000110492,ENSG00000111087,ENSG00000112893,ENSG00000114251,ENSG00000115461,ENSG00000115738,ENSG00000119699,ENSG00000120659,ENSG00000126778,ENSG00000130707,ENSG00000132386,ENSG00000135111,ENSG00000135919,ENSG00000138083,ENSG00000138795,ENSG00000139352,ENSG00000140279,ENSG00000140285,ENSG00000143869,ENSG00000147065,ENSG00000160224,ENSG00000162998,ENSG00000163513,ENSG00000166349,ENSG00000172201,ENSG00000183779,ENSG00000184254,ENSG00000196562,ENSG00000198959,ENSG00000214336,ENSG00000232810"
"GO:BP","cellular response to fibroblast growth factor stimulus","GO:0044344","false","0.011517938713853672","1.938625236650528","113","726","22","13009","ENSG00000021826,ENSG00000064300,ENSG00000066468,ENSG00000078579,ENSG00000108691,ENSG00000108821,ENSG00000114251,ENSG00000125848,ENSG00000127418,ENSG00000128052,ENSG00000140285,ENSG00000148053,ENSG00000154928,ENSG00000157404,ENSG00000157613,ENSG00000162344,ENSG00000169429,ENSG00000173376,ENSG00000177706,ENSG00000185650,ENSG00000196562,ENSG00000271503"
"GO:BP","defense response","GO:0006952","false","0.012012850716295901","1.920353919870446","1167","726","106","13009","ENSG00000000971,ENSG00000003137,ENSG00000007171,ENSG00000010671,ENSG00000012223,ENSG00000019991,ENSG00000023445,ENSG00000041982,ENSG00000067182,ENSG00000068079,ENSG00000069431,ENSG00000073331,ENSG00000073756,ENSG00000074771,ENSG00000074966,ENSG00000077238,ENSG00000078401,ENSG00000081041,ENSG00000091592,ENSG00000100985,ENSG00000102265,ENSG00000103490,ENSG00000104518,ENSG00000105329,ENSG00000106538,ENSG00000108688,ENSG00000108691,ENSG00000108700,ENSG00000108771,ENSG00000110169,ENSG00000110492,ENSG00000110719,ENSG00000111199,ENSG00000114251,ENSG00000115353,ENSG00000115414,ENSG00000117525,ENSG00000118503,ENSG00000119411,ENSG00000120659,ENSG00000120885,ENSG00000121966,ENSG00000123146,ENSG00000123609,ENSG00000123610,ENSG00000125384,ENSG00000125538,ENSG00000125730,ENSG00000126562,ENSG00000130164,ENSG00000130203,ENSG00000130303,ENSG00000130707,ENSG00000130768,ENSG00000132170,ENSG00000132256,ENSG00000136160,ENSG00000137077,ENSG00000137331,ENSG00000137699,ENSG00000138100,ENSG00000138772,ENSG00000140279,ENSG00000142089,ENSG00000145623,ENSG00000149131,ENSG00000150457,ENSG00000153029,ENSG00000154175,ENSG00000155897,ENSG00000157404,ENSG00000158022,ENSG00000158270,ENSG00000159674,ENSG00000160013,ENSG00000160223,ENSG00000162894,ENSG00000163346,ENSG00000164342,ENSG00000164509,ENSG00000165646,ENSG00000166349,ENSG00000168071,ENSG00000169245,ENSG00000169248,ENSG00000169429,ENSG00000169871,ENSG00000172236,ENSG00000179954,ENSG00000180772,ENSG00000181019,ENSG00000185201,ENSG00000186827,ENSG00000196664,ENSG00000197712,ENSG00000197766,ENSG00000204592,ENSG00000205413,ENSG00000213694,ENSG00000224389,ENSG00000232810,ENSG00000240583,ENSG00000244731,ENSG00000255346,ENSG00000255690,ENSG00000271503"
"GO:BP","hormone transport","GO:0009914","false","0.012185493823257103","1.914156866120628","244","726","35","13009","ENSG00000006071,ENSG00000007171,ENSG00000010671,ENSG00000078401,ENSG00000103316,ENSG00000104332,ENSG00000110719,ENSG00000111199,ENSG00000112164,ENSG00000115353,ENSG00000120659,ENSG00000125538,ENSG00000126562,ENSG00000130529,ENSG00000132170,ENSG00000135111,ENSG00000139155,ENSG00000143839,ENSG00000145103,ENSG00000150594,ENSG00000150907,ENSG00000152661,ENSG00000155897,ENSG00000163394,ENSG00000164326,ENSG00000165646,ENSG00000169427,ENSG00000169860,ENSG00000174672,ENSG00000185345,ENSG00000187486,ENSG00000232810,ENSG00000240583,ENSG00000250366,ENSG00000271503"
"GO:BP","regulation of angiogenesis","GO:0045765","false","0.012919737215705322","1.8887463196946304","223","726","33","13009","ENSG00000006071,ENSG00000011465,ENSG00000054598,ENSG00000092421,ENSG00000104332,ENSG00000106991,ENSG00000110492,ENSG00000114251,ENSG00000117525,ENSG00000118503,ENSG00000120332,ENSG00000125538,ENSG00000125730,ENSG00000126458,ENSG00000128052,ENSG00000132170,ENSG00000132386,ENSG00000135048,ENSG00000138772,ENSG00000157613,ENSG00000163513,ENSG00000164342,ENSG00000165757,ENSG00000166923,ENSG00000167664,ENSG00000169245,ENSG00000169429,ENSG00000169583,ENSG00000198719,ENSG00000198959,ENSG00000219438,ENSG00000232810,ENSG00000240583"
"GO:BP","leukocyte migration","GO:0050900","false","0.013478106448815823","1.8703711179338405","245","726","35","13009","ENSG00000002586,ENSG00000064666,ENSG00000078401,ENSG00000091409,ENSG00000103490,ENSG00000105329,ENSG00000106538,ENSG00000108688,ENSG00000108691,ENSG00000108700,ENSG00000110492,ENSG00000111199,ENSG00000114251,ENSG00000115353,ENSG00000120659,ENSG00000121966,ENSG00000123610,ENSG00000125538,ENSG00000128340,ENSG00000129422,ENSG00000130529,ENSG00000136160,ENSG00000137077,ENSG00000147065,ENSG00000157404,ENSG00000160224,ENSG00000163377,ENSG00000165197,ENSG00000166923,ENSG00000169245,ENSG00000169248,ENSG00000169429,ENSG00000232810,ENSG00000271447,ENSG00000271503"
"GO:BP","biological regulation","GO:0065007","false","0.013974722924272454","1.8546567940785657","9025","726","563","13009","ENSG00000000971,ENSG00000001617,ENSG00000002586,ENSG00000002746,ENSG00000003137,ENSG00000006016,ENSG00000006071,ENSG00000006611,ENSG00000007171,ENSG00000008118,ENSG00000008311,ENSG00000009694,ENSG00000010671,ENSG00000011465,ENSG00000012223,ENSG00000013364,ENSG00000013588,ENSG00000014257,ENSG00000018408,ENSG00000019991,ENSG00000021300,ENSG00000021645,ENSG00000021826,ENSG00000023445,ENSG00000041982,ENSG00000042286,ENSG00000048540,ENSG00000048740,ENSG00000049249,ENSG00000049323,ENSG00000053108,ENSG00000054598,ENSG00000056558,ENSG00000064300,ENSG00000064666,ENSG00000064692,ENSG00000064989,ENSG00000066468,ENSG00000067182,ENSG00000067798,ENSG00000068079,ENSG00000069431,ENSG00000070404,ENSG00000070540,ENSG00000070601,ENSG00000073331,ENSG00000073756,ENSG00000073792,ENSG00000074527,ENSG00000074966,ENSG00000075213,ENSG00000075275,ENSG00000075651,ENSG00000076944,ENSG00000077092,ENSG00000077238,ENSG00000078098,ENSG00000078401,ENSG00000078579,ENSG00000079841,ENSG00000080709,ENSG00000081041,ENSG00000082397,ENSG00000083454,ENSG00000083857,ENSG00000085276,ENSG00000086717,ENSG00000088002,ENSG00000089169,ENSG00000090530,ENSG00000090932,ENSG00000091129,ENSG00000091409,ENSG00000091592,ENSG00000091986,ENSG00000092421,ENSG00000095303,ENSG00000095587,ENSG00000095596,ENSG00000099260,ENSG00000099399,ENSG00000099953,ENSG00000100302,ENSG00000100979,ENSG00000100985,ENSG00000101000,ENSG00000101282,ENSG00000101292,ENSG00000101463,ENSG00000101489,ENSG00000101955,ENSG00000102048,ENSG00000102265,ENSG00000103154,ENSG00000103316,ENSG00000103449,ENSG00000103490,ENSG00000103528,ENSG00000103546,ENSG00000104213,ENSG00000104327,ENSG00000104332,ENSG00000104518,ENSG00000104826,ENSG00000104951,ENSG00000105329,ENSG00000105464,ENSG00000105880,ENSG00000106538,ENSG00000106991,ENSG00000107105,ENSG00000107165,ENSG00000107282,ENSG00000108231,ENSG00000108688,ENSG00000108691,ENSG00000108700,ENSG00000108771,ENSG00000108821,ENSG00000109851,ENSG00000110169,ENSG00000110195,ENSG00000110492,ENSG00000110719,ENSG00000111087,ENSG00000111199,ENSG00000111249,ENSG00000111348,ENSG00000112038,ENSG00000112137,ENSG00000112164,ENSG00000112183,ENSG00000112541,ENSG00000112893,ENSG00000113739,ENSG00000113763,ENSG00000114200,ENSG00000114251,ENSG00000114805,ENSG00000115252,ENSG00000115353,ENSG00000115414,ENSG00000115461,ENSG00000115468,ENSG00000115738,ENSG00000115896,ENSG00000116183,ENSG00000116299,ENSG00000116678,ENSG00000117318,ENSG00000117525,ENSG00000118292,ENSG00000118503,ENSG00000119042,ENSG00000119283,ENSG00000119403,ENSG00000119508,ENSG00000119655,ENSG00000119699,ENSG00000120332,ENSG00000120645,ENSG00000120659,ENSG00000120885,ENSG00000121075,ENSG00000121966,ENSG00000122035,ENSG00000122679,ENSG00000123146,ENSG00000123609,ENSG00000123610,ENSG00000123892,ENSG00000124260,ENSG00000124466,ENSG00000124788,ENSG00000125384,ENSG00000125538,ENSG00000125730,ENSG00000125848,ENSG00000125851,ENSG00000125968,ENSG00000126458,ENSG00000126562,ENSG00000126778,ENSG00000127418,ENSG00000127586,ENSG00000128052,ENSG00000128340,ENSG00000128594,ENSG00000128606,ENSG00000128849,ENSG00000129159,ENSG00000129422,ENSG00000129993,ENSG00000130164,ENSG00000130203,ENSG00000130303,ENSG00000130433,ENSG00000130529,ENSG00000130635,ENSG00000130700,ENSG00000130707,ENSG00000130768,ENSG00000130962,ENSG00000131389,ENSG00000131634,ENSG00000132170,ENSG00000132256,ENSG00000132386,ENSG00000132854,ENSG00000134013,ENSG00000134121,ENSG00000134508,ENSG00000134532,ENSG00000135048,ENSG00000135111,ENSG00000135116,ENSG00000135253,ENSG00000135697,ENSG00000135899,ENSG00000135902,ENSG00000135919,ENSG00000135926,ENSG00000136160,ENSG00000136546,ENSG00000136944,ENSG00000136997,ENSG00000137077,ENSG00000137331,ENSG00000137441,ENSG00000137463,ENSG00000137693,ENSG00000137699,ENSG00000137727,ENSG00000137962,ENSG00000138083,ENSG00000138100,ENSG00000138119,ENSG00000138395,ENSG00000138735,ENSG00000138772,ENSG00000138795,ENSG00000139155,ENSG00000139219,ENSG00000139269,ENSG00000139329,ENSG00000139352,ENSG00000139549,ENSG00000140279,ENSG00000140285,ENSG00000140795,ENSG00000141668,ENSG00000142089,ENSG00000142173,ENSG00000142279,ENSG00000143320,ENSG00000143355,ENSG00000143382,ENSG00000143772,ENSG00000143816,ENSG00000143839,ENSG00000143869,ENSG00000143995,ENSG00000144476,ENSG00000144596,ENSG00000144824,ENSG00000145103,ENSG00000145451,ENSG00000145623,ENSG00000145819,ENSG00000145920,ENSG00000146006,ENSG00000146285,ENSG00000146376,ENSG00000147065,ENSG00000147255,ENSG00000147256,ENSG00000147606,ENSG00000147869,ENSG00000148053,ENSG00000148175,ENSG00000148908,ENSG00000149131,ENSG00000149212,ENSG00000149488,ENSG00000149527,ENSG00000150281,ENSG00000150457,ENSG00000150594,ENSG00000150750,ENSG00000150907,ENSG00000151615,ENSG00000152049,ENSG00000152104,ENSG00000152137,ENSG00000152284,ENSG00000152377,ENSG00000152402,ENSG00000152467,ENSG00000152527,ENSG00000152661,ENSG00000152894,ENSG00000153029,ENSG00000153291,ENSG00000153294,ENSG00000153707,ENSG00000153993,ENSG00000154133,ENSG00000154175,ENSG00000154678,ENSG00000154928,ENSG00000155158,ENSG00000155367,ENSG00000155849,ENSG00000155886,ENSG00000155897,ENSG00000155926,ENSG00000155974,ENSG00000156509,ENSG00000156535,ENSG00000156564,ENSG00000156687,ENSG00000157087,ENSG00000157103,ENSG00000157110,ENSG00000157404,ENSG00000157613,ENSG00000158022,ENSG00000158156,ENSG00000158270,ENSG00000159674,ENSG00000159713,ENSG00000160013,ENSG00000160179,ENSG00000160223,ENSG00000160224,ENSG00000161681,ENSG00000161835,ENSG00000162105,ENSG00000162344,ENSG00000162496,ENSG00000162595,ENSG00000162614,ENSG00000162624,ENSG00000162670,ENSG00000162745,ENSG00000162894,ENSG00000162951,ENSG00000162998,ENSG00000163191,ENSG00000163219,ENSG00000163273,ENSG00000163346,ENSG00000163377,ENSG00000163394,ENSG00000163430,ENSG00000163513,ENSG00000163637,ENSG00000163673,ENSG00000164082,ENSG00000164176,ENSG00000164326,ENSG00000164342,ENSG00000164509,ENSG00000164692,ENSG00000165140,ENSG00000165197,ENSG00000165323,ENSG00000165643,ENSG00000165646,ENSG00000165757,ENSG00000165895,ENSG00000165917,ENSG00000165959,ENSG00000165970,ENSG00000165973,ENSG00000165995,ENSG00000166206,ENSG00000166292,ENSG00000166349,ENSG00000166482,ENSG00000166592,ENSG00000166801,ENSG00000166825,ENSG00000166862,ENSG00000166863,ENSG00000166923,ENSG00000167588,ENSG00000167641,ENSG00000167664,ENSG00000167964,ENSG00000168071,ENSG00000168412,ENSG00000168418,ENSG00000168505,ENSG00000168539,ENSG00000168542,ENSG00000168843,ENSG00000168938,ENSG00000169245,ENSG00000169247,ENSG00000169248,ENSG00000169302,ENSG00000169427,ENSG00000169429,ENSG00000169583,ENSG00000169860,ENSG00000169871,ENSG00000169891,ENSG00000170091,ENSG00000170419,ENSG00000170608,ENSG00000170775,ENSG00000170891,ENSG00000171303,ENSG00000171551,ENSG00000171631,ENSG00000171819,ENSG00000171848,ENSG00000172201,ENSG00000172247,ENSG00000172572,ENSG00000172638,ENSG00000172985,ENSG00000172987,ENSG00000173040,ENSG00000173068,ENSG00000173376,ENSG00000173567,ENSG00000173662,ENSG00000173805,ENSG00000174348,ENSG00000174672,ENSG00000174807,ENSG00000175426,ENSG00000175497,ENSG00000175505,ENSG00000176293,ENSG00000176884,ENSG00000177045,ENSG00000177272,ENSG00000177301,ENSG00000177374,ENSG00000177469,ENSG00000177706,ENSG00000178764,ENSG00000179242,ENSG00000179399,ENSG00000179431,ENSG00000179546,ENSG00000179954,ENSG00000180447,ENSG00000180720,ENSG00000180739,ENSG00000180772,ENSG00000180875,ENSG00000181019,ENSG00000181072,ENSG00000181444,ENSG00000181541,ENSG00000181656,ENSG00000181744,ENSG00000182195,ENSG00000182636,ENSG00000182771,ENSG00000182836,ENSG00000182871,ENSG00000183098,ENSG00000183779,ENSG00000183837,ENSG00000183853,ENSG00000184254,ENSG00000184564,ENSG00000184838,ENSG00000185101,ENSG00000185155,ENSG00000185201,ENSG00000185291,ENSG00000185345,ENSG00000185551,ENSG00000185561,ENSG00000185650,ENSG00000185664,ENSG00000185666,ENSG00000185924,ENSG00000186197,ENSG00000186417,ENSG00000186487,ENSG00000186827,ENSG00000186897,ENSG00000187098,ENSG00000187323,ENSG00000187486,ENSG00000187634,ENSG00000188282,ENSG00000188620,ENSG00000188816,ENSG00000189292,ENSG00000196092,ENSG00000196154,ENSG00000196277,ENSG00000196502,ENSG00000196549,ENSG00000196562,ENSG00000196611,ENSG00000196664,ENSG00000197093,ENSG00000197321,ENSG00000197385,ENSG00000197496,ENSG00000197580,ENSG00000197712,ENSG00000197747,ENSG00000197766,ENSG00000197935,ENSG00000197971,ENSG00000198121,ENSG00000198523,ENSG00000198576,ENSG00000198626,ENSG00000198682,ENSG00000198719,ENSG00000198768,ENSG00000198797,ENSG00000198835,ENSG00000198879,ENSG00000198915,ENSG00000198939,ENSG00000198959,ENSG00000198963,ENSG00000203797,ENSG00000203883,ENSG00000204335,ENSG00000204592,ENSG00000213171,ENSG00000213694,ENSG00000214290,ENSG00000214336,ENSG00000215397,ENSG00000215612,ENSG00000219438,ENSG00000221866,ENSG00000224389,ENSG00000230873,ENSG00000232810,ENSG00000233608,ENSG00000237412,ENSG00000237988,ENSG00000240583,ENSG00000243364,ENSG00000243566,ENSG00000244414,ENSG00000244731,ENSG00000250366,ENSG00000255346,ENSG00000255690,ENSG00000258405,ENSG00000261787,ENSG00000266524,ENSG00000270011,ENSG00000271447,ENSG00000271503,ENSG00000274588,ENSG00000276644"
"GO:BP","central nervous system development","GO:0007417","false","0.014114720730895845","1.850327710236208","821","726","81","13009","ENSG00000001617,ENSG00000003137,ENSG00000038427,ENSG00000054598,ENSG00000064300,ENSG00000066468,ENSG00000075213,ENSG00000075275,ENSG00000077092,ENSG00000091129,ENSG00000095596,ENSG00000103449,ENSG00000104332,ENSG00000105329,ENSG00000105464,ENSG00000105880,ENSG00000109851,ENSG00000110492,ENSG00000111087,ENSG00000112137,ENSG00000114251,ENSG00000115738,ENSG00000117318,ENSG00000120885,ENSG00000121966,ENSG00000124788,ENSG00000125538,ENSG00000125730,ENSG00000126778,ENSG00000129159,ENSG00000130164,ENSG00000132170,ENSG00000135111,ENSG00000135919,ENSG00000137463,ENSG00000138083,ENSG00000138162,ENSG00000138795,ENSG00000139219,ENSG00000139352,ENSG00000140279,ENSG00000143869,ENSG00000143995,ENSG00000144476,ENSG00000148053,ENSG00000151615,ENSG00000152377,ENSG00000154928,ENSG00000156687,ENSG00000162576,ENSG00000162624,ENSG00000162670,ENSG00000163394,ENSG00000163513,ENSG00000168505,ENSG00000168542,ENSG00000172201,ENSG00000173376,ENSG00000173805,ENSG00000175505,ENSG00000176884,ENSG00000177301,ENSG00000180772,ENSG00000182636,ENSG00000184254,ENSG00000185345,ENSG00000185551,ENSG00000185924,ENSG00000187323,ENSG00000188620,ENSG00000188816,ENSG00000196092,ENSG00000197971,ENSG00000198121,ENSG00000198719,ENSG00000198797,ENSG00000198963,ENSG00000221866,ENSG00000232810,ENSG00000240583,ENSG00000266524"
"GO:BP","regulation of chemotaxis","GO:0050920","false","0.015530090697769635","1.808826007927214","143","726","25","13009","ENSG00000001617,ENSG00000078401,ENSG00000105329,ENSG00000106538,ENSG00000108688,ENSG00000108691,ENSG00000110492,ENSG00000111199,ENSG00000114251,ENSG00000117525,ENSG00000121966,ENSG00000123610,ENSG00000128052,ENSG00000128340,ENSG00000129422,ENSG00000137077,ENSG00000151615,ENSG00000165197,ENSG00000166923,ENSG00000169245,ENSG00000169429,ENSG00000198121,ENSG00000221866,ENSG00000271447,ENSG00000271503"
"GO:BP","monoatomic ion transport","GO:0006811","true","0.016108921671842854","1.792933530197935","906","726","87","13009","ENSG00000006071,ENSG00000012223,ENSG00000063127,ENSG00000064989,ENSG00000069431,ENSG00000071967,ENSG00000078401,ENSG00000080709,ENSG00000083454,ENSG00000103546,ENSG00000105329,ENSG00000105464,ENSG00000107147,ENSG00000108691,ENSG00000108700,ENSG00000110169,ENSG00000110719,ENSG00000111199,ENSG00000112038,ENSG00000113739,ENSG00000114805,ENSG00000115896,ENSG00000119411,ENSG00000122679,ENSG00000126562,ENSG00000129159,ENSG00000130433,ENSG00000130529,ENSG00000131389,ENSG00000132164,ENSG00000135902,ENSG00000135919,ENSG00000135926,ENSG00000136160,ENSG00000136546,ENSG00000137077,ENSG00000137491,ENSG00000139155,ENSG00000140675,ENSG00000145451,ENSG00000147606,ENSG00000148175,ENSG00000149488,ENSG00000149527,ENSG00000150594,ENSG00000152049,ENSG00000152661,ENSG00000153291,ENSG00000155886,ENSG00000157087,ENSG00000157103,ENSG00000158014,ENSG00000163293,ENSG00000165646,ENSG00000165970,ENSG00000165995,ENSG00000166206,ENSG00000166592,ENSG00000166862,ENSG00000168418,ENSG00000168539,ENSG00000169245,ENSG00000169248,ENSG00000169427,ENSG00000169583,ENSG00000169860,ENSG00000171227,ENSG00000171303,ENSG00000171631,ENSG00000173930,ENSG00000175497,ENSG00000176884,ENSG00000177272,ENSG00000177301,ENSG00000182771,ENSG00000185101,ENSG00000185760,ENSG00000187486,ENSG00000196187,ENSG00000197496,ENSG00000198515,ENSG00000198523,ENSG00000198576,ENSG00000198626,ENSG00000240583,ENSG00000255346,ENSG00000271503"
"GO:BP","bone morphogenesis","GO:0060349","false","0.018447394572197563","1.7340649629910705","81","726","18","13009","ENSG00000003137,ENSG00000012223,ENSG00000054598,ENSG00000066468,ENSG00000077092,ENSG00000105329,ENSG00000105880,ENSG00000108821,ENSG00000111199,ENSG00000116183,ENSG00000139219,ENSG00000147869,ENSG00000162496,ENSG00000163273,ENSG00000163513,ENSG00000164946,ENSG00000168542,ENSG00000204335"
"GO:BP","positive regulation of nervous system development","GO:0051962","false","0.019657272755156777","1.7064767362264663","227","726","33","13009","ENSG00000101463,ENSG00000105329,ENSG00000110492,ENSG00000111249,ENSG00000112038,ENSG00000112893,ENSG00000115414,ENSG00000115738,ENSG00000121966,ENSG00000125538,ENSG00000125848,ENSG00000132170,ENSG00000132386,ENSG00000135919,ENSG00000139352,ENSG00000141668,ENSG00000143320,ENSG00000146006,ENSG00000148053,ENSG00000151615,ENSG00000153707,ENSG00000154928,ENSG00000157404,ENSG00000162951,ENSG00000172201,ENSG00000173805,ENSG00000175505,ENSG00000179242,ENSG00000184564,ENSG00000196549,ENSG00000198959,ENSG00000213171,ENSG00000232810"
"GO:BP","neuron differentiation","GO:0030182","false","0.020400708174343207","1.690354756550999","1194","726","107","13009","ENSG00000001617,ENSG00000002746,ENSG00000006611,ENSG00000009694,ENSG00000021645,ENSG00000041982,ENSG00000053108,ENSG00000064300,ENSG00000066468,ENSG00000074527,ENSG00000075213,ENSG00000078401,ENSG00000078579,ENSG00000079841,ENSG00000082397,ENSG00000091129,ENSG00000091409,ENSG00000092421,ENSG00000095713,ENSG00000103449,ENSG00000103528,ENSG00000104332,ENSG00000105880,ENSG00000108231,ENSG00000109851,ENSG00000110195,ENSG00000110492,ENSG00000111199,ENSG00000111249,ENSG00000112137,ENSG00000113763,ENSG00000114251,ENSG00000115414,ENSG00000115468,ENSG00000115738,ENSG00000117318,ENSG00000119283,ENSG00000120332,ENSG00000125730,ENSG00000125848,ENSG00000125968,ENSG00000126778,ENSG00000130203,ENSG00000132386,ENSG00000132561,ENSG00000134121,ENSG00000136160,ENSG00000136944,ENSG00000137463,ENSG00000138083,ENSG00000139352,ENSG00000143320,ENSG00000143355,ENSG00000143816,ENSG00000143869,ENSG00000143995,ENSG00000148053,ENSG00000150281,ENSG00000151615,ENSG00000152377,ENSG00000152894,ENSG00000153707,ENSG00000153993,ENSG00000154133,ENSG00000154654,ENSG00000154928,ENSG00000155974,ENSG00000156687,ENSG00000157087,ENSG00000161681,ENSG00000162614,ENSG00000162624,ENSG00000162670,ENSG00000163394,ENSG00000165197,ENSG00000165323,ENSG00000165959,ENSG00000168505,ENSG00000170775,ENSG00000172201,ENSG00000173376,ENSG00000174672,ENSG00000178764,ENSG00000179242,ENSG00000182636,ENSG00000184564,ENSG00000184613,ENSG00000185345,ENSG00000185924,ENSG00000186367,ENSG00000186417,ENSG00000186487,ENSG00000187323,ENSG00000187634,ENSG00000188162,ENSG00000189292,ENSG00000196277,ENSG00000198121,ENSG00000198576,ENSG00000198719,ENSG00000198797,ENSG00000198963,ENSG00000214960,ENSG00000221866,ENSG00000243364,ENSG00000250366,ENSG00000266074"
"GO:BP","positive regulation of acute inflammatory response","GO:0002675","false","0.020532339269307278","1.6875615682194425","15","726","8","13009","ENSG00000010671,ENSG00000073756,ENSG00000120659,ENSG00000125538,ENSG00000125730,ENSG00000145623,ENSG00000204592,ENSG00000232810"
"GO:BP","regulation of leukocyte migration","GO:0002685","false","0.020949969577643012","1.67881660335503","155","726","26","13009","ENSG00000002586,ENSG00000064666,ENSG00000078401,ENSG00000103490,ENSG00000105329,ENSG00000106538,ENSG00000108688,ENSG00000108691,ENSG00000108700,ENSG00000110492,ENSG00000111199,ENSG00000114251,ENSG00000115353,ENSG00000123610,ENSG00000128340,ENSG00000129422,ENSG00000137077,ENSG00000147065,ENSG00000160224,ENSG00000165197,ENSG00000166923,ENSG00000169245,ENSG00000169429,ENSG00000232810,ENSG00000271447,ENSG00000271503"
"GO:BP","collagen fibril organization","GO:0030199","false","0.02153317649645062","1.6668918998967504","58","726","15","13009","ENSG00000054598,ENSG00000080573,ENSG00000087116,ENSG00000095587,ENSG00000099953,ENSG00000108821,ENSG00000130635,ENSG00000134013,ENSG00000139219,ENSG00000139329,ENSG00000164692,ENSG00000166923,ENSG00000168542,ENSG00000172638,ENSG00000204248"
"GO:BP","response to biotic stimulus","GO:0009607","false","0.0224438833312627","1.6489019975305352","1025","726","95","13009","ENSG00000000971,ENSG00000006071,ENSG00000007171,ENSG00000010671,ENSG00000012223,ENSG00000021826,ENSG00000023445,ENSG00000066468,ENSG00000067182,ENSG00000068079,ENSG00000069431,ENSG00000073331,ENSG00000073756,ENSG00000074966,ENSG00000077238,ENSG00000078098,ENSG00000078401,ENSG00000081041,ENSG00000091592,ENSG00000091986,ENSG00000100504,ENSG00000100985,ENSG00000101955,ENSG00000103490,ENSG00000104518,ENSG00000104951,ENSG00000105329,ENSG00000106538,ENSG00000108688,ENSG00000108691,ENSG00000108700,ENSG00000108771,ENSG00000110169,ENSG00000114251,ENSG00000118503,ENSG00000119411,ENSG00000119655,ENSG00000120885,ENSG00000121966,ENSG00000123609,ENSG00000125355,ENSG00000125384,ENSG00000125538,ENSG00000125730,ENSG00000130203,ENSG00000130303,ENSG00000130649,ENSG00000130707,ENSG00000130768,ENSG00000132170,ENSG00000132256,ENSG00000136160,ENSG00000136546,ENSG00000137077,ENSG00000137331,ENSG00000137699,ENSG00000137965,ENSG00000138100,ENSG00000138772,ENSG00000140279,ENSG00000142089,ENSG00000143839,ENSG00000149131,ENSG00000150457,ENSG00000153029,ENSG00000158022,ENSG00000158270,ENSG00000159674,ENSG00000160013,ENSG00000162344,ENSG00000164342,ENSG00000164509,ENSG00000165197,ENSG00000168071,ENSG00000169245,ENSG00000169429,ENSG00000169871,ENSG00000177694,ENSG00000179954,ENSG00000181019,ENSG00000181072,ENSG00000182195,ENSG00000183778,ENSG00000185201,ENSG00000196664,ENSG00000197766,ENSG00000204592,ENSG00000205413,ENSG00000224389,ENSG00000232810,ENSG00000240583,ENSG00000244731,ENSG00000255690,ENSG00000271503,ENSG00000276644"
"GO:BP","mononuclear cell migration","GO:0071674","false","0.023364567656164233","1.631442250859628","146","726","25","13009","ENSG00000002586,ENSG00000064666,ENSG00000103490,ENSG00000105329,ENSG00000106538,ENSG00000108688,ENSG00000108691,ENSG00000110492,ENSG00000111199,ENSG00000114251,ENSG00000120659,ENSG00000121966,ENSG00000129422,ENSG00000130529,ENSG00000136160,ENSG00000137077,ENSG00000147065,ENSG00000160224,ENSG00000163377,ENSG00000166923,ENSG00000169245,ENSG00000169248,ENSG00000232810,ENSG00000271447,ENSG00000271503"
"GO:BP","cellular response to retinoic acid","GO:0071300","false","0.023543516914038644","1.6281286620416315","51","726","14","13009","ENSG00000003137,ENSG00000041982,ENSG00000066468,ENSG00000108821,ENSG00000114251,ENSG00000132170,ENSG00000132386,ENSG00000137693,ENSG00000143816,ENSG00000162670,ENSG00000198797,ENSG00000198963,ENSG00000232810,ENSG00000240583"
"GO:BP","response to abiotic stimulus","GO:0009628","false","0.02455793535674037","1.6098081481524493","901","726","86","13009","ENSG00000006071,ENSG00000007171,ENSG00000021300,ENSG00000041982,ENSG00000064300,ENSG00000064666,ENSG00000066468,ENSG00000067182,ENSG00000069431,ENSG00000070601,ENSG00000073756,ENSG00000074771,ENSG00000078401,ENSG00000083454,ENSG00000091592,ENSG00000100985,ENSG00000102265,ENSG00000103490,ENSG00000104327,ENSG00000104332,ENSG00000105329,ENSG00000106991,ENSG00000108688,ENSG00000108821,ENSG00000109956,ENSG00000110492,ENSG00000111199,ENSG00000113739,ENSG00000115353,ENSG00000115468,ENSG00000115738,ENSG00000116183,ENSG00000119699,ENSG00000121966,ENSG00000125538,ENSG00000129159,ENSG00000129993,ENSG00000132170,ENSG00000132386,ENSG00000134013,ENSG00000135919,ENSG00000136546,ENSG00000136997,ENSG00000137198,ENSG00000137463,ENSG00000137693,ENSG00000139352,ENSG00000142173,ENSG00000142279,ENSG00000149488,ENSG00000150907,ENSG00000152402,ENSG00000152894,ENSG00000153291,ENSG00000154928,ENSG00000155886,ENSG00000157404,ENSG00000158022,ENSG00000160223,ENSG00000163273,ENSG00000164342,ENSG00000165140,ENSG00000165197,ENSG00000166349,ENSG00000166482,ENSG00000168542,ENSG00000169245,ENSG00000169427,ENSG00000169860,ENSG00000171303,ENSG00000173376,ENSG00000176884,ENSG00000181656,ENSG00000182871,ENSG00000184564,ENSG00000185650,ENSG00000187486,ENSG00000196549,ENSG00000196611,ENSG00000196664,ENSG00000198121,ENSG00000198125,ENSG00000198523,ENSG00000198626,ENSG00000232810,ENSG00000240583"
"GO:BP","myeloid leukocyte migration","GO:0097529","false","0.025690891798450098","1.5902208199678456","137","726","24","13009","ENSG00000002586,ENSG00000064666,ENSG00000078401,ENSG00000106538,ENSG00000108688,ENSG00000108691,ENSG00000108700,ENSG00000110492,ENSG00000111199,ENSG00000120659,ENSG00000123610,ENSG00000125538,ENSG00000128340,ENSG00000129422,ENSG00000136160,ENSG00000137077,ENSG00000157404,ENSG00000163377,ENSG00000165197,ENSG00000166923,ENSG00000169245,ENSG00000169429,ENSG00000271447,ENSG00000271503"
"GO:BP","cytokine-mediated signaling pathway","GO:0019221","false","0.025784337778103534","1.58864401814552","367","726","45","13009","ENSG00000006016,ENSG00000023445,ENSG00000054598,ENSG00000056558,ENSG00000066468,ENSG00000067182,ENSG00000074966,ENSG00000077238,ENSG00000078401,ENSG00000103490,ENSG00000108688,ENSG00000108691,ENSG00000108700,ENSG00000110169,ENSG00000114251,ENSG00000116678,ENSG00000117525,ENSG00000118503,ENSG00000120659,ENSG00000121966,ENSG00000125538,ENSG00000128052,ENSG00000132170,ENSG00000137077,ENSG00000137693,ENSG00000140279,ENSG00000142089,ENSG00000144476,ENSG00000145623,ENSG00000148053,ENSG00000154928,ENSG00000157404,ENSG00000164509,ENSG00000169245,ENSG00000169248,ENSG00000169871,ENSG00000172247,ENSG00000175505,ENSG00000180875,ENSG00000185201,ENSG00000185291,ENSG00000185345,ENSG00000186827,ENSG00000232810,ENSG00000271503"
"GO:BP","regulation of fat cell differentiation","GO:0045598","false","0.025967082257596422","1.5855768463127002","109","726","21","13009","ENSG00000018408,ENSG00000048540,ENSG00000073756,ENSG00000099953,ENSG00000104332,ENSG00000105329,ENSG00000106538,ENSG00000111199,ENSG00000114251,ENSG00000115738,ENSG00000126778,ENSG00000130529,ENSG00000132170,ENSG00000137693,ENSG00000150907,ENSG00000162998,ENSG00000170419,ENSG00000172201,ENSG00000185650,ENSG00000186897,ENSG00000232810"
"GO:BP","axon guidance","GO:0007411","true","0.027037049842570323","1.568040698343983","198","726","30","13009","ENSG00000001617,ENSG00000021645,ENSG00000064300,ENSG00000074527,ENSG00000075213,ENSG00000078401,ENSG00000091129,ENSG00000092421,ENSG00000105880,ENSG00000108231,ENSG00000113763,ENSG00000114251,ENSG00000125848,ENSG00000132561,ENSG00000134121,ENSG00000143355,ENSG00000143869,ENSG00000151615,ENSG00000153993,ENSG00000154133,ENSG00000154928,ENSG00000156687,ENSG00000162614,ENSG00000168505,ENSG00000179242,ENSG00000184613,ENSG00000187323,ENSG00000214960,ENSG00000221866,ENSG00000243364"
"GO:BP","positive regulation of signal transduction","GO:0009967","false","0.030044832495618786","1.5222302128999101","1247","726","110","13009","ENSG00000009694,ENSG00000010671,ENSG00000011465,ENSG00000012223,ENSG00000014257,ENSG00000019991,ENSG00000023445,ENSG00000048540,ENSG00000064300,ENSG00000066468,ENSG00000067182,ENSG00000068079,ENSG00000073331,ENSG00000074966,ENSG00000075213,ENSG00000078401,ENSG00000078579,ENSG00000079841,ENSG00000083454,ENSG00000100302,ENSG00000100985,ENSG00000101282,ENSG00000101955,ENSG00000103154,ENSG00000103449,ENSG00000103490,ENSG00000104332,ENSG00000105329,ENSG00000105464,ENSG00000105880,ENSG00000106991,ENSG00000108691,ENSG00000108771,ENSG00000108821,ENSG00000110169,ENSG00000111087,ENSG00000111199,ENSG00000111249,ENSG00000112038,ENSG00000114251,ENSG00000115414,ENSG00000115461,ENSG00000117525,ENSG00000118503,ENSG00000119699,ENSG00000120659,ENSG00000121966,ENSG00000122679,ENSG00000123609,ENSG00000125538,ENSG00000125730,ENSG00000128052,ENSG00000130203,ENSG00000130303,ENSG00000130529,ENSG00000130700,ENSG00000132170,ENSG00000132256,ENSG00000135253,ENSG00000136160,ENSG00000136997,ENSG00000137077,ENSG00000137693,ENSG00000138795,ENSG00000139352,ENSG00000139549,ENSG00000140285,ENSG00000143772,ENSG00000143869,ENSG00000144476,ENSG00000148053,ENSG00000150457,ENSG00000150594,ENSG00000152402,ENSG00000152661,ENSG00000157404,ENSG00000161681,ENSG00000162344,ENSG00000163346,ENSG00000163513,ENSG00000164082,ENSG00000164326,ENSG00000164342,ENSG00000165757,ENSG00000166292,ENSG00000166923,ENSG00000168542,ENSG00000169860,ENSG00000169871,ENSG00000170775,ENSG00000171631,ENSG00000172247,ENSG00000172985,ENSG00000173805,ENSG00000176884,ENSG00000177374,ENSG00000179399,ENSG00000180772,ENSG00000185345,ENSG00000189292,ENSG00000196154,ENSG00000196562,ENSG00000196664,ENSG00000197496,ENSG00000198121,ENSG00000198719,ENSG00000198915,ENSG00000198959,ENSG00000232810,ENSG00000271503"
"GO:BP","neuron projection guidance","GO:0097485","false","0.03018572746993237","1.5201983532751315","199","726","30","13009","ENSG00000001617,ENSG00000021645,ENSG00000064300,ENSG00000074527,ENSG00000075213,ENSG00000078401,ENSG00000091129,ENSG00000092421,ENSG00000105880,ENSG00000108231,ENSG00000113763,ENSG00000114251,ENSG00000125848,ENSG00000132561,ENSG00000134121,ENSG00000143355,ENSG00000143869,ENSG00000151615,ENSG00000153993,ENSG00000154133,ENSG00000154928,ENSG00000156687,ENSG00000162614,ENSG00000168505,ENSG00000179242,ENSG00000184613,ENSG00000187323,ENSG00000214960,ENSG00000221866,ENSG00000243364"
"GO:BP","digestive system development","GO:0055123","false","0.030544695751047842","1.5150641964216138","101","726","20","13009","ENSG00000021826,ENSG00000066468,ENSG00000077092,ENSG00000103449,ENSG00000104332,ENSG00000105329,ENSG00000106538,ENSG00000111087,ENSG00000114251,ENSG00000115738,ENSG00000130700,ENSG00000130707,ENSG00000136160,ENSG00000137693,ENSG00000139352,ENSG00000157404,ENSG00000168542,ENSG00000169429,ENSG00000185155,ENSG00000232810"
"GO:BP","response to wounding","GO:0009611","true","0.03588111211334909","1.4451341047247745","420","726","49","13009","ENSG00000041982,ENSG00000064666,ENSG00000075275,ENSG00000078098,ENSG00000078401,ENSG00000101000,ENSG00000102265,ENSG00000105329,ENSG00000106991,ENSG00000110195,ENSG00000110492,ENSG00000111087,ENSG00000114251,ENSG00000115414,ENSG00000117525,ENSG00000118292,ENSG00000118503,ENSG00000125848,ENSG00000128052,ENSG00000130203,ENSG00000130635,ENSG00000130962,ENSG00000132170,ENSG00000132561,ENSG00000135919,ENSG00000137693,ENSG00000138119,ENSG00000140279,ENSG00000140285,ENSG00000144824,ENSG00000149131,ENSG00000150594,ENSG00000154175,ENSG00000156535,ENSG00000163273,ENSG00000164342,ENSG00000168542,ENSG00000169860,ENSG00000171819,ENSG00000173376,ENSG00000185650,ENSG00000185924,ENSG00000196562,ENSG00000197747,ENSG00000219438,ENSG00000232810,ENSG00000237412,ENSG00000240583,ENSG00000274588"
"GO:BP","nerve development","GO:0021675","false","0.03603935727950829","1.4432229627665574","68","726","16","13009","ENSG00000001617,ENSG00000064300,ENSG00000075213,ENSG00000078401,ENSG00000103449,ENSG00000110719,ENSG00000126778,ENSG00000129159,ENSG00000135919,ENSG00000144476,ENSG00000154928,ENSG00000177301,ENSG00000184564,ENSG00000196562,ENSG00000198121,ENSG00000221866"
"GO:BP","regulation of morphogenesis of a branching structure","GO:0060688","false","0.04036431674510495","1.394002394508251","39","726","12","13009","ENSG00000019991,ENSG00000066468,ENSG00000074527,ENSG00000104332,ENSG00000105329,ENSG00000110492,ENSG00000114251,ENSG00000126778,ENSG00000140285,ENSG00000166923,ENSG00000180772,ENSG00000232810"
"GO:BP","morphogenesis of an epithelium","GO:0002009","false","0.040425833623408985","1.3933410157180688","385","726","46","13009","ENSG00000019991,ENSG00000041982,ENSG00000064300,ENSG00000066468,ENSG00000074527,ENSG00000075275,ENSG00000078401,ENSG00000103449,ENSG00000104332,ENSG00000105329,ENSG00000106991,ENSG00000110195,ENSG00000110492,ENSG00000114251,ENSG00000115461,ENSG00000118292,ENSG00000121075,ENSG00000125848,ENSG00000126562,ENSG00000126778,ENSG00000128052,ENSG00000130635,ENSG00000135111,ENSG00000136997,ENSG00000137693,ENSG00000138795,ENSG00000140285,ENSG00000143869,ENSG00000144824,ENSG00000147065,ENSG00000152661,ENSG00000160224,ENSG00000162998,ENSG00000163513,ENSG00000166923,ENSG00000168505,ENSG00000169245,ENSG00000172201,ENSG00000174672,ENSG00000180772,ENSG00000184254,ENSG00000198626,ENSG00000198719,ENSG00000198959,ENSG00000203883,ENSG00000232810"
"GO:BP","organic hydroxy compound transport","GO:0015850","true","0.047058700062866984","1.327360073830656","182","726","28","13009","ENSG00000021762,ENSG00000078579,ENSG00000100979,ENSG00000103546,ENSG00000103569,ENSG00000119655,ENSG00000120885,ENSG00000126562,ENSG00000130164,ENSG00000130203,ENSG00000132170,ENSG00000137491,ENSG00000139155,ENSG00000141526,ENSG00000143839,ENSG00000150594,ENSG00000155158,ENSG00000160179,ENSG00000162344,ENSG00000164082,ENSG00000164326,ENSG00000165646,ENSG00000169427,ENSG00000169860,ENSG00000177301,ENSG00000185345,ENSG00000198959,ENSG00000240583"
"GO:BP","intracellular signaling cassette","GO:0141124","true","0.047276656861409305","1.3253532418978733","1495","726","126","13009","ENSG00000007171,ENSG00000009694,ENSG00000010671,ENSG00000011465,ENSG00000012223,ENSG00000018408,ENSG00000019991,ENSG00000023445,ENSG00000048540,ENSG00000056558,ENSG00000064300,ENSG00000066468,ENSG00000067182,ENSG00000068079,ENSG00000069431,ENSG00000073331,ENSG00000075213,ENSG00000075275,ENSG00000075651,ENSG00000078401,ENSG00000078579,ENSG00000083454,ENSG00000085276,ENSG00000092421,ENSG00000100302,ENSG00000103154,ENSG00000103490,ENSG00000105329,ENSG00000105464,ENSG00000106991,ENSG00000111199,ENSG00000111348,ENSG00000112038,ENSG00000114251,ENSG00000115414,ENSG00000115461,ENSG00000118292,ENSG00000118503,ENSG00000119283,ENSG00000119699,ENSG00000120645,ENSG00000120659,ENSG00000121966,ENSG00000122679,ENSG00000123609,ENSG00000123892,ENSG00000125538,ENSG00000126458,ENSG00000126562,ENSG00000128052,ENSG00000128340,ENSG00000128849,ENSG00000130203,ENSG00000130303,ENSG00000130529,ENSG00000132170,ENSG00000132256,ENSG00000135919,ENSG00000136160,ENSG00000136997,ENSG00000137077,ENSG00000137727,ENSG00000137962,ENSG00000140285,ENSG00000142173,ENSG00000143772,ENSG00000143839,ENSG00000143869,ENSG00000144476,ENSG00000145819,ENSG00000146376,ENSG00000148053,ENSG00000149212,ENSG00000150594,ENSG00000150907,ENSG00000151615,ENSG00000152402,ENSG00000152661,ENSG00000154928,ENSG00000155849,ENSG00000155926,ENSG00000157110,ENSG00000157404,ENSG00000162344,ENSG00000162595,ENSG00000163219,ENSG00000163513,ENSG00000164082,ENSG00000164326,ENSG00000164342,ENSG00000164509,ENSG00000164692,ENSG00000165140,ENSG00000165757,ENSG00000165895,ENSG00000166292,ENSG00000166592,ENSG00000166923,ENSG00000168542,ENSG00000169429,ENSG00000169860,ENSG00000169871,ENSG00000170775,ENSG00000171631,ENSG00000172247,ENSG00000172572,ENSG00000172985,ENSG00000173376,ENSG00000176884,ENSG00000180772,ENSG00000181744,ENSG00000185345,ENSG00000185650,ENSG00000186897,ENSG00000187486,ENSG00000189292,ENSG00000196154,ENSG00000196664,ENSG00000197971,ENSG00000198121,ENSG00000198523,ENSG00000198626,ENSG00000198915,ENSG00000198959,ENSG00000232810,ENSG00000271503"
"GO:CC","extracellular region","GO:0005576","true","1.9785899590948855e-28","27.703644199201168","2726","764","291","13682","ENSG00000000971,ENSG00000001617,ENSG00000006016,ENSG00000006534,ENSG00000009694,ENSG00000011465,ENSG00000012223,ENSG00000013364,ENSG00000013588,ENSG00000014257,ENSG00000014914,ENSG00000019991,ENSG00000038427,ENSG00000041982,ENSG00000042286,ENSG00000049323,ENSG00000051620,ENSG00000053108,ENSG00000064300,ENSG00000064666,ENSG00000066468,ENSG00000067182,ENSG00000068079,ENSG00000068976,ENSG00000070404,ENSG00000071967,ENSG00000074527,ENSG00000074771,ENSG00000075213,ENSG00000076944,ENSG00000077238,ENSG00000078098,ENSG00000078114,ENSG00000078401,ENSG00000078579,ENSG00000080573,ENSG00000081041,ENSG00000083857,ENSG00000087116,ENSG00000087303,ENSG00000088002,ENSG00000091128,ENSG00000091129,ENSG00000091704,ENSG00000091986,ENSG00000095303,ENSG00000095587,ENSG00000095713,ENSG00000099953,ENSG00000100504,ENSG00000100979,ENSG00000100985,ENSG00000101000,ENSG00000101282,ENSG00000102265,ENSG00000102996,ENSG00000103316,ENSG00000103490,ENSG00000104213,ENSG00000104327,ENSG00000104332,ENSG00000104518,ENSG00000104826,ENSG00000104894,ENSG00000104951,ENSG00000105329,ENSG00000106484,ENSG00000106538,ENSG00000106991,ENSG00000108231,ENSG00000108688,ENSG00000108691,ENSG00000108700,ENSG00000108821,ENSG00000109956,ENSG00000110169,ENSG00000110195,ENSG00000110492,ENSG00000111249,ENSG00000111339,ENSG00000111348,ENSG00000112893,ENSG00000113739,ENSG00000113805,ENSG00000114200,ENSG00000114251,ENSG00000114541,ENSG00000115414,ENSG00000115461,ENSG00000116183,ENSG00000116299,ENSG00000116678,ENSG00000117525,ENSG00000118292,ENSG00000118503,ENSG00000119655,ENSG00000119699,ENSG00000120306,ENSG00000120332,ENSG00000120658,ENSG00000120659,ENSG00000120885,ENSG00000121966,ENSG00000123146,ENSG00000123609,ENSG00000123610,ENSG00000124466,ENSG00000125538,ENSG00000125730,ENSG00000125848,ENSG00000125851,ENSG00000126458,ENSG00000128052,ENSG00000128340,ENSG00000128606,ENSG00000129422,ENSG00000130164,ENSG00000130203,ENSG00000130303,ENSG00000130635,ENSG00000130707,ENSG00000130768,ENSG00000130962,ENSG00000132000,ENSG00000132386,ENSG00000132561,ENSG00000134013,ENSG00000134121,ENSG00000135048,ENSG00000135253,ENSG00000135406,ENSG00000135919,ENSG00000135926,ENSG00000137077,ENSG00000137441,ENSG00000138119,ENSG00000138772,ENSG00000139117,ENSG00000139219,ENSG00000139269,ENSG00000139329,ENSG00000139549,ENSG00000140279,ENSG00000140285,ENSG00000140675,ENSG00000141337,ENSG00000141668,ENSG00000142173,ENSG00000142233,ENSG00000143320,ENSG00000143382,ENSG00000143416,ENSG00000143816,ENSG00000143839,ENSG00000143869,ENSG00000146006,ENSG00000146700,ENSG00000147065,ENSG00000147255,ENSG00000147869,ENSG00000148175,ENSG00000149131,ENSG00000150281,ENSG00000152377,ENSG00000153029,ENSG00000153707,ENSG00000153993,ENSG00000154133,ENSG00000154175,ENSG00000154928,ENSG00000156042,ENSG00000156535,ENSG00000157087,ENSG00000157404,ENSG00000158270,ENSG00000158525,ENSG00000159674,ENSG00000160111,ENSG00000160161,ENSG00000160223,ENSG00000160349,ENSG00000160883,ENSG00000162344,ENSG00000162576,ENSG00000162670,ENSG00000162745,ENSG00000162894,ENSG00000162951,ENSG00000162998,ENSG00000163191,ENSG00000163273,ENSG00000163359,ENSG00000163377,ENSG00000163430,ENSG00000163513,ENSG00000164176,ENSG00000164326,ENSG00000164342,ENSG00000164692,ENSG00000164946,ENSG00000165140,ENSG00000165197,ENSG00000165973,ENSG00000166106,ENSG00000166482,ENSG00000166825,ENSG00000166863,ENSG00000166923,ENSG00000167588,ENSG00000168542,ENSG00000168843,ENSG00000168899,ENSG00000168938,ENSG00000169245,ENSG00000169248,ENSG00000169429,ENSG00000169436,ENSG00000169583,ENSG00000170099,ENSG00000170419,ENSG00000170442,ENSG00000170891,ENSG00000171812,ENSG00000171819,ENSG00000172236,ENSG00000172247,ENSG00000172638,ENSG00000172987,ENSG00000173376,ENSG00000173930,ENSG00000174348,ENSG00000174807,ENSG00000175426,ENSG00000175505,ENSG00000176884,ENSG00000176971,ENSG00000177706,ENSG00000179399,ENSG00000179431,ENSG00000179954,ENSG00000180875,ENSG00000181744,ENSG00000182492,ENSG00000182771,ENSG00000182871,ENSG00000183098,ENSG00000184254,ENSG00000184313,ENSG00000184613,ENSG00000185664,ENSG00000185761,ENSG00000185924,ENSG00000186417,ENSG00000186897,ENSG00000187398,ENSG00000188162,ENSG00000188783,ENSG00000189292,ENSG00000189409,ENSG00000196154,ENSG00000196187,ENSG00000196549,ENSG00000196562,ENSG00000196611,ENSG00000197093,ENSG00000197253,ENSG00000197747,ENSG00000197766,ENSG00000198113,ENSG00000198125,ENSG00000198576,ENSG00000198719,ENSG00000198797,ENSG00000198959,ENSG00000203772,ENSG00000204248,ENSG00000204592,ENSG00000213171,ENSG00000219438,ENSG00000224389,ENSG00000226887,ENSG00000232810,ENSG00000237412,ENSG00000240583,ENSG00000243364,ENSG00000244414,ENSG00000244731,ENSG00000255690,ENSG00000266524,ENSG00000271447,ENSG00000271503"
"GO:CC","cell periphery","GO:0071944","true","7.003640717131732e-25","24.15467614108221","4001","764","367","13682","ENSG00000001617,ENSG00000002586,ENSG00000006016,ENSG00000006071,ENSG00000006534,ENSG00000006611,ENSG00000007171,ENSG00000008118,ENSG00000008394,ENSG00000009694,ENSG00000010671,ENSG00000012223,ENSG00000013588,ENSG00000014257,ENSG00000018408,ENSG00000021645,ENSG00000021826,ENSG00000038427,ENSG00000041982,ENSG00000042286,ENSG00000049249,ENSG00000049323,ENSG00000063127,ENSG00000064300,ENSG00000064692,ENSG00000064989,ENSG00000066468,ENSG00000067182,ENSG00000069431,ENSG00000070601,ENSG00000071967,ENSG00000074527,ENSG00000074771,ENSG00000074966,ENSG00000075213,ENSG00000075275,ENSG00000075651,ENSG00000076944,ENSG00000077238,ENSG00000078098,ENSG00000079841,ENSG00000080573,ENSG00000080709,ENSG00000080854,ENSG00000082397,ENSG00000083454,ENSG00000083857,ENSG00000087116,ENSG00000087303,ENSG00000089169,ENSG00000090530,ENSG00000090932,ENSG00000091128,ENSG00000091129,ENSG00000091409,ENSG00000091986,ENSG00000092421,ENSG00000099953,ENSG00000100302,ENSG00000100314,ENSG00000100985,ENSG00000101000,ENSG00000101292,ENSG00000101463,ENSG00000102265,ENSG00000102996,ENSG00000103154,ENSG00000103528,ENSG00000103546,ENSG00000103569,ENSG00000104327,ENSG00000104332,ENSG00000104518,ENSG00000104894,ENSG00000104951,ENSG00000105329,ENSG00000105427,ENSG00000105464,ENSG00000106538,ENSG00000106991,ENSG00000107147,ENSG00000107282,ENSG00000108821,ENSG00000108932,ENSG00000110195,ENSG00000110719,ENSG00000111087,ENSG00000111199,ENSG00000111339,ENSG00000112038,ENSG00000112164,ENSG00000113763,ENSG00000113805,ENSG00000114200,ENSG00000114251,ENSG00000114805,ENSG00000115353,ENSG00000115414,ENSG00000116183,ENSG00000116299,ENSG00000116678,ENSG00000117525,ENSG00000119699,ENSG00000120306,ENSG00000120332,ENSG00000120645,ENSG00000120658,ENSG00000120659,ENSG00000120885,ENSG00000121904,ENSG00000121966,ENSG00000122679,ENSG00000123146,ENSG00000123892,ENSG00000124466,ENSG00000125384,ENSG00000125730,ENSG00000125848,ENSG00000126458,ENSG00000127418,ENSG00000128052,ENSG00000128340,ENSG00000128594,ENSG00000128606,ENSG00000129159,ENSG00000129422,ENSG00000130164,ENSG00000130203,ENSG00000130303,ENSG00000130433,ENSG00000130529,ENSG00000130635,ENSG00000130768,ENSG00000130962,ENSG00000131389,ENSG00000131634,ENSG00000132000,ENSG00000132164,ENSG00000132386,ENSG00000132561,ENSG00000132677,ENSG00000133958,ENSG00000134013,ENSG00000134121,ENSG00000135048,ENSG00000135406,ENSG00000135902,ENSG00000135926,ENSG00000136160,ENSG00000136546,ENSG00000137491,ENSG00000137693,ENSG00000138119,ENSG00000138162,ENSG00000138650,ENSG00000138772,ENSG00000139117,ENSG00000139155,ENSG00000139219,ENSG00000139329,ENSG00000139549,ENSG00000140279,ENSG00000140675,ENSG00000141526,ENSG00000142089,ENSG00000142173,ENSG00000142227,ENSG00000143036,ENSG00000143382,ENSG00000143839,ENSG00000144476,ENSG00000144596,ENSG00000144824,ENSG00000145012,ENSG00000145103,ENSG00000145451,ENSG00000145623,ENSG00000146006,ENSG00000146376,ENSG00000146411,ENSG00000147065,ENSG00000147606,ENSG00000148053,ENSG00000148175,ENSG00000148908,ENSG00000149488,ENSG00000149527,ENSG00000149809,ENSG00000150594,ENSG00000152049,ENSG00000152377,ENSG00000152527,ENSG00000152661,ENSG00000152894,ENSG00000153029,ENSG00000153707,ENSG00000153993,ENSG00000154133,ENSG00000154175,ENSG00000154654,ENSG00000154928,ENSG00000155849,ENSG00000155886,ENSG00000155897,ENSG00000155926,ENSG00000155974,ENSG00000156535,ENSG00000156564,ENSG00000156687,ENSG00000157087,ENSG00000157103,ENSG00000157404,ENSG00000158014,ENSG00000158156,ENSG00000158220,ENSG00000158270,ENSG00000159674,ENSG00000160013,ENSG00000160111,ENSG00000160179,ENSG00000160223,ENSG00000161681,ENSG00000161835,ENSG00000162105,ENSG00000162496,ENSG00000162576,ENSG00000162595,ENSG00000162614,ENSG00000162745,ENSG00000162894,ENSG00000162951,ENSG00000163219,ENSG00000163359,ENSG00000163394,ENSG00000163513,ENSG00000164082,ENSG00000164342,ENSG00000164509,ENSG00000164674,ENSG00000164692,ENSG00000164946,ENSG00000165194,ENSG00000165323,ENSG00000165646,ENSG00000165757,ENSG00000165917,ENSG00000165970,ENSG00000165995,ENSG00000166106,ENSG00000166206,ENSG00000166292,ENSG00000166482,ENSG00000166592,ENSG00000166825,ENSG00000166862,ENSG00000167608,ENSG00000167664,ENSG00000167964,ENSG00000168412,ENSG00000168418,ENSG00000168497,ENSG00000168539,ENSG00000168542,ENSG00000168679,ENSG00000168899,ENSG00000169245,ENSG00000169247,ENSG00000169302,ENSG00000169427,ENSG00000169436,ENSG00000169583,ENSG00000169860,ENSG00000169891,ENSG00000169908,ENSG00000170091,ENSG00000170775,ENSG00000171303,ENSG00000171551,ENSG00000171631,ENSG00000171812,ENSG00000172638,ENSG00000172987,ENSG00000173040,ENSG00000173376,ENSG00000173662,ENSG00000173930,ENSG00000174807,ENSG00000175497,ENSG00000176884,ENSG00000177272,ENSG00000177301,ENSG00000177469,ENSG00000179242,ENSG00000179399,ENSG00000179546,ENSG00000179954,ENSG00000180447,ENSG00000180720,ENSG00000180739,ENSG00000180772,ENSG00000181072,ENSG00000181656,ENSG00000182489,ENSG00000182492,ENSG00000182771,ENSG00000182871,ENSG00000183098,ENSG00000183853,ENSG00000184564,ENSG00000185101,ENSG00000185201,ENSG00000185291,ENSG00000185561,ENSG00000185664,ENSG00000185760,ENSG00000185761,ENSG00000185924,ENSG00000186417,ENSG00000186827,ENSG00000187323,ENSG00000187486,ENSG00000188015,ENSG00000188158,ENSG00000188162,ENSG00000188783,ENSG00000188833,ENSG00000189292,ENSG00000189409,ENSG00000196187,ENSG00000196277,ENSG00000196549,ENSG00000196562,ENSG00000196611,ENSG00000196664,ENSG00000197321,ENSG00000197496,ENSG00000197747,ENSG00000197971,ENSG00000198121,ENSG00000198515,ENSG00000198576,ENSG00000198626,ENSG00000198719,ENSG00000198768,ENSG00000198835,ENSG00000198915,ENSG00000198959,ENSG00000203772,ENSG00000204248,ENSG00000204592,ENSG00000204711,ENSG00000205436,ENSG00000205795,ENSG00000213171,ENSG00000213694,ENSG00000221866,ENSG00000224389,ENSG00000226887,ENSG00000232810,ENSG00000240583,ENSG00000243364,ENSG00000243566,ENSG00000244731,ENSG00000255346,ENSG00000255690,ENSG00000271447,ENSG00000274588"
"GO:CC","extracellular space","GO:0005615","false","1.390303993424131e-22","21.856890229794796","2225","764","241","13682","ENSG00000000971,ENSG00000001617,ENSG00000006016,ENSG00000006534,ENSG00000011465,ENSG00000012223,ENSG00000013364,ENSG00000013588,ENSG00000014257,ENSG00000014914,ENSG00000019991,ENSG00000038427,ENSG00000041982,ENSG00000042286,ENSG00000051620,ENSG00000067182,ENSG00000068079,ENSG00000068976,ENSG00000070404,ENSG00000071967,ENSG00000074771,ENSG00000075213,ENSG00000076944,ENSG00000078098,ENSG00000078114,ENSG00000078401,ENSG00000078579,ENSG00000080573,ENSG00000081041,ENSG00000083857,ENSG00000087303,ENSG00000088002,ENSG00000091704,ENSG00000095303,ENSG00000095587,ENSG00000095713,ENSG00000099953,ENSG00000100504,ENSG00000100979,ENSG00000100985,ENSG00000101000,ENSG00000101282,ENSG00000102265,ENSG00000102996,ENSG00000103316,ENSG00000104327,ENSG00000104332,ENSG00000104518,ENSG00000104826,ENSG00000104894,ENSG00000105329,ENSG00000106484,ENSG00000106538,ENSG00000106991,ENSG00000108231,ENSG00000108688,ENSG00000108691,ENSG00000108700,ENSG00000108821,ENSG00000110169,ENSG00000110195,ENSG00000111249,ENSG00000111348,ENSG00000112893,ENSG00000113739,ENSG00000114200,ENSG00000114251,ENSG00000114541,ENSG00000115414,ENSG00000115461,ENSG00000116183,ENSG00000116299,ENSG00000117525,ENSG00000118503,ENSG00000119655,ENSG00000119699,ENSG00000120306,ENSG00000120332,ENSG00000120659,ENSG00000120885,ENSG00000121966,ENSG00000123146,ENSG00000123609,ENSG00000123610,ENSG00000124466,ENSG00000125538,ENSG00000125730,ENSG00000125848,ENSG00000125851,ENSG00000126458,ENSG00000128340,ENSG00000128606,ENSG00000129422,ENSG00000130164,ENSG00000130203,ENSG00000130303,ENSG00000130635,ENSG00000130707,ENSG00000130768,ENSG00000130962,ENSG00000132000,ENSG00000132386,ENSG00000134013,ENSG00000134121,ENSG00000135048,ENSG00000135253,ENSG00000135406,ENSG00000135919,ENSG00000135926,ENSG00000137077,ENSG00000138119,ENSG00000138772,ENSG00000139117,ENSG00000139219,ENSG00000139269,ENSG00000139329,ENSG00000139549,ENSG00000140279,ENSG00000140285,ENSG00000140675,ENSG00000141337,ENSG00000141668,ENSG00000142173,ENSG00000143320,ENSG00000143416,ENSG00000143816,ENSG00000143839,ENSG00000143869,ENSG00000146006,ENSG00000147065,ENSG00000147869,ENSG00000148175,ENSG00000149131,ENSG00000150281,ENSG00000152377,ENSG00000153029,ENSG00000153707,ENSG00000153993,ENSG00000154133,ENSG00000154175,ENSG00000154928,ENSG00000156042,ENSG00000156535,ENSG00000157087,ENSG00000157404,ENSG00000158270,ENSG00000158525,ENSG00000159674,ENSG00000160111,ENSG00000160161,ENSG00000160223,ENSG00000160349,ENSG00000162344,ENSG00000162576,ENSG00000162745,ENSG00000162951,ENSG00000162998,ENSG00000163191,ENSG00000163273,ENSG00000163359,ENSG00000163377,ENSG00000163430,ENSG00000164176,ENSG00000164326,ENSG00000164342,ENSG00000164692,ENSG00000165140,ENSG00000165197,ENSG00000165973,ENSG00000166106,ENSG00000166482,ENSG00000166825,ENSG00000166863,ENSG00000166923,ENSG00000167588,ENSG00000168542,ENSG00000168899,ENSG00000168938,ENSG00000169245,ENSG00000169248,ENSG00000169429,ENSG00000169436,ENSG00000169583,ENSG00000170099,ENSG00000170442,ENSG00000170891,ENSG00000171812,ENSG00000171819,ENSG00000172236,ENSG00000172247,ENSG00000172638,ENSG00000172987,ENSG00000173376,ENSG00000173930,ENSG00000174348,ENSG00000174807,ENSG00000175426,ENSG00000175505,ENSG00000177706,ENSG00000179431,ENSG00000179954,ENSG00000180875,ENSG00000181744,ENSG00000182492,ENSG00000182771,ENSG00000182871,ENSG00000184254,ENSG00000184313,ENSG00000184613,ENSG00000185664,ENSG00000185924,ENSG00000186417,ENSG00000186897,ENSG00000188162,ENSG00000188783,ENSG00000189292,ENSG00000189409,ENSG00000196154,ENSG00000196187,ENSG00000196549,ENSG00000196562,ENSG00000197093,ENSG00000197253,ENSG00000197747,ENSG00000197766,ENSG00000198125,ENSG00000198959,ENSG00000204248,ENSG00000204592,ENSG00000213171,ENSG00000219438,ENSG00000224389,ENSG00000232810,ENSG00000237412,ENSG00000240583,ENSG00000244414,ENSG00000244731,ENSG00000255690,ENSG00000266524,ENSG00000271447,ENSG00000271503"
"GO:CC","external encapsulating structure","GO:0030312","false","1.6935741088990631e-22","21.771195794365248","244","764","65","13682","ENSG00000038427,ENSG00000041982,ENSG00000049323,ENSG00000074527,ENSG00000080573,ENSG00000087116,ENSG00000087303,ENSG00000090530,ENSG00000091128,ENSG00000091986,ENSG00000099953,ENSG00000100985,ENSG00000102265,ENSG00000102996,ENSG00000105329,ENSG00000106538,ENSG00000108821,ENSG00000114251,ENSG00000115414,ENSG00000120332,ENSG00000125848,ENSG00000128606,ENSG00000130203,ENSG00000130635,ENSG00000132000,ENSG00000132386,ENSG00000132561,ENSG00000134013,ENSG00000139219,ENSG00000139329,ENSG00000142173,ENSG00000143382,ENSG00000152377,ENSG00000154175,ENSG00000159674,ENSG00000162745,ENSG00000162951,ENSG00000163359,ENSG00000164342,ENSG00000164692,ENSG00000164946,ENSG00000166106,ENSG00000166482,ENSG00000168542,ENSG00000169436,ENSG00000169583,ENSG00000171812,ENSG00000172638,ENSG00000172987,ENSG00000173376,ENSG00000174807,ENSG00000179954,ENSG00000182492,ENSG00000182871,ENSG00000185761,ENSG00000185924,ENSG00000188162,ENSG00000188783,ENSG00000189409,ENSG00000196611,ENSG00000198959,ENSG00000204248,ENSG00000213171,ENSG00000255690,ENSG00000271447"
"GO:CC","extracellular matrix","GO:0031012","false","1.6935741088990631e-22","21.771195794365248","244","764","65","13682","ENSG00000038427,ENSG00000041982,ENSG00000049323,ENSG00000074527,ENSG00000080573,ENSG00000087116,ENSG00000087303,ENSG00000090530,ENSG00000091128,ENSG00000091986,ENSG00000099953,ENSG00000100985,ENSG00000102265,ENSG00000102996,ENSG00000105329,ENSG00000106538,ENSG00000108821,ENSG00000114251,ENSG00000115414,ENSG00000120332,ENSG00000125848,ENSG00000128606,ENSG00000130203,ENSG00000130635,ENSG00000132000,ENSG00000132386,ENSG00000132561,ENSG00000134013,ENSG00000139219,ENSG00000139329,ENSG00000142173,ENSG00000143382,ENSG00000152377,ENSG00000154175,ENSG00000159674,ENSG00000162745,ENSG00000162951,ENSG00000163359,ENSG00000164342,ENSG00000164692,ENSG00000164946,ENSG00000166106,ENSG00000166482,ENSG00000168542,ENSG00000169436,ENSG00000169583,ENSG00000171812,ENSG00000172638,ENSG00000172987,ENSG00000173376,ENSG00000174807,ENSG00000179954,ENSG00000182492,ENSG00000182871,ENSG00000185761,ENSG00000185924,ENSG00000188162,ENSG00000188783,ENSG00000189409,ENSG00000196611,ENSG00000198959,ENSG00000204248,ENSG00000213171,ENSG00000255690,ENSG00000271447"
"GO:CC","plasma membrane","GO:0005886","false","1.323554781390412e-13","12.878258078719863","3741","764","317","13682","ENSG00000001617,ENSG00000002586,ENSG00000006016,ENSG00000006071,ENSG00000006534,ENSG00000006611,ENSG00000007171,ENSG00000008118,ENSG00000008394,ENSG00000009694,ENSG00000010671,ENSG00000012223,ENSG00000013588,ENSG00000014257,ENSG00000018408,ENSG00000021645,ENSG00000021826,ENSG00000042286,ENSG00000049249,ENSG00000063127,ENSG00000064300,ENSG00000064692,ENSG00000064989,ENSG00000066468,ENSG00000067182,ENSG00000069431,ENSG00000070601,ENSG00000071967,ENSG00000074527,ENSG00000074771,ENSG00000074966,ENSG00000075213,ENSG00000075275,ENSG00000075651,ENSG00000076944,ENSG00000077238,ENSG00000078098,ENSG00000079841,ENSG00000080709,ENSG00000080854,ENSG00000082397,ENSG00000083454,ENSG00000083857,ENSG00000087303,ENSG00000089169,ENSG00000090932,ENSG00000091129,ENSG00000091409,ENSG00000092421,ENSG00000100302,ENSG00000100314,ENSG00000101000,ENSG00000101292,ENSG00000101463,ENSG00000102996,ENSG00000103154,ENSG00000103528,ENSG00000103546,ENSG00000103569,ENSG00000104332,ENSG00000104518,ENSG00000104894,ENSG00000104951,ENSG00000105329,ENSG00000105427,ENSG00000105464,ENSG00000106991,ENSG00000107147,ENSG00000107282,ENSG00000108932,ENSG00000110195,ENSG00000110719,ENSG00000111087,ENSG00000111199,ENSG00000111339,ENSG00000112038,ENSG00000112164,ENSG00000113763,ENSG00000113805,ENSG00000114200,ENSG00000114251,ENSG00000114805,ENSG00000115353,ENSG00000115414,ENSG00000116183,ENSG00000116299,ENSG00000116678,ENSG00000117525,ENSG00000119699,ENSG00000120306,ENSG00000120645,ENSG00000120658,ENSG00000120659,ENSG00000121904,ENSG00000121966,ENSG00000122679,ENSG00000123146,ENSG00000123892,ENSG00000124466,ENSG00000125384,ENSG00000125730,ENSG00000125848,ENSG00000126458,ENSG00000127418,ENSG00000128052,ENSG00000128340,ENSG00000128594,ENSG00000129159,ENSG00000129422,ENSG00000130164,ENSG00000130203,ENSG00000130303,ENSG00000130433,ENSG00000130529,ENSG00000130768,ENSG00000130962,ENSG00000131389,ENSG00000131634,ENSG00000132164,ENSG00000132677,ENSG00000133958,ENSG00000134121,ENSG00000135048,ENSG00000135406,ENSG00000135902,ENSG00000135926,ENSG00000136160,ENSG00000136546,ENSG00000137491,ENSG00000137693,ENSG00000138119,ENSG00000138162,ENSG00000138650,ENSG00000138772,ENSG00000139117,ENSG00000139155,ENSG00000139549,ENSG00000140279,ENSG00000140675,ENSG00000141526,ENSG00000142089,ENSG00000142173,ENSG00000142227,ENSG00000143036,ENSG00000143839,ENSG00000144476,ENSG00000144596,ENSG00000144824,ENSG00000145012,ENSG00000145103,ENSG00000145451,ENSG00000145623,ENSG00000146006,ENSG00000146376,ENSG00000146411,ENSG00000147065,ENSG00000147606,ENSG00000148053,ENSG00000148175,ENSG00000148908,ENSG00000149488,ENSG00000149527,ENSG00000149809,ENSG00000150594,ENSG00000152049,ENSG00000152527,ENSG00000152661,ENSG00000152894,ENSG00000153029,ENSG00000153707,ENSG00000153993,ENSG00000154133,ENSG00000154654,ENSG00000154928,ENSG00000155849,ENSG00000155886,ENSG00000155897,ENSG00000155926,ENSG00000155974,ENSG00000156535,ENSG00000156564,ENSG00000156687,ENSG00000157087,ENSG00000157103,ENSG00000157404,ENSG00000158014,ENSG00000158156,ENSG00000158220,ENSG00000158270,ENSG00000160013,ENSG00000160111,ENSG00000160179,ENSG00000160223,ENSG00000161681,ENSG00000161835,ENSG00000162105,ENSG00000162496,ENSG00000162576,ENSG00000162595,ENSG00000162614,ENSG00000162894,ENSG00000162951,ENSG00000163219,ENSG00000163394,ENSG00000163513,ENSG00000164082,ENSG00000164342,ENSG00000164509,ENSG00000164674,ENSG00000165194,ENSG00000165323,ENSG00000165646,ENSG00000165757,ENSG00000165917,ENSG00000165970,ENSG00000165995,ENSG00000166206,ENSG00000166292,ENSG00000166592,ENSG00000166825,ENSG00000166862,ENSG00000167608,ENSG00000167664,ENSG00000167964,ENSG00000168412,ENSG00000168418,ENSG00000168497,ENSG00000168539,ENSG00000168679,ENSG00000168899,ENSG00000169245,ENSG00000169247,ENSG00000169302,ENSG00000169427,ENSG00000169583,ENSG00000169860,ENSG00000169891,ENSG00000169908,ENSG00000170091,ENSG00000170775,ENSG00000171303,ENSG00000171551,ENSG00000171631,ENSG00000172987,ENSG00000173040,ENSG00000173662,ENSG00000173930,ENSG00000174807,ENSG00000175497,ENSG00000176884,ENSG00000177272,ENSG00000177301,ENSG00000177469,ENSG00000179242,ENSG00000179399,ENSG00000179546,ENSG00000180447,ENSG00000180720,ENSG00000180739,ENSG00000180772,ENSG00000181072,ENSG00000181656,ENSG00000182489,ENSG00000182492,ENSG00000182771,ENSG00000183098,ENSG00000183853,ENSG00000184564,ENSG00000185101,ENSG00000185201,ENSG00000185291,ENSG00000185561,ENSG00000185664,ENSG00000185760,ENSG00000185924,ENSG00000186417,ENSG00000186827,ENSG00000187323,ENSG00000187486,ENSG00000188015,ENSG00000188158,ENSG00000188162,ENSG00000188833,ENSG00000189292,ENSG00000196187,ENSG00000196277,ENSG00000196549,ENSG00000196562,ENSG00000196664,ENSG00000197321,ENSG00000197496,ENSG00000197747,ENSG00000197971,ENSG00000198121,ENSG00000198515,ENSG00000198576,ENSG00000198626,ENSG00000198719,ENSG00000198768,ENSG00000198835,ENSG00000198915,ENSG00000198959,ENSG00000203772,ENSG00000204592,ENSG00000204711,ENSG00000205795,ENSG00000213694,ENSG00000221866,ENSG00000224389,ENSG00000226887,ENSG00000232810,ENSG00000240583,ENSG00000243364,ENSG00000243566,ENSG00000244731,ENSG00000255346,ENSG00000274588"
"GO:CC","cell surface","GO:0009986","true","6.633298731628267e-10","9.178270443742434","527","764","76","13682","ENSG00000006016,ENSG00000012223,ENSG00000049249,ENSG00000064300,ENSG00000066468,ENSG00000067182,ENSG00000077238,ENSG00000078098,ENSG00000080709,ENSG00000091129,ENSG00000091409,ENSG00000101000,ENSG00000101955,ENSG00000103546,ENSG00000104332,ENSG00000105329,ENSG00000106991,ENSG00000110195,ENSG00000111199,ENSG00000114251,ENSG00000115353,ENSG00000116678,ENSG00000117525,ENSG00000120332,ENSG00000120658,ENSG00000120885,ENSG00000121966,ENSG00000122679,ENSG00000125730,ENSG00000128052,ENSG00000129159,ENSG00000130164,ENSG00000130303,ENSG00000140279,ENSG00000144476,ENSG00000145623,ENSG00000147065,ENSG00000152894,ENSG00000153029,ENSG00000156535,ENSG00000156564,ENSG00000156687,ENSG00000157103,ENSG00000157404,ENSG00000160179,ENSG00000160223,ENSG00000162576,ENSG00000163513,ENSG00000164509,ENSG00000166106,ENSG00000166825,ENSG00000166862,ENSG00000166923,ENSG00000168899,ENSG00000169245,ENSG00000169860,ENSG00000170775,ENSG00000174807,ENSG00000176884,ENSG00000179399,ENSG00000182492,ENSG00000183098,ENSG00000184564,ENSG00000185291,ENSG00000185924,ENSG00000186417,ENSG00000186827,ENSG00000187323,ENSG00000196549,ENSG00000196562,ENSG00000197747,ENSG00000197971,ENSG00000198121,ENSG00000204381,ENSG00000204592,ENSG00000232810"
"GO:CC","synaptic membrane","GO:0097060","false","0.000002489275813944719","5.603926980515607","335","764","51","13682","ENSG00000006071,ENSG00000021645,ENSG00000064692,ENSG00000079841,ENSG00000080854,ENSG00000089169,ENSG00000091129,ENSG00000101463,ENSG00000103546,ENSG00000105464,ENSG00000107282,ENSG00000115353,ENSG00000120645,ENSG00000121904,ENSG00000125848,ENSG00000128594,ENSG00000129159,ENSG00000131389,ENSG00000132164,ENSG00000135902,ENSG00000138650,ENSG00000145451,ENSG00000146006,ENSG00000150594,ENSG00000153707,ENSG00000154654,ENSG00000155897,ENSG00000155974,ENSG00000156564,ENSG00000157087,ENSG00000161681,ENSG00000161835,ENSG00000162105,ENSG00000162951,ENSG00000164082,ENSG00000164509,ENSG00000165917,ENSG00000166206,ENSG00000166862,ENSG00000168539,ENSG00000169860,ENSG00000170091,ENSG00000176884,ENSG00000177301,ENSG00000180720,ENSG00000181072,ENSG00000182771,ENSG00000187323,ENSG00000196277,ENSG00000198121,ENSG00000198576"
"GO:CC","postsynaptic membrane","GO:0045211","false","0.0000028994280620206156","5.537687662102888","235","764","41","13682","ENSG00000080854,ENSG00000089169,ENSG00000091129,ENSG00000101463,ENSG00000105464,ENSG00000115353,ENSG00000120645,ENSG00000121904,ENSG00000125848,ENSG00000128594,ENSG00000129159,ENSG00000131389,ENSG00000132164,ENSG00000135902,ENSG00000138650,ENSG00000145451,ENSG00000146006,ENSG00000150594,ENSG00000155974,ENSG00000156564,ENSG00000157087,ENSG00000161681,ENSG00000161835,ENSG00000162105,ENSG00000162951,ENSG00000164082,ENSG00000165917,ENSG00000166206,ENSG00000166862,ENSG00000168539,ENSG00000169860,ENSG00000170091,ENSG00000176884,ENSG00000177301,ENSG00000180720,ENSG00000181072,ENSG00000182771,ENSG00000187323,ENSG00000196277,ENSG00000198121,ENSG00000198576"
"GO:CC","interstitial matrix","GO:0005614","false","0.000003461969162030886","5.460676804981557","44","764","17","13682","ENSG00000041982,ENSG00000049323,ENSG00000080573,ENSG00000091986,ENSG00000108821,ENSG00000120332,ENSG00000130635,ENSG00000132561,ENSG00000139219,ENSG00000139329,ENSG00000143382,ENSG00000154175,ENSG00000164692,ENSG00000166482,ENSG00000168542,ENSG00000172638,ENSG00000204248"
"GO:CC","endoplasmic reticulum lumen","GO:0005788","true","0.000009676335679986256","5.0142890740186115","244","764","41","13682","ENSG00000006756,ENSG00000038427,ENSG00000041982,ENSG00000049323,ENSG00000070404,ENSG00000073756,ENSG00000078401,ENSG00000080573,ENSG00000090530,ENSG00000102265,ENSG00000108821,ENSG00000113739,ENSG00000114200,ENSG00000114251,ENSG00000115414,ENSG00000115461,ENSG00000120885,ENSG00000125730,ENSG00000130203,ENSG00000130635,ENSG00000139055,ENSG00000139219,ENSG00000141337,ENSG00000142173,ENSG00000143382,ENSG00000149131,ENSG00000162576,ENSG00000163359,ENSG00000163430,ENSG00000164294,ENSG00000164692,ENSG00000168542,ENSG00000169436,ENSG00000171812,ENSG00000177706,ENSG00000182871,ENSG00000186417,ENSG00000198113,ENSG00000204248,ENSG00000244731,ENSG00000248109"
"GO:CC","solid phase of interstitial matrix","GO:0140151","false","0.00023378879286309174","3.6311763114563633","37","764","14","13682","ENSG00000041982,ENSG00000049323,ENSG00000080573,ENSG00000108821,ENSG00000120332,ENSG00000130635,ENSG00000132561,ENSG00000139219,ENSG00000139329,ENSG00000164692,ENSG00000166482,ENSG00000168542,ENSG00000172638,ENSG00000204248"
"GO:CC","somatodendritic compartment","GO:0036477","true","0.0005850423320159518","3.232812708454927","684","764","75","13682","ENSG00000064300,ENSG00000064692,ENSG00000080709,ENSG00000089169,ENSG00000099260,ENSG00000100095,ENSG00000101463,ENSG00000103154,ENSG00000103490,ENSG00000103546,ENSG00000104327,ENSG00000105329,ENSG00000107282,ENSG00000108231,ENSG00000112038,ENSG00000113763,ENSG00000115252,ENSG00000115353,ENSG00000116852,ENSG00000120332,ENSG00000120885,ENSG00000128594,ENSG00000129159,ENSG00000130164,ENSG00000130203,ENSG00000130529,ENSG00000130707,ENSG00000131389,ENSG00000132386,ENSG00000134121,ENSG00000135406,ENSG00000139352,ENSG00000145451,ENSG00000145920,ENSG00000148053,ENSG00000150594,ENSG00000154678,ENSG00000154928,ENSG00000155897,ENSG00000155974,ENSG00000157087,ENSG00000157103,ENSG00000161681,ENSG00000162105,ENSG00000162670,ENSG00000164082,ENSG00000165323,ENSG00000165646,ENSG00000166206,ENSG00000166292,ENSG00000166862,ENSG00000168539,ENSG00000169427,ENSG00000169860,ENSG00000170091,ENSG00000170775,ENSG00000173805,ENSG00000176884,ENSG00000177301,ENSG00000179546,ENSG00000180720,ENSG00000181072,ENSG00000182636,ENSG00000182771,ENSG00000183853,ENSG00000185924,ENSG00000196277,ENSG00000196549,ENSG00000197971,ENSG00000198121,ENSG00000198576,ENSG00000198797,ENSG00000224389,ENSG00000232810,ENSG00000244731"
"GO:CC","fibrillar collagen trimer","GO:0005583","false","0.0006476004750486163","3.1886928413409663","11","764","8","13682","ENSG00000080573,ENSG00000108821,ENSG00000130635,ENSG00000139219,ENSG00000139329,ENSG00000164692,ENSG00000168542,ENSG00000204248"
"GO:CC","fibrillar collagen complex","GO:0098643","false","0.0006476004750486163","3.1886928413409663","11","764","8","13682","ENSG00000080573,ENSG00000108821,ENSG00000130635,ENSG00000139219,ENSG00000139329,ENSG00000164692,ENSG00000168542,ENSG00000204248"
"GO:CC","collagen trimer","GO:0005581","false","0.0008392903567648051","3.0760877667926403","60","764","17","13682","ENSG00000080573,ENSG00000102265,ENSG00000108821,ENSG00000130635,ENSG00000139219,ENSG00000139329,ENSG00000142173,ENSG00000158270,ENSG00000163359,ENSG00000164692,ENSG00000168542,ENSG00000169436,ENSG00000171812,ENSG00000182871,ENSG00000186417,ENSG00000186897,ENSG00000204248"
"GO:CC","plasma membrane region","GO:0098590","false","0.0014754591001833223","2.8310728246668218","952","764","94","13682","ENSG00000006071,ENSG00000021645,ENSG00000064692,ENSG00000071967,ENSG00000075651,ENSG00000078098,ENSG00000079841,ENSG00000080854,ENSG00000082397,ENSG00000089169,ENSG00000091129,ENSG00000101463,ENSG00000103546,ENSG00000103569,ENSG00000105464,ENSG00000107282,ENSG00000108932,ENSG00000110195,ENSG00000110719,ENSG00000111199,ENSG00000113763,ENSG00000115353,ENSG00000115414,ENSG00000116183,ENSG00000116678,ENSG00000120645,ENSG00000121904,ENSG00000125848,ENSG00000128594,ENSG00000129159,ENSG00000130164,ENSG00000130303,ENSG00000131389,ENSG00000132164,ENSG00000132677,ENSG00000135902,ENSG00000137491,ENSG00000138119,ENSG00000138650,ENSG00000139155,ENSG00000140279,ENSG00000140675,ENSG00000141526,ENSG00000145451,ENSG00000145623,ENSG00000146006,ENSG00000147065,ENSG00000147606,ENSG00000150594,ENSG00000152049,ENSG00000152661,ENSG00000153707,ENSG00000154654,ENSG00000155897,ENSG00000155974,ENSG00000156564,ENSG00000157087,ENSG00000161681,ENSG00000161835,ENSG00000162105,ENSG00000162496,ENSG00000162576,ENSG00000162951,ENSG00000163513,ENSG00000164082,ENSG00000164509,ENSG00000165757,ENSG00000165917,ENSG00000166206,ENSG00000166862,ENSG00000168497,ENSG00000168539,ENSG00000169860,ENSG00000170091,ENSG00000173040,ENSG00000173930,ENSG00000176884,ENSG00000177301,ENSG00000177469,ENSG00000180720,ENSG00000181072,ENSG00000181656,ENSG00000182771,ENSG00000187323,ENSG00000188158,ENSG00000188162,ENSG00000196277,ENSG00000197321,ENSG00000198121,ENSG00000198515,ENSG00000198576,ENSG00000198719,ENSG00000205795,ENSG00000240583"
"GO:CC","neuron projection","GO:0043005","true","0.009838552994181023","2.007068770761051","1089","764","101","13682","ENSG00000006611,ENSG00000009694,ENSG00000038427,ENSG00000064300,ENSG00000073756,ENSG00000075213,ENSG00000080709,ENSG00000080854,ENSG00000082397,ENSG00000089169,ENSG00000091129,ENSG00000092421,ENSG00000095303,ENSG00000099260,ENSG00000101463,ENSG00000103154,ENSG00000103546,ENSG00000104327,ENSG00000104892,ENSG00000105329,ENSG00000107282,ENSG00000108231,ENSG00000111199,ENSG00000112038,ENSG00000112530,ENSG00000113763,ENSG00000113805,ENSG00000115353,ENSG00000116852,ENSG00000120332,ENSG00000120885,ENSG00000125848,ENSG00000125851,ENSG00000128594,ENSG00000129159,ENSG00000130203,ENSG00000130707,ENSG00000131389,ENSG00000132386,ENSG00000134121,ENSG00000135406,ENSG00000135902,ENSG00000137463,ENSG00000139287,ENSG00000144488,ENSG00000145451,ENSG00000145920,ENSG00000148053,ENSG00000149488,ENSG00000150594,ENSG00000152377,ENSG00000154133,ENSG00000154654,ENSG00000154928,ENSG00000155897,ENSG00000155974,ENSG00000157087,ENSG00000157103,ENSG00000161681,ENSG00000162105,ENSG00000162496,ENSG00000162614,ENSG00000162670,ENSG00000162951,ENSG00000164082,ENSG00000164509,ENSG00000165323,ENSG00000165646,ENSG00000166206,ENSG00000166862,ENSG00000167664,ENSG00000168539,ENSG00000169427,ENSG00000169860,ENSG00000170091,ENSG00000170775,ENSG00000173805,ENSG00000174672,ENSG00000175426,ENSG00000176884,ENSG00000177272,ENSG00000177301,ENSG00000179546,ENSG00000180720,ENSG00000181072,ENSG00000182771,ENSG00000183853,ENSG00000185345,ENSG00000186367,ENSG00000186417,ENSG00000187323,ENSG00000196277,ENSG00000196549,ENSG00000197971,ENSG00000198121,ENSG00000198515,ENSG00000198576,ENSG00000198797,ENSG00000224389,ENSG00000240583,ENSG00000244731"
"GO:CC","basement membrane","GO:0005604","false","0.012541158161843494","1.9016623550466027","79","764","18","13682","ENSG00000041982,ENSG00000074527,ENSG00000087303,ENSG00000090530,ENSG00000091128,ENSG00000091986,ENSG00000102265,ENSG00000115414,ENSG00000130635,ENSG00000132386,ENSG00000132561,ENSG00000134013,ENSG00000139219,ENSG00000164946,ENSG00000169436,ENSG00000171812,ENSG00000172638,ENSG00000182871"
"GO:CC","blood microparticle","GO:0072562","false","0.021795596032192763","1.661631250071259","58","764","15","13682","ENSG00000000971,ENSG00000105329,ENSG00000106991,ENSG00000110169,ENSG00000114200,ENSG00000115414,ENSG00000120885,ENSG00000125730,ENSG00000130203,ENSG00000147065,ENSG00000148175,ENSG00000149131,ENSG00000224389,ENSG00000244414,ENSG00000244731"
"GO:CC","cell junction","GO:0030054","true","0.023785700834728255","1.6236840477685226","1986","764","160","13682","ENSG00000001617,ENSG00000002586,ENSG00000006071,ENSG00000006611,ENSG00000011028,ENSG00000018408,ENSG00000021645,ENSG00000038427,ENSG00000041982,ENSG00000064300,ENSG00000064666,ENSG00000064692,ENSG00000066468,ENSG00000075213,ENSG00000075651,ENSG00000076944,ENSG00000078098,ENSG00000079841,ENSG00000080709,ENSG00000080854,ENSG00000082397,ENSG00000083454,ENSG00000083857,ENSG00000089169,ENSG00000091129,ENSG00000091409,ENSG00000099260,ENSG00000100302,ENSG00000101000,ENSG00000101463,ENSG00000101489,ENSG00000103154,ENSG00000103528,ENSG00000103546,ENSG00000104327,ENSG00000105464,ENSG00000106991,ENSG00000107282,ENSG00000108231,ENSG00000111199,ENSG00000112038,ENSG00000112137,ENSG00000114251,ENSG00000114541,ENSG00000115353,ENSG00000120332,ENSG00000120645,ENSG00000120885,ENSG00000121440,ENSG00000121904,ENSG00000121966,ENSG00000123146,ENSG00000125848,ENSG00000126458,ENSG00000126562,ENSG00000127418,ENSG00000128052,ENSG00000128340,ENSG00000128594,ENSG00000128849,ENSG00000129159,ENSG00000130203,ENSG00000131389,ENSG00000131634,ENSG00000132164,ENSG00000135902,ENSG00000135919,ENSG00000137693,ENSG00000137699,ENSG00000138119,ENSG00000138650,ENSG00000140279,ENSG00000140285,ENSG00000141668,ENSG00000142279,ENSG00000144596,ENSG00000144824,ENSG00000145012,ENSG00000145103,ENSG00000145451,ENSG00000145819,ENSG00000145920,ENSG00000146006,ENSG00000147065,ENSG00000148053,ENSG00000148908,ENSG00000150594,ENSG00000152377,ENSG00000152661,ENSG00000152894,ENSG00000153707,ENSG00000154654,ENSG00000154928,ENSG00000155849,ENSG00000155886,ENSG00000155897,ENSG00000155974,ENSG00000156564,ENSG00000157087,ENSG00000157103,ENSG00000157404,ENSG00000161681,ENSG00000161835,ENSG00000162105,ENSG00000162576,ENSG00000162614,ENSG00000162951,ENSG00000163191,ENSG00000163377,ENSG00000164082,ENSG00000164326,ENSG00000164509,ENSG00000165646,ENSG00000165757,ENSG00000165917,ENSG00000165995,ENSG00000166206,ENSG00000166862,ENSG00000167964,ENSG00000168539,ENSG00000168899,ENSG00000169427,ENSG00000169860,ENSG00000170091,ENSG00000170775,ENSG00000171303,ENSG00000173805,ENSG00000174145,ENSG00000175183,ENSG00000176884,ENSG00000177301,ENSG00000179242,ENSG00000179546,ENSG00000180720,ENSG00000180739,ENSG00000181019,ENSG00000181072,ENSG00000182771,ENSG00000182836,ENSG00000183098,ENSG00000183853,ENSG00000185201,ENSG00000185345,ENSG00000185666,ENSG00000187323,ENSG00000188158,ENSG00000196277,ENSG00000196549,ENSG00000197321,ENSG00000197971,ENSG00000198121,ENSG00000198576,ENSG00000198719,ENSG00000198835,ENSG00000198959,ENSG00000204381,ENSG00000213694,ENSG00000221866,ENSG00000224389,ENSG00000244731"
"GO:CC","collagenous component of interstitial matrix","GO:0140152","false","0.03929229297281615","1.4056926264087577","16","764","8","13682","ENSG00000080573,ENSG00000108821,ENSG00000130635,ENSG00000139219,ENSG00000139329,ENSG00000164692,ENSG00000168542,ENSG00000204248"
"KEGG","Cytokine-cytokine receptor interaction","KEGG:04060","false","0.000003530041381244868","5.452220203524086","125","389","30","6227","ENSG00000049249,ENSG00000064300,ENSG00000067182,ENSG00000077238,ENSG00000081041,ENSG00000105329,ENSG00000108688,ENSG00000108691,ENSG00000108700,ENSG00000116678,ENSG00000119699,ENSG00000120659,ENSG00000121966,ENSG00000125538,ENSG00000137077,ENSG00000139269,ENSG00000143869,ENSG00000144476,ENSG00000145623,ENSG00000150281,ENSG00000163513,ENSG00000164509,ENSG00000169245,ENSG00000169248,ENSG00000169429,ENSG00000175505,ENSG00000186827,ENSG00000232810,ENSG00000266524,ENSG00000271503"
"KEGG","Neuroactive ligand-receptor interaction","KEGG:04080","false","0.00032055065800718716","3.49410332728564","184","389","34","6227","ENSG00000064989,ENSG00000078401,ENSG00000083454,ENSG00000104826,ENSG00000105464,ENSG00000112038,ENSG00000112164,ENSG00000115353,ENSG00000116678,ENSG00000125384,ENSG00000125730,ENSG00000135902,ENSG00000136160,ENSG00000145451,ENSG00000150594,ENSG00000160013,ENSG00000163394,ENSG00000164082,ENSG00000166206,ENSG00000166863,ENSG00000168412,ENSG00000168539,ENSG00000169860,ENSG00000171631,ENSG00000176884,ENSG00000179546,ENSG00000180720,ENSG00000180739,ENSG00000180772,ENSG00000181072,ENSG00000182771,ENSG00000196277,ENSG00000198121,ENSG00000213694"
"KEGG","Viral protein interaction with cytokine and cytokine receptor","KEGG:04061","false","0.0006654591654186913","3.1768785889908613","31","389","13","6227","ENSG00000067182,ENSG00000081041,ENSG00000108688,ENSG00000108691,ENSG00000108700,ENSG00000121966,ENSG00000137077,ENSG00000144476,ENSG00000169245,ENSG00000169248,ENSG00000169429,ENSG00000232810,ENSG00000271503"
"REAC","GPCR ligand binding","REAC:R-HSA-500792","false","6.0608908251753184e-9","8.21746353886591","218","483","44","8367","ENSG00000064989,ENSG00000078401,ENSG00000081041,ENSG00000101292,ENSG00000104826,ENSG00000108688,ENSG00000108691,ENSG00000112038,ENSG00000112164,ENSG00000114251,ENSG00000115353,ENSG00000121966,ENSG00000122679,ENSG00000123146,ENSG00000125384,ENSG00000125730,ENSG00000136160,ENSG00000137077,ENSG00000139549,ENSG00000143816,ENSG00000144476,ENSG00000150594,ENSG00000160013,ENSG00000163394,ENSG00000164082,ENSG00000166863,ENSG00000168412,ENSG00000168539,ENSG00000169245,ENSG00000169248,ENSG00000169429,ENSG00000169860,ENSG00000170775,ENSG00000171631,ENSG00000173662,ENSG00000179546,ENSG00000180720,ENSG00000180739,ENSG00000180772,ENSG00000181072,ENSG00000196277,ENSG00000198121,ENSG00000213694,ENSG00000271503"
"REAC","Class A/1 (Rhodopsin-like receptors)","REAC:R-HSA-373076","false","1.6380826851112652e-8","7.785664180242731","140","483","34","8367","ENSG00000078401,ENSG00000081041,ENSG00000101292,ENSG00000104826,ENSG00000108688,ENSG00000108691,ENSG00000112038,ENSG00000115353,ENSG00000121966,ENSG00000125384,ENSG00000125730,ENSG00000136160,ENSG00000137077,ENSG00000144476,ENSG00000150594,ENSG00000160013,ENSG00000163394,ENSG00000166863,ENSG00000168412,ENSG00000168539,ENSG00000169245,ENSG00000169248,ENSG00000169429,ENSG00000169860,ENSG00000170775,ENSG00000171631,ENSG00000179546,ENSG00000180720,ENSG00000180739,ENSG00000180772,ENSG00000181072,ENSG00000198121,ENSG00000213694,ENSG00000271503"
"REAC","Extracellular matrix organization","REAC:R-HSA-1474244","false","0.00005722240331777424","4.242433905955279","223","483","38","8367","ENSG00000011465,ENSG00000038427,ENSG00000041982,ENSG00000049323,ENSG00000074527,ENSG00000080573,ENSG00000087116,ENSG00000087303,ENSG00000090530,ENSG00000091409,ENSG00000095587,ENSG00000099953,ENSG00000100985,ENSG00000102265,ENSG00000102996,ENSG00000105329,ENSG00000108821,ENSG00000115414,ENSG00000119699,ENSG00000120332,ENSG00000128052,ENSG00000130635,ENSG00000134013,ENSG00000139219,ENSG00000139329,ENSG00000142173,ENSG00000163359,ENSG00000164692,ENSG00000166482,ENSG00000168542,ENSG00000169436,ENSG00000171812,ENSG00000172236,ENSG00000172638,ENSG00000182492,ENSG00000182871,ENSG00000196611,ENSG00000204248"
"REAC","Chemokine receptors bind chemokines","REAC:R-HSA-380108","false","0.000252817388865112","3.5971930584416776","17","483","10","8367","ENSG00000081041,ENSG00000108688,ENSG00000108691,ENSG00000121966,ENSG00000137077,ENSG00000144476,ENSG00000169245,ENSG00000169248,ENSG00000169429,ENSG00000271503"
"REAC","Peptide ligand-binding receptors","REAC:R-HSA-375276","false","0.0004941234346736173","3.3061645484419144","78","483","20","8367","ENSG00000078401,ENSG00000081041,ENSG00000101292,ENSG00000108688,ENSG00000108691,ENSG00000112038,ENSG00000115353,ENSG00000121966,ENSG00000125730,ENSG00000136160,ENSG00000137077,ENSG00000144476,ENSG00000163394,ENSG00000166863,ENSG00000169245,ENSG00000169248,ENSG00000169429,ENSG00000170775,ENSG00000180772,ENSG00000271503"
"REAC","Assembly of collagen fibrils and other multimeric structures","REAC:R-HSA-2022090","false","0.0007337344917432899","3.1344610649218283","45","483","15","8367","ENSG00000080573,ENSG00000091409,ENSG00000095587,ENSG00000100985,ENSG00000108821,ENSG00000130635,ENSG00000134013,ENSG00000139219,ENSG00000142173,ENSG00000163359,ENSG00000164692,ENSG00000168542,ENSG00000171812,ENSG00000182871,ENSG00000204248"
"REAC","Collagen degradation","REAC:R-HSA-1442490","false","0.0007337344917432899","3.1344610649218283","45","483","15","8367","ENSG00000080573,ENSG00000099953,ENSG00000100985,ENSG00000102996,ENSG00000108821,ENSG00000130635,ENSG00000139219,ENSG00000142173,ENSG00000163359,ENSG00000164692,ENSG00000168542,ENSG00000171812,ENSG00000182871,ENSG00000196611,ENSG00000204248"
"REAC","ECM proteoglycans","REAC:R-HSA-3000178","false","0.0012709351736239077","2.8958766008664663","60","483","17","8367","ENSG00000011465,ENSG00000038427,ENSG00000041982,ENSG00000080573,ENSG00000105329,ENSG00000108821,ENSG00000115414,ENSG00000119699,ENSG00000120332,ENSG00000130635,ENSG00000139219,ENSG00000139329,ENSG00000142173,ENSG00000163359,ENSG00000164692,ENSG00000168542,ENSG00000182492"
"REAC","Signaling by GPCR","REAC:R-HSA-372790","false","0.001321355354535088","2.8789803710607784","415","483","53","8367","ENSG00000010671,ENSG00000064989,ENSG00000078401,ENSG00000081041,ENSG00000101292,ENSG00000104826,ENSG00000108688,ENSG00000108691,ENSG00000112038,ENSG00000112164,ENSG00000112541,ENSG00000114251,ENSG00000115252,ENSG00000115353,ENSG00000115414,ENSG00000121966,ENSG00000122679,ENSG00000123146,ENSG00000125384,ENSG00000125730,ENSG00000136160,ENSG00000137077,ENSG00000139549,ENSG00000143816,ENSG00000144476,ENSG00000148908,ENSG00000150594,ENSG00000154678,ENSG00000155897,ENSG00000160013,ENSG00000163394,ENSG00000164082,ENSG00000166863,ENSG00000168412,ENSG00000168539,ENSG00000169245,ENSG00000169248,ENSG00000169429,ENSG00000169860,ENSG00000170775,ENSG00000171631,ENSG00000172572,ENSG00000173662,ENSG00000179546,ENSG00000180720,ENSG00000180739,ENSG00000180772,ENSG00000181072,ENSG00000196277,ENSG00000198121,ENSG00000213694,ENSG00000271503,ENSG00000274588"
"REAC","Collagen formation","REAC:R-HSA-1474290","false","0.0020411652425837297","2.690121835539988","69","483","18","8367","ENSG00000080573,ENSG00000087116,ENSG00000090530,ENSG00000091409,ENSG00000095587,ENSG00000100985,ENSG00000108821,ENSG00000130635,ENSG00000134013,ENSG00000139219,ENSG00000142173,ENSG00000163359,ENSG00000164692,ENSG00000168542,ENSG00000169436,ENSG00000171812,ENSG00000182871,ENSG00000204248"
"REAC","Collagen chain trimerization","REAC:R-HSA-8948216","false","0.0030808347890934878","2.511331590261063","31","483","12","8367","ENSG00000080573,ENSG00000108821,ENSG00000130635,ENSG00000139219,ENSG00000142173,ENSG00000163359,ENSG00000164692,ENSG00000168542,ENSG00000169436,ENSG00000171812,ENSG00000182871,ENSG00000204248"
"REAC","Interleukin-10 signaling","REAC:R-HSA-6783783","false","0.0037143002518151276","2.4301229922397796","21","483","10","8367","ENSG00000067182,ENSG00000073756,ENSG00000081041,ENSG00000102265,ENSG00000108691,ENSG00000125538,ENSG00000169245,ENSG00000169429,ENSG00000232810,ENSG00000271503"
"REAC","Collagen biosynthesis and modifying enzymes","REAC:R-HSA-1650814","false","0.006545862854909911","2.1840330980166778","52","483","15","8367","ENSG00000080573,ENSG00000087116,ENSG00000090530,ENSG00000095587,ENSG00000108821,ENSG00000130635,ENSG00000139219,ENSG00000142173,ENSG00000163359,ENSG00000164692,ENSG00000168542,ENSG00000169436,ENSG00000171812,ENSG00000182871,ENSG00000204248"
"REAC","GPCR downstream signalling","REAC:R-HSA-388396","false","0.011939538486266941","1.923012460203411","372","483","47","8367","ENSG00000010671,ENSG00000064989,ENSG00000078401,ENSG00000081041,ENSG00000101292,ENSG00000104826,ENSG00000112038,ENSG00000112164,ENSG00000112541,ENSG00000115252,ENSG00000115353,ENSG00000115414,ENSG00000121966,ENSG00000122679,ENSG00000125384,ENSG00000125730,ENSG00000136160,ENSG00000137077,ENSG00000144476,ENSG00000148908,ENSG00000150594,ENSG00000154678,ENSG00000155897,ENSG00000160013,ENSG00000163394,ENSG00000164082,ENSG00000166863,ENSG00000168412,ENSG00000168539,ENSG00000169245,ENSG00000169248,ENSG00000169429,ENSG00000169860,ENSG00000170775,ENSG00000171631,ENSG00000172572,ENSG00000173662,ENSG00000179546,ENSG00000180720,ENSG00000180739,ENSG00000180772,ENSG00000181072,ENSG00000196277,ENSG00000198121,ENSG00000213694,ENSG00000271503,ENSG00000274588"
"REAC","Interleukin-4 and Interleukin-13 signaling","REAC:R-HSA-6785807","false","0.01900392957268941","1.7211565877165786","79","483","18","8367","ENSG00000007171,ENSG00000019991,ENSG00000073756,ENSG00000077238,ENSG00000100985,ENSG00000102265,ENSG00000105329,ENSG00000108691,ENSG00000112038,ENSG00000115414,ENSG00000125538,ENSG00000136997,ENSG00000150907,ENSG00000164692,ENSG00000169429,ENSG00000182636,ENSG00000196611,ENSG00000232810"
"REAC","Degradation of the extracellular matrix","REAC:R-HSA-1474228","false","0.040655077346724806","1.3908852083487286","100","483","20","8367","ENSG00000011465,ENSG00000080573,ENSG00000095587,ENSG00000099953,ENSG00000100985,ENSG00000102265,ENSG00000102996,ENSG00000108821,ENSG00000115414,ENSG00000130635,ENSG00000139219,ENSG00000142173,ENSG00000163359,ENSG00000164692,ENSG00000168542,ENSG00000171812,ENSG00000172236,ENSG00000182871,ENSG00000196611,ENSG00000204248"
"WP","Cytokine cytokine receptor interaction","WP:WP5473","false","0.00007801156516928235","4.107841008631599","113","438","27","6790","ENSG00000049249,ENSG00000064300,ENSG00000067182,ENSG00000077238,ENSG00000081041,ENSG00000105329,ENSG00000108688,ENSG00000108691,ENSG00000108700,ENSG00000116678,ENSG00000119699,ENSG00000120659,ENSG00000121966,ENSG00000137077,ENSG00000139269,ENSG00000143869,ENSG00000144476,ENSG00000163513,ENSG00000164509,ENSG00000169245,ENSG00000169248,ENSG00000169429,ENSG00000175505,ENSG00000186827,ENSG00000232810,ENSG00000266524,ENSG00000271503"
"WP","Overview of proinflammatory and profibrotic mediators","WP:WP5095","false","0.00008724388309913915","4.059265012843469","36","438","15","6790","ENSG00000081041,ENSG00000100985,ENSG00000105329,ENSG00000108688,ENSG00000108691,ENSG00000108700,ENSG00000125538,ENSG00000137077,ENSG00000150281,ENSG00000169245,ENSG00000169248,ENSG00000169429,ENSG00000196611,ENSG00000232810,ENSG00000271503"
"WP","Burn wound healing","WP:WP5055","false","0.0005717689124824366","3.2427794612626766","52","438","17","6790","ENSG00000011465,ENSG00000019991,ENSG00000041982,ENSG00000066468,ENSG00000100985,ENSG00000102265,ENSG00000108691,ENSG00000108821,ENSG00000119699,ENSG00000121966,ENSG00000125538,ENSG00000163191,ENSG00000164692,ENSG00000169429,ENSG00000196611,ENSG00000232810,ENSG00000271447"
"WP","Prostaglandin signaling","WP:WP5088","false","0.0031522358572601493","2.5013812950928793","15","438","9","6790","ENSG00000100985,ENSG00000103490,ENSG00000105329,ENSG00000108691,ENSG00000125384,ENSG00000125538,ENSG00000169245,ENSG00000169429,ENSG00000232810"
"WP","Spinal cord injury","WP:WP2431","false","0.01731484231979998","1.7615814590641354","86","438","20","6790","ENSG00000007171,ENSG00000038427,ENSG00000064300,ENSG00000073756,ENSG00000081041,ENSG00000092421,ENSG00000100985,ENSG00000105329,ENSG00000108691,ENSG00000115353,ENSG00000125538,ENSG00000136997,ENSG00000139219,ENSG00000152661,ENSG00000169245,ENSG00000169429,ENSG00000176884,ENSG00000197971,ENSG00000232810,ENSG00000240583"
"WP","Immune infiltration in pancreatic cancer","WP:WP5285","false","0.02569934497695645","1.5900779457939433","18","438","9","6790","ENSG00000100985,ENSG00000105329,ENSG00000108691,ENSG00000119699,ENSG00000125538,ENSG00000165197,ENSG00000169429,ENSG00000232810,ENSG00000271503"
"TF","Factor: GEMIN3; motif: NCWGGRARRGRGNGNG; match class: 1","TF:M09727_1","false","0.00016365512034979086","3.786070402180776","2471","788","199","14337","ENSG00000003137,ENSG00000006071,ENSG00000006534,ENSG00000006611,ENSG00000008311,ENSG00000011028,ENSG00000018408,ENSG00000019991,ENSG00000021645,ENSG00000021762,ENSG00000048540,ENSG00000064300,ENSG00000070540,ENSG00000070601,ENSG00000073792,ENSG00000078401,ENSG00000080573,ENSG00000080854,ENSG00000085276,ENSG00000089169,ENSG00000091129,ENSG00000091490,ENSG00000091592,ENSG00000099256,ENSG00000100095,ENSG00000100196,ENSG00000100979,ENSG00000100985,ENSG00000101000,ENSG00000101489,ENSG00000102265,ENSG00000103154,ENSG00000104892,ENSG00000105251,ENSG00000105427,ENSG00000105464,ENSG00000106484,ENSG00000107282,ENSG00000108231,ENSG00000110169,ENSG00000111087,ENSG00000111249,ENSG00000112038,ENSG00000113739,ENSG00000113805,ENSG00000115468,ENSG00000118292,ENSG00000118503,ENSG00000119042,ENSG00000120645,ENSG00000121075,ENSG00000121440,ENSG00000123146,ENSG00000124788,ENSG00000125355,ENSG00000125384,ENSG00000127586,ENSG00000128594,ENSG00000129159,ENSG00000130203,ENSG00000130529,ENSG00000130700,ENSG00000130707,ENSG00000132170,ENSG00000135048,ENSG00000135111,ENSG00000135116,ENSG00000135253,ENSG00000135406,ENSG00000135919,ENSG00000136160,ENSG00000136546,ENSG00000137441,ENSG00000137491,ENSG00000138083,ENSG00000138795,ENSG00000139155,ENSG00000139269,ENSG00000139352,ENSG00000139549,ENSG00000139629,ENSG00000140279,ENSG00000143320,ENSG00000143355,ENSG00000143816,ENSG00000143869,ENSG00000144596,ENSG00000144645,ENSG00000145012,ENSG00000146411,ENSG00000147119,ENSG00000148175,ENSG00000149131,ENSG00000149527,ENSG00000151360,ENSG00000151615,ENSG00000152104,ENSG00000152284,ENSG00000152402,ENSG00000153993,ENSG00000154654,ENSG00000154678,ENSG00000155367,ENSG00000157110,ENSG00000157404,ENSG00000158156,ENSG00000158220,ENSG00000158270,ENSG00000159784,ENSG00000160013,ENSG00000160111,ENSG00000160179,ENSG00000160223,ENSG00000160349,ENSG00000160883,ENSG00000161681,ENSG00000161835,ENSG00000162105,ENSG00000162624,ENSG00000162951,ENSG00000163191,ENSG00000163346,ENSG00000163394,ENSG00000163430,ENSG00000163637,ENSG00000164082,ENSG00000164946,ENSG00000166105,ENSG00000166206,ENSG00000166482,ENSG00000167588,ENSG00000167608,ENSG00000167767,ENSG00000168306,ENSG00000168539,ENSG00000168843,ENSG00000169064,ENSG00000169247,ENSG00000169302,ENSG00000169427,ENSG00000169436,ENSG00000169583,ENSG00000169908,ENSG00000170442,ENSG00000171219,ENSG00000171812,ENSG00000172572,ENSG00000173040,ENSG00000173805,ENSG00000175426,ENSG00000175505,ENSG00000176884,ENSG00000177045,ENSG00000177511,ENSG00000178965,ENSG00000179546,ENSG00000179954,ENSG00000181019,ENSG00000181541,ENSG00000181744,ENSG00000182195,ENSG00000182492,ENSG00000183654,ENSG00000183722,ENSG00000183853,ENSG00000185551,ENSG00000185561,ENSG00000185650,ENSG00000185742,ENSG00000185924,ENSG00000185955,ENSG00000186827,ENSG00000187323,ENSG00000187398,ENSG00000187634,ENSG00000188051,ENSG00000188158,ENSG00000188162,ENSG00000188282,ENSG00000188620,ENSG00000189292,ENSG00000189409,ENSG00000196277,ENSG00000196932,ENSG00000198719,ENSG00000198768,ENSG00000203797,ENSG00000204248,ENSG00000215397,ENSG00000215612,ENSG00000221866,ENSG00000224389,ENSG00000237412,ENSG00000240583,ENSG00000243566,ENSG00000244731,ENSG00000250366,ENSG00000261115,ENSG00000268655"
"TF","Factor: NMYC; motif: CAYCTG; match class: 1","TF:M01808_1","false","0.0004086287617500479","3.388671068369927","3979","788","290","14337","ENSG00000006071,ENSG00000006534,ENSG00000007171,ENSG00000008118,ENSG00000009694,ENSG00000011465,ENSG00000013364,ENSG00000014914,ENSG00000019991,ENSG00000021300,ENSG00000021762,ENSG00000021826,ENSG00000023445,ENSG00000041982,ENSG00000048540,ENSG00000049249,ENSG00000054598,ENSG00000056558,ENSG00000064692,ENSG00000064989,ENSG00000066468,ENSG00000067182,ENSG00000070404,ENSG00000070540,ENSG00000071967,ENSG00000073331,ENSG00000075213,ENSG00000076944,ENSG00000077238,ENSG00000078098,ENSG00000078579,ENSG00000087116,ENSG00000089169,ENSG00000090530,ENSG00000091128,ENSG00000091409,ENSG00000091592,ENSG00000091704,ENSG00000092421,ENSG00000095303,ENSG00000095596,ENSG00000100302,ENSG00000100314,ENSG00000100979,ENSG00000101000,ENSG00000101282,ENSG00000102048,ENSG00000103154,ENSG00000103490,ENSG00000103569,ENSG00000104826,ENSG00000104894,ENSG00000105427,ENSG00000105464,ENSG00000106991,ENSG00000107147,ENSG00000108231,ENSG00000108691,ENSG00000108771,ENSG00000109851,ENSG00000109956,ENSG00000110002,ENSG00000110169,ENSG00000110492,ENSG00000110719,ENSG00000111199,ENSG00000111339,ENSG00000112530,ENSG00000114251,ENSG00000114541,ENSG00000114805,ENSG00000115252,ENSG00000115738,ENSG00000116852,ENSG00000117318,ENSG00000117525,ENSG00000117594,ENSG00000118292,ENSG00000119042,ENSG00000119699,ENSG00000119943,ENSG00000120332,ENSG00000120885,ENSG00000122679,ENSG00000123146,ENSG00000123609,ENSG00000123610,ENSG00000124260,ENSG00000125538,ENSG00000125730,ENSG00000125851,ENSG00000126562,ENSG00000126778,ENSG00000127586,ENSG00000128340,ENSG00000128606,ENSG00000129159,ENSG00000129993,ENSG00000130203,ENSG00000130303,ENSG00000130707,ENSG00000130768,ENSG00000131389,ENSG00000131459,ENSG00000132000,ENSG00000132256,ENSG00000132561,ENSG00000132854,ENSG00000135111,ENSG00000135253,ENSG00000135697,ENSG00000135899,ENSG00000135902,ENSG00000136546,ENSG00000137077,ENSG00000137691,ENSG00000137699,ENSG00000138100,ENSG00000138162,ENSG00000138772,ENSG00000139055,ENSG00000139117,ENSG00000139269,ENSG00000139329,ENSG00000140279,ENSG00000140675,ENSG00000140795,ENSG00000141668,ENSG00000142173,ENSG00000142227,ENSG00000142233,ENSG00000142279,ENSG00000143320,ENSG00000143382,ENSG00000143416,ENSG00000144488,ENSG00000144596,ENSG00000145920,ENSG00000146006,ENSG00000146376,ENSG00000146411,ENSG00000146700,ENSG00000147255,ENSG00000147606,ENSG00000147724,ENSG00000148175,ENSG00000149131,ENSG00000149527,ENSG00000149809,ENSG00000150907,ENSG00000151360,ENSG00000151790,ENSG00000152377,ENSG00000153294,ENSG00000153707,ENSG00000154133,ENSG00000154319,ENSG00000155886,ENSG00000155897,ENSG00000155974,ENSG00000157087,ENSG00000158113,ENSG00000158220,ENSG00000158270,ENSG00000159674,ENSG00000159784,ENSG00000160179,ENSG00000160224,ENSG00000162496,ENSG00000162576,ENSG00000162595,ENSG00000162624,ENSG00000162630,ENSG00000162745,ENSG00000162951,ENSG00000163359,ENSG00000163430,ENSG00000163513,ENSG00000163673,ENSG00000164082,ENSG00000164142,ENSG00000164176,ENSG00000164509,ENSG00000164946,ENSG00000165197,ENSG00000165643,ENSG00000165757,ENSG00000165895,ENSG00000165923,ENSG00000165995,ENSG00000166105,ENSG00000166206,ENSG00000166482,ENSG00000166592,ENSG00000166825,ENSG00000166863,ENSG00000166923,ENSG00000167588,ENSG00000167964,ENSG00000168306,ENSG00000168418,ENSG00000168542,ENSG00000168679,ENSG00000169064,ENSG00000169245,ENSG00000169248,ENSG00000169436,ENSG00000169583,ENSG00000169908,ENSG00000170006,ENSG00000170091,ENSG00000170160,ENSG00000170442,ENSG00000170891,ENSG00000171219,ENSG00000171631,ENSG00000171812,ENSG00000171819,ENSG00000172236,ENSG00000172247,ENSG00000172572,ENSG00000173567,ENSG00000173662,ENSG00000174348,ENSG00000174672,ENSG00000174740,ENSG00000174807,ENSG00000176723,ENSG00000176884,ENSG00000176971,ENSG00000177182,ENSG00000177459,ENSG00000178764,ENSG00000179399,ENSG00000179954,ENSG00000180447,ENSG00000180720,ENSG00000180739,ENSG00000181072,ENSG00000181656,ENSG00000181744,ENSG00000182492,ENSG00000183098,ENSG00000184313,ENSG00000184564,ENSG00000185291,ENSG00000185650,ENSG00000185761,ENSG00000186197,ENSG00000186367,ENSG00000186417,ENSG00000187098,ENSG00000187398,ENSG00000188015,ENSG00000189292,ENSG00000196154,ENSG00000196502,ENSG00000196542,ENSG00000196611,ENSG00000196664,ENSG00000197253,ENSG00000197321,ENSG00000197580,ENSG00000197766,ENSG00000198515,ENSG00000198576,ENSG00000198768,ENSG00000198797,ENSG00000198835,ENSG00000198915,ENSG00000198939,ENSG00000198963,ENSG00000204381,ENSG00000213171,ENSG00000213694,ENSG00000214290,ENSG00000214960,ENSG00000224389,ENSG00000232810,ENSG00000233608,ENSG00000237412,ENSG00000237988,ENSG00000240583,ENSG00000243566,ENSG00000244731,ENSG00000255346,ENSG00000258405,ENSG00000261115,ENSG00000266302,ENSG00000268655"
"TF","Factor: NF-kappaB; motif: GGGGATYCCC; match class: 1","TF:M00051_1","false","0.0021872042450344314","2.660110659875174","2221","788","178","14337","ENSG00000005243,ENSG00000006611,ENSG00000021762,ENSG00000023445,ENSG00000066583,ENSG00000067182,ENSG00000070404,ENSG00000070601,ENSG00000073756,ENSG00000073792,ENSG00000074211,ENSG00000074527,ENSG00000075275,ENSG00000075643,ENSG00000078401,ENSG00000080709,ENSG00000083857,ENSG00000087116,ENSG00000087303,ENSG00000090932,ENSG00000091704,ENSG00000095303,ENSG00000095596,ENSG00000100314,ENSG00000100985,ENSG00000101292,ENSG00000101955,ENSG00000103449,ENSG00000103528,ENSG00000104894,ENSG00000105251,ENSG00000105329,ENSG00000105464,ENSG00000105880,ENSG00000106538,ENSG00000108691,ENSG00000110169,ENSG00000110719,ENSG00000111249,ENSG00000111348,ENSG00000112183,ENSG00000114805,ENSG00000115461,ENSG00000117594,ENSG00000118503,ENSG00000119042,ENSG00000119283,ENSG00000119411,ENSG00000119699,ENSG00000120645,ENSG00000120820,ENSG00000120885,ENSG00000122035,ENSG00000123146,ENSG00000123892,ENSG00000124260,ENSG00000124788,ENSG00000125730,ENSG00000126458,ENSG00000126562,ENSG00000127418,ENSG00000128340,ENSG00000128606,ENSG00000130433,ENSG00000130635,ENSG00000131459,ENSG00000132170,ENSG00000135048,ENSG00000135116,ENSG00000135406,ENSG00000137727,ENSG00000139219,ENSG00000139629,ENSG00000140527,ENSG00000141668,ENSG00000143416,ENSG00000143772,ENSG00000143839,ENSG00000143869,ENSG00000144596,ENSG00000145012,ENSG00000145198,ENSG00000147065,ENSG00000147256,ENSG00000147724,ENSG00000148175,ENSG00000148908,ENSG00000149131,ENSG00000150457,ENSG00000150594,ENSG00000152377,ENSG00000152527,ENSG00000152894,ENSG00000153993,ENSG00000154319,ENSG00000155849,ENSG00000156564,ENSG00000159674,ENSG00000159713,ENSG00000159784,ENSG00000160111,ENSG00000160179,ENSG00000160223,ENSG00000161835,ENSG00000163273,ENSG00000163430,ENSG00000163637,ENSG00000164082,ENSG00000164176,ENSG00000165757,ENSG00000165895,ENSG00000166206,ENSG00000166592,ENSG00000168539,ENSG00000168671,ENSG00000170442,ENSG00000171303,ENSG00000171551,ENSG00000171631,ENSG00000171812,ENSG00000172638,ENSG00000173567,ENSG00000173805,ENSG00000173930,ENSG00000175497,ENSG00000176383,ENSG00000176971,ENSG00000177045,ENSG00000177272,ENSG00000177706,ENSG00000178401,ENSG00000179431,ENSG00000179546,ENSG00000179954,ENSG00000180739,ENSG00000181019,ENSG00000182492,ENSG00000183837,ENSG00000183853,ENSG00000184313,ENSG00000184838,ENSG00000185551,ENSG00000185742,ENSG00000185761,ENSG00000185955,ENSG00000186529,ENSG00000186827,ENSG00000187634,ENSG00000188015,ENSG00000188051,ENSG00000188158,ENSG00000189409,ENSG00000196154,ENSG00000196502,ENSG00000196932,ENSG00000197253,ENSG00000197766,ENSG00000197769,ENSG00000198719,ENSG00000198797,ENSG00000198915,ENSG00000198963,ENSG00000203883,ENSG00000204592,ENSG00000214290,ENSG00000214402,ENSG00000214960,ENSG00000215397,ENSG00000224389,ENSG00000232810,ENSG00000233608,ENSG00000237412,ENSG00000243364,ENSG00000244731,ENSG00000250366,ENSG00000268655,ENSG00000270011,ENSG00000271503"
"TF","Factor: GKLF; motif: CCTCCYN; match class: 1","TF:M01835_1","false","0.0025957653910715943","2.5857345622442898","7670","788","494","14337","ENSG00000001617,ENSG00000002586,ENSG00000002746,ENSG00000003137,ENSG00000005243,ENSG00000006071,ENSG00000006534,ENSG00000006611,ENSG00000006756,ENSG00000007171,ENSG00000008118,ENSG00000008311,ENSG00000008394,ENSG00000011028,ENSG00000013364,ENSG00000014914,ENSG00000019991,ENSG00000021300,ENSG00000021645,ENSG00000021762,ENSG00000038427,ENSG00000042286,ENSG00000048540,ENSG00000049249,ENSG00000051620,ENSG00000053108,ENSG00000056998,ENSG00000063127,ENSG00000064300,ENSG00000066468,ENSG00000070404,ENSG00000070601,ENSG00000071967,ENSG00000073756,ENSG00000073792,ENSG00000074211,ENSG00000074527,ENSG00000075035,ENSG00000075643,ENSG00000078114,ENSG00000078401,ENSG00000078579,ENSG00000079841,ENSG00000080573,ENSG00000080854,ENSG00000082397,ENSG00000083454,ENSG00000083857,ENSG00000085276,ENSG00000086717,ENSG00000087116,ENSG00000088002,ENSG00000089169,ENSG00000091409,ENSG00000091490,ENSG00000091592,ENSG00000091704,ENSG00000095303,ENSG00000095596,ENSG00000099256,ENSG00000099399,ENSG00000099953,ENSG00000100095,ENSG00000100196,ENSG00000100302,ENSG00000100314,ENSG00000100979,ENSG00000100985,ENSG00000101000,ENSG00000101282,ENSG00000101292,ENSG00000101489,ENSG00000101955,ENSG00000102996,ENSG00000103154,ENSG00000103316,ENSG00000103449,ENSG00000103528,ENSG00000103546,ENSG00000104327,ENSG00000104332,ENSG00000104826,ENSG00000104894,ENSG00000104951,ENSG00000105251,ENSG00000105329,ENSG00000105427,ENSG00000105464,ENSG00000105880,ENSG00000106484,ENSG00000106538,ENSG00000106733,ENSG00000106991,ENSG00000107105,ENSG00000107147,ENSG00000107282,ENSG00000108231,ENSG00000108691,ENSG00000108771,ENSG00000108821,ENSG00000108932,ENSG00000109956,ENSG00000110002,ENSG00000110169,ENSG00000110719,ENSG00000111087,ENSG00000111199,ENSG00000111249,ENSG00000112038,ENSG00000112183,ENSG00000112541,ENSG00000112893,ENSG00000113739,ENSG00000113763,ENSG00000113805,ENSG00000114541,ENSG00000114805,ENSG00000115468,ENSG00000115738,ENSG00000115896,ENSG00000116183,ENSG00000116299,ENSG00000116678,ENSG00000116852,ENSG00000117318,ENSG00000117525,ENSG00000118292,ENSG00000118503,ENSG00000119042,ENSG00000119283,ENSG00000119411,ENSG00000119508,ENSG00000119655,ENSG00000119699,ENSG00000119943,ENSG00000120306,ENSG00000120332,ENSG00000120549,ENSG00000120594,ENSG00000120645,ENSG00000120658,ENSG00000120659,ENSG00000120885,ENSG00000121075,ENSG00000121440,ENSG00000121904,ENSG00000121966,ENSG00000122679,ENSG00000123146,ENSG00000123892,ENSG00000124260,ENSG00000124466,ENSG00000124788,ENSG00000125355,ENSG00000125538,ENSG00000125730,ENSG00000125968,ENSG00000126458,ENSG00000126562,ENSG00000126778,ENSG00000128052,ENSG00000128340,ENSG00000128594,ENSG00000129159,ENSG00000129422,ENSG00000130203,ENSG00000130433,ENSG00000130529,ENSG00000130635,ENSG00000130649,ENSG00000130700,ENSG00000130707,ENSG00000130768,ENSG00000130962,ENSG00000131389,ENSG00000131634,ENSG00000132000,ENSG00000132386,ENSG00000132561,ENSG00000132854,ENSG00000133958,ENSG00000134013,ENSG00000135048,ENSG00000135111,ENSG00000135253,ENSG00000135406,ENSG00000135697,ENSG00000135902,ENSG00000135919,ENSG00000135926,ENSG00000136160,ENSG00000136546,ENSG00000136997,ENSG00000137077,ENSG00000137198,ENSG00000137491,ENSG00000137691,ENSG00000137693,ENSG00000137699,ENSG00000138083,ENSG00000138119,ENSG00000138162,ENSG00000138795,ENSG00000139117,ENSG00000139155,ENSG00000139219,ENSG00000139269,ENSG00000139352,ENSG00000139438,ENSG00000139549,ENSG00000139629,ENSG00000140285,ENSG00000140527,ENSG00000141337,ENSG00000142227,ENSG00000142233,ENSG00000143320,ENSG00000143355,ENSG00000143382,ENSG00000143416,ENSG00000143869,ENSG00000143995,ENSG00000144488,ENSG00000144645,ENSG00000144824,ENSG00000145012,ENSG00000145198,ENSG00000145623,ENSG00000145920,ENSG00000146233,ENSG00000146376,ENSG00000146700,ENSG00000147065,ENSG00000147256,ENSG00000147606,ENSG00000148053,ENSG00000148175,ENSG00000148488,ENSG00000148908,ENSG00000149131,ENSG00000149212,ENSG00000149488,ENSG00000149527,ENSG00000150281,ENSG00000150594,ENSG00000150907,ENSG00000151615,ENSG00000151790,ENSG00000152104,ENSG00000152284,ENSG00000152402,ENSG00000152467,ENSG00000152661,ENSG00000153029,ENSG00000153294,ENSG00000154065,ENSG00000154133,ENSG00000154654,ENSG00000154678,ENSG00000154928,ENSG00000155158,ENSG00000155367,ENSG00000155849,ENSG00000155897,ENSG00000156509,ENSG00000156564,ENSG00000157087,ENSG00000157110,ENSG00000157404,ENSG00000157613,ENSG00000158014,ENSG00000158022,ENSG00000158156,ENSG00000158220,ENSG00000158270,ENSG00000158560,ENSG00000159713,ENSG00000160013,ENSG00000160111,ENSG00000160161,ENSG00000160223,ENSG00000160224,ENSG00000160471,ENSG00000161681,ENSG00000161835,ENSG00000162344,ENSG00000162496,ENSG00000162576,ENSG00000162624,ENSG00000162670,ENSG00000162951,ENSG00000162998,ENSG00000163191,ENSG00000163219,ENSG00000163273,ENSG00000163346,ENSG00000163359,ENSG00000163394,ENSG00000163430,ENSG00000163637,ENSG00000163673,ENSG00000163793,ENSG00000164082,ENSG00000164176,ENSG00000164326,ENSG00000164674,ENSG00000164692,ENSG00000165140,ENSG00000165643,ENSG00000165646,ENSG00000165923,ENSG00000165959,ENSG00000165995,ENSG00000166105,ENSG00000166206,ENSG00000166292,ENSG00000166482,ENSG00000166816,ENSG00000166862,ENSG00000167588,ENSG00000167608,ENSG00000167664,ENSG00000167767,ENSG00000167964,ENSG00000168071,ENSG00000168306,ENSG00000168539,ENSG00000168671,ENSG00000168679,ENSG00000168843,ENSG00000168899,ENSG00000168994,ENSG00000169245,ENSG00000169247,ENSG00000169302,ENSG00000169427,ENSG00000169436,ENSG00000169583,ENSG00000169860,ENSG00000169871,ENSG00000169891,ENSG00000169908,ENSG00000170160,ENSG00000170419,ENSG00000170891,ENSG00000171219,ENSG00000171227,ENSG00000171303,ENSG00000171551,ENSG00000171631,ENSG00000171812,ENSG00000171819,ENSG00000171848,ENSG00000172201,ENSG00000172236,ENSG00000172247,ENSG00000172572,ENSG00000172987,ENSG00000173040,ENSG00000173068,ENSG00000173376,ENSG00000173567,ENSG00000173662,ENSG00000173930,ENSG00000174348,ENSG00000174672,ENSG00000175183,ENSG00000175426,ENSG00000175497,ENSG00000175505,ENSG00000176293,ENSG00000176383,ENSG00000176769,ENSG00000176884,ENSG00000177045,ENSG00000177182,ENSG00000177272,ENSG00000177301,ENSG00000177374,ENSG00000177409,ENSG00000177459,ENSG00000177469,ENSG00000177511,ENSG00000177706,ENSG00000178401,ENSG00000178764,ENSG00000178965,ENSG00000179399,ENSG00000179546,ENSG00000179954,ENSG00000180739,ENSG00000181019,ENSG00000181072,ENSG00000181444,ENSG00000181541,ENSG00000181656,ENSG00000181744,ENSG00000182022,ENSG00000182489,ENSG00000182492,ENSG00000182771,ENSG00000182871,ENSG00000183098,ENSG00000183654,ENSG00000183722,ENSG00000183779,ENSG00000183837,ENSG00000183853,ENSG00000184254,ENSG00000184613,ENSG00000184838,ENSG00000185101,ENSG00000185155,ENSG00000185201,ENSG00000185291,ENSG00000185551,ENSG00000185561,ENSG00000185664,ENSG00000185666,ENSG00000185742,ENSG00000185760,ENSG00000185924,ENSG00000185955,ENSG00000186197,ENSG00000186367,ENSG00000186417,ENSG00000186897,ENSG00000187098,ENSG00000187323,ENSG00000187398,ENSG00000187634,ENSG00000188015,ENSG00000188051,ENSG00000188158,ENSG00000188162,ENSG00000188282,ENSG00000188620,ENSG00000188783,ENSG00000188816,ENSG00000196154,ENSG00000196187,ENSG00000196277,ENSG00000196502,ENSG00000196542,ENSG00000196562,ENSG00000196932,ENSG00000197093,ENSG00000197253,ENSG00000197385,ENSG00000197496,ENSG00000197747,ENSG00000197769,ENSG00000197935,ENSG00000197971,ENSG00000198113,ENSG00000198121,ENSG00000198125,ENSG00000198576,ENSG00000198682,ENSG00000198719,ENSG00000198768,ENSG00000198797,ENSG00000198835,ENSG00000198915,ENSG00000198939,ENSG00000203797,ENSG00000203883,ENSG00000204248,ENSG00000204335,ENSG00000204592,ENSG00000205097,ENSG00000205436,ENSG00000205795,ENSG00000213171,ENSG00000214402,ENSG00000214960,ENSG00000215397,ENSG00000215612,ENSG00000221866,ENSG00000226887,ENSG00000232810,ENSG00000237412,ENSG00000240583,ENSG00000243364,ENSG00000243566,ENSG00000250366,ENSG00000255690,ENSG00000258405,ENSG00000266302,ENSG00000268655,ENSG00000271447,ENSG00000271503,ENSG00000274588,ENSG00000276644"
"TF","Factor: MZF-1; motif: TGGGGAR; match class: 1","TF:M01733_1","false","0.00843645126176787","2.0738401981058403","3660","788","264","14337","ENSG00000001617,ENSG00000002586,ENSG00000002746,ENSG00000006756,ENSG00000007171,ENSG00000008311,ENSG00000012223,ENSG00000013364,ENSG00000019991,ENSG00000021762,ENSG00000038427,ENSG00000041982,ENSG00000048540,ENSG00000056998,ENSG00000063127,ENSG00000066468,ENSG00000066583,ENSG00000067798,ENSG00000068976,ENSG00000070404,ENSG00000070601,ENSG00000071967,ENSG00000074527,ENSG00000075275,ENSG00000078114,ENSG00000080709,ENSG00000082397,ENSG00000083454,ENSG00000086506,ENSG00000087116,ENSG00000088002,ENSG00000091409,ENSG00000091704,ENSG00000092421,ENSG00000095303,ENSG00000099399,ENSG00000100196,ENSG00000100314,ENSG00000100985,ENSG00000101000,ENSG00000101282,ENSG00000101463,ENSG00000102265,ENSG00000103154,ENSG00000103528,ENSG00000104894,ENSG00000105251,ENSG00000105427,ENSG00000105880,ENSG00000106538,ENSG00000106991,ENSG00000107147,ENSG00000108691,ENSG00000108821,ENSG00000109851,ENSG00000110492,ENSG00000111249,ENSG00000112038,ENSG00000112164,ENSG00000112183,ENSG00000112530,ENSG00000112541,ENSG00000114805,ENSG00000115461,ENSG00000115738,ENSG00000115896,ENSG00000116678,ENSG00000117318,ENSG00000117525,ENSG00000118292,ENSG00000119042,ENSG00000119411,ENSG00000119943,ENSG00000120306,ENSG00000120332,ENSG00000120645,ENSG00000121075,ENSG00000121904,ENSG00000121966,ENSG00000123609,ENSG00000123892,ENSG00000124260,ENSG00000125355,ENSG00000125730,ENSG00000126562,ENSG00000127418,ENSG00000127586,ENSG00000128052,ENSG00000128340,ENSG00000128594,ENSG00000130768,ENSG00000131459,ENSG00000132000,ENSG00000132170,ENSG00000135406,ENSG00000135902,ENSG00000136944,ENSG00000136997,ENSG00000137077,ENSG00000137331,ENSG00000137441,ENSG00000137460,ENSG00000137691,ENSG00000138119,ENSG00000138772,ENSG00000138795,ENSG00000139117,ENSG00000139269,ENSG00000139329,ENSG00000139352,ENSG00000139549,ENSG00000140675,ENSG00000142089,ENSG00000142173,ENSG00000142233,ENSG00000143355,ENSG00000143382,ENSG00000143416,ENSG00000144596,ENSG00000146376,ENSG00000147065,ENSG00000147255,ENSG00000147724,ENSG00000148175,ENSG00000148488,ENSG00000150594,ENSG00000152104,ENSG00000152137,ENSG00000152284,ENSG00000152377,ENSG00000154319,ENSG00000154928,ENSG00000156687,ENSG00000157087,ENSG00000157404,ENSG00000158113,ENSG00000158220,ENSG00000158270,ENSG00000158525,ENSG00000158560,ENSG00000159674,ENSG00000159713,ENSG00000159784,ENSG00000160013,ENSG00000160111,ENSG00000160179,ENSG00000160223,ENSG00000160883,ENSG00000161681,ENSG00000161835,ENSG00000162344,ENSG00000162576,ENSG00000162894,ENSG00000162951,ENSG00000163273,ENSG00000163793,ENSG00000164082,ENSG00000164176,ENSG00000165643,ENSG00000165646,ENSG00000165757,ENSG00000165917,ENSG00000165959,ENSG00000165973,ENSG00000166349,ENSG00000166482,ENSG00000166592,ENSG00000166801,ENSG00000166816,ENSG00000166825,ENSG00000166923,ENSG00000167767,ENSG00000167964,ENSG00000168071,ENSG00000168306,ENSG00000168505,ENSG00000168539,ENSG00000169247,ENSG00000169302,ENSG00000169427,ENSG00000169436,ENSG00000169583,ENSG00000169860,ENSG00000170419,ENSG00000170442,ENSG00000170775,ENSG00000170891,ENSG00000171219,ENSG00000171227,ENSG00000171303,ENSG00000171551,ENSG00000171631,ENSG00000172236,ENSG00000172247,ENSG00000172572,ENSG00000173068,ENSG00000173376,ENSG00000173930,ENSG00000174348,ENSG00000174672,ENSG00000175505,ENSG00000176293,ENSG00000176383,ENSG00000177301,ENSG00000177469,ENSG00000178401,ENSG00000179431,ENSG00000179954,ENSG00000180739,ENSG00000181019,ENSG00000181444,ENSG00000182489,ENSG00000182492,ENSG00000182771,ENSG00000183853,ENSG00000184254,ENSG00000184313,ENSG00000184838,ENSG00000185101,ENSG00000185551,ENSG00000185650,ENSG00000185664,ENSG00000185666,ENSG00000185742,ENSG00000185761,ENSG00000185924,ENSG00000185955,ENSG00000186827,ENSG00000188015,ENSG00000188051,ENSG00000188158,ENSG00000188162,ENSG00000188282,ENSG00000189292,ENSG00000196154,ENSG00000196277,ENSG00000196664,ENSG00000197093,ENSG00000197253,ENSG00000197496,ENSG00000198719,ENSG00000198797,ENSG00000203883,ENSG00000204248,ENSG00000204592,ENSG00000205795,ENSG00000213171,ENSG00000213694,ENSG00000214290,ENSG00000219438,ENSG00000224389,ENSG00000232810,ENSG00000233608,ENSG00000237412,ENSG00000243364,ENSG00000243566,ENSG00000244731,ENSG00000250366,ENSG00000258405,ENSG00000266074,ENSG00000266524,ENSG00000268655,ENSG00000271447,ENSG00000271503"
"TF","Factor: AP-4; motif: YCAGCTGNKN","TF:M10097","false","0.008828311417035311","2.0541223555834933","4337","788","304","14337","ENSG00000000971,ENSG00000005243,ENSG00000006071,ENSG00000006534,ENSG00000006611,ENSG00000008311,ENSG00000009694,ENSG00000011028,ENSG00000011465,ENSG00000013364,ENSG00000013588,ENSG00000014257,ENSG00000021645,ENSG00000041982,ENSG00000048740,ENSG00000049249,ENSG00000056998,ENSG00000064692,ENSG00000067798,ENSG00000069431,ENSG00000070404,ENSG00000070540,ENSG00000071967,ENSG00000074211,ENSG00000075035,ENSG00000075651,ENSG00000076944,ENSG00000077092,ENSG00000077238,ENSG00000078401,ENSG00000078579,ENSG00000083454,ENSG00000085276,ENSG00000087303,ENSG00000089169,ENSG00000090530,ENSG00000091592,ENSG00000091704,ENSG00000095587,ENSG00000095596,ENSG00000095713,ENSG00000099399,ENSG00000100626,ENSG00000100985,ENSG00000101282,ENSG00000101292,ENSG00000101955,ENSG00000102048,ENSG00000102265,ENSG00000103449,ENSG00000104332,ENSG00000104518,ENSG00000104894,ENSG00000104951,ENSG00000105251,ENSG00000105329,ENSG00000106538,ENSG00000106733,ENSG00000106991,ENSG00000108688,ENSG00000108691,ENSG00000108771,ENSG00000110169,ENSG00000110719,ENSG00000111199,ENSG00000111348,ENSG00000112137,ENSG00000112164,ENSG00000112183,ENSG00000113805,ENSG00000114251,ENSG00000115353,ENSG00000115414,ENSG00000115468,ENSG00000115738,ENSG00000116981,ENSG00000118292,ENSG00000119283,ENSG00000119411,ENSG00000119508,ENSG00000119699,ENSG00000120306,ENSG00000120658,ENSG00000120820,ENSG00000121075,ENSG00000121440,ENSG00000121904,ENSG00000123609,ENSG00000124260,ENSG00000124788,ENSG00000125538,ENSG00000125730,ENSG00000125968,ENSG00000127418,ENSG00000128340,ENSG00000128606,ENSG00000128849,ENSG00000129993,ENSG00000130203,ENSG00000130303,ENSG00000132386,ENSG00000132561,ENSG00000132854,ENSG00000135406,ENSG00000135697,ENSG00000135899,ENSG00000135902,ENSG00000135919,ENSG00000135926,ENSG00000136160,ENSG00000136546,ENSG00000137331,ENSG00000137441,ENSG00000137460,ENSG00000137491,ENSG00000137699,ENSG00000138162,ENSG00000138772,ENSG00000139117,ENSG00000139269,ENSG00000139410,ENSG00000140279,ENSG00000140285,ENSG00000142089,ENSG00000142173,ENSG00000142227,ENSG00000142233,ENSG00000143320,ENSG00000143382,ENSG00000143416,ENSG00000143816,ENSG00000143839,ENSG00000144824,ENSG00000145198,ENSG00000145451,ENSG00000146006,ENSG00000146700,ENSG00000147065,ENSG00000147119,ENSG00000149212,ENSG00000149488,ENSG00000151023,ENSG00000151360,ENSG00000152049,ENSG00000152104,ENSG00000152137,ENSG00000152377,ENSG00000152894,ENSG00000153993,ENSG00000154133,ENSG00000155367,ENSG00000155897,ENSG00000155974,ENSG00000156869,ENSG00000157103,ENSG00000157110,ENSG00000157404,ENSG00000157613,ENSG00000158022,ENSG00000158113,ENSG00000158220,ENSG00000158270,ENSG00000158525,ENSG00000159674,ENSG00000159713,ENSG00000160111,ENSG00000160223,ENSG00000160224,ENSG00000160471,ENSG00000160883,ENSG00000162105,ENSG00000162344,ENSG00000162576,ENSG00000162595,ENSG00000162624,ENSG00000162670,ENSG00000162951,ENSG00000163191,ENSG00000163273,ENSG00000163346,ENSG00000163394,ENSG00000163513,ENSG00000163673,ENSG00000164692,ENSG00000165140,ENSG00000165197,ENSG00000165757,ENSG00000165917,ENSG00000165995,ENSG00000166106,ENSG00000166292,ENSG00000166349,ENSG00000166816,ENSG00000166863,ENSG00000166923,ENSG00000166960,ENSG00000167588,ENSG00000167608,ENSG00000167767,ENSG00000167964,ENSG00000168412,ENSG00000168418,ENSG00000168497,ENSG00000168899,ENSG00000169064,ENSG00000169247,ENSG00000169427,ENSG00000169436,ENSG00000169583,ENSG00000169891,ENSG00000169903,ENSG00000170099,ENSG00000170419,ENSG00000170608,ENSG00000170891,ENSG00000171219,ENSG00000171227,ENSG00000171303,ENSG00000171631,ENSG00000171819,ENSG00000172236,ENSG00000172638,ENSG00000172985,ENSG00000173040,ENSG00000173376,ENSG00000173567,ENSG00000173805,ENSG00000174145,ENSG00000174740,ENSG00000174807,ENSG00000175426,ENSG00000175497,ENSG00000176293,ENSG00000176769,ENSG00000176971,ENSG00000177045,ENSG00000177272,ENSG00000177301,ENSG00000177459,ENSG00000177469,ENSG00000177511,ENSG00000177706,ENSG00000178125,ENSG00000179399,ENSG00000179431,ENSG00000180447,ENSG00000180739,ENSG00000181656,ENSG00000182489,ENSG00000182636,ENSG00000182871,ENSG00000183778,ENSG00000183779,ENSG00000184313,ENSG00000184564,ENSG00000185101,ENSG00000185201,ENSG00000185291,ENSG00000185650,ENSG00000185681,ENSG00000185742,ENSG00000185761,ENSG00000186367,ENSG00000186417,ENSG00000186529,ENSG00000187398,ENSG00000187486,ENSG00000187634,ENSG00000188015,ENSG00000188620,ENSG00000189409,ENSG00000196154,ENSG00000196277,ENSG00000196664,ENSG00000197093,ENSG00000197253,ENSG00000197321,ENSG00000197496,ENSG00000197766,ENSG00000197769,ENSG00000198125,ENSG00000198626,ENSG00000198797,ENSG00000198835,ENSG00000198939,ENSG00000198959,ENSG00000203772,ENSG00000203797,ENSG00000203883,ENSG00000204248,ENSG00000204381,ENSG00000205436,ENSG00000213171,ENSG00000219438,ENSG00000224389,ENSG00000232810,ENSG00000237412,ENSG00000244731,ENSG00000255346,ENSG00000255690,ENSG00000261787,ENSG00000266524,ENSG00000274588,ENSG00000276644"
"TF","Factor: TFAP4; motif: AWCAGCTGWT","TF:M04192","false","0.01633088704414166","1.7869902250665621","3720","788","266","14337","ENSG00000000971,ENSG00000003137,ENSG00000005243,ENSG00000006534,ENSG00000011028,ENSG00000011465,ENSG00000013364,ENSG00000013588,ENSG00000018408,ENSG00000021300,ENSG00000021645,ENSG00000041982,ENSG00000048740,ENSG00000049249,ENSG00000056998,ENSG00000066583,ENSG00000067798,ENSG00000069431,ENSG00000070540,ENSG00000070601,ENSG00000071967,ENSG00000074211,ENSG00000075651,ENSG00000076944,ENSG00000077092,ENSG00000077238,ENSG00000080709,ENSG00000083454,ENSG00000085276,ENSG00000086717,ENSG00000087303,ENSG00000089169,ENSG00000090530,ENSG00000091592,ENSG00000091704,ENSG00000095587,ENSG00000095713,ENSG00000099260,ENSG00000099399,ENSG00000100314,ENSG00000100626,ENSG00000101000,ENSG00000101282,ENSG00000101292,ENSG00000101463,ENSG00000101955,ENSG00000102048,ENSG00000102265,ENSG00000103316,ENSG00000103449,ENSG00000103528,ENSG00000104518,ENSG00000104894,ENSG00000105251,ENSG00000105329,ENSG00000106733,ENSG00000107282,ENSG00000108231,ENSG00000108688,ENSG00000108691,ENSG00000109956,ENSG00000110002,ENSG00000110195,ENSG00000110719,ENSG00000111199,ENSG00000112137,ENSG00000112183,ENSG00000113763,ENSG00000113805,ENSG00000115353,ENSG00000115414,ENSG00000115738,ENSG00000119411,ENSG00000119508,ENSG00000119699,ENSG00000120645,ENSG00000120658,ENSG00000121440,ENSG00000121904,ENSG00000123609,ENSG00000124788,ENSG00000125538,ENSG00000125968,ENSG00000127586,ENSG00000128052,ENSG00000128340,ENSG00000128594,ENSG00000128849,ENSG00000130203,ENSG00000131389,ENSG00000132386,ENSG00000132561,ENSG00000132854,ENSG00000134013,ENSG00000135406,ENSG00000135697,ENSG00000135899,ENSG00000135902,ENSG00000135926,ENSG00000136160,ENSG00000136546,ENSG00000136997,ENSG00000137077,ENSG00000137491,ENSG00000137699,ENSG00000138119,ENSG00000138395,ENSG00000138650,ENSG00000139117,ENSG00000139287,ENSG00000140279,ENSG00000140285,ENSG00000142173,ENSG00000143355,ENSG00000143382,ENSG00000143416,ENSG00000143839,ENSG00000144476,ENSG00000144824,ENSG00000145198,ENSG00000145451,ENSG00000145623,ENSG00000146006,ENSG00000146700,ENSG00000147065,ENSG00000147119,ENSG00000147724,ENSG00000147869,ENSG00000149212,ENSG00000149488,ENSG00000150907,ENSG00000151023,ENSG00000151360,ENSG00000152049,ENSG00000152104,ENSG00000152137,ENSG00000152894,ENSG00000153029,ENSG00000153707,ENSG00000153993,ENSG00000154133,ENSG00000154175,ENSG00000155849,ENSG00000155886,ENSG00000155897,ENSG00000155974,ENSG00000157103,ENSG00000157110,ENSG00000158022,ENSG00000158113,ENSG00000158220,ENSG00000158270,ENSG00000158525,ENSG00000159674,ENSG00000160223,ENSG00000160471,ENSG00000160883,ENSG00000161681,ENSG00000162595,ENSG00000162614,ENSG00000162624,ENSG00000162630,ENSG00000162670,ENSG00000162745,ENSG00000162951,ENSG00000163346,ENSG00000163394,ENSG00000163513,ENSG00000163673,ENSG00000165197,ENSG00000165757,ENSG00000165917,ENSG00000165923,ENSG00000165995,ENSG00000166106,ENSG00000166206,ENSG00000166292,ENSG00000166816,ENSG00000166923,ENSG00000166960,ENSG00000167608,ENSG00000167767,ENSG00000167964,ENSG00000168412,ENSG00000168418,ENSG00000168899,ENSG00000169583,ENSG00000169891,ENSG00000169903,ENSG00000170160,ENSG00000170419,ENSG00000170608,ENSG00000170891,ENSG00000171219,ENSG00000171551,ENSG00000171819,ENSG00000171848,ENSG00000172236,ENSG00000173040,ENSG00000173376,ENSG00000173567,ENSG00000174348,ENSG00000174740,ENSG00000174807,ENSG00000175426,ENSG00000175497,ENSG00000176383,ENSG00000176769,ENSG00000176971,ENSG00000177272,ENSG00000177301,ENSG00000177511,ENSG00000177706,ENSG00000178125,ENSG00000180447,ENSG00000181444,ENSG00000181656,ENSG00000182195,ENSG00000182489,ENSG00000182636,ENSG00000183778,ENSG00000184313,ENSG00000184564,ENSG00000185155,ENSG00000185201,ENSG00000185681,ENSG00000185742,ENSG00000185761,ENSG00000186367,ENSG00000186529,ENSG00000187398,ENSG00000187486,ENSG00000187634,ENSG00000188015,ENSG00000188282,ENSG00000189292,ENSG00000189409,ENSG00000196154,ENSG00000196562,ENSG00000196664,ENSG00000197093,ENSG00000197253,ENSG00000197321,ENSG00000197496,ENSG00000197580,ENSG00000198125,ENSG00000198797,ENSG00000203772,ENSG00000203797,ENSG00000204248,ENSG00000205097,ENSG00000205436,ENSG00000213171,ENSG00000214960,ENSG00000215612,ENSG00000224389,ENSG00000232810,ENSG00000233608,ENSG00000237412,ENSG00000244731,ENSG00000255346,ENSG00000255690,ENSG00000261115,ENSG00000266302,ENSG00000270011,ENSG00000276644"
"TF","Factor: AP4; motif: NMNCAGCTGGN","TF:M12580","false","0.019335422865823997","1.7136463254639058","4234","788","296","14337","ENSG00000000971,ENSG00000005243,ENSG00000006071,ENSG00000006534,ENSG00000008311,ENSG00000009694,ENSG00000011028,ENSG00000013364,ENSG00000013588,ENSG00000014257,ENSG00000021645,ENSG00000021762,ENSG00000041982,ENSG00000048740,ENSG00000049249,ENSG00000056998,ENSG00000063127,ENSG00000067798,ENSG00000069431,ENSG00000070404,ENSG00000070540,ENSG00000071967,ENSG00000074211,ENSG00000075035,ENSG00000075651,ENSG00000076944,ENSG00000077092,ENSG00000077238,ENSG00000078401,ENSG00000078579,ENSG00000085276,ENSG00000087303,ENSG00000089169,ENSG00000090530,ENSG00000090932,ENSG00000091592,ENSG00000091704,ENSG00000095587,ENSG00000095713,ENSG00000099399,ENSG00000100626,ENSG00000100985,ENSG00000101282,ENSG00000101292,ENSG00000101955,ENSG00000102048,ENSG00000102265,ENSG00000103154,ENSG00000103449,ENSG00000104332,ENSG00000104894,ENSG00000104951,ENSG00000105251,ENSG00000105329,ENSG00000106538,ENSG00000106733,ENSG00000106991,ENSG00000108688,ENSG00000108691,ENSG00000108771,ENSG00000110169,ENSG00000110719,ENSG00000111199,ENSG00000111348,ENSG00000112137,ENSG00000112164,ENSG00000112183,ENSG00000113805,ENSG00000114251,ENSG00000115353,ENSG00000115414,ENSG00000115468,ENSG00000115738,ENSG00000116981,ENSG00000118292,ENSG00000119283,ENSG00000119411,ENSG00000119508,ENSG00000119699,ENSG00000120306,ENSG00000120658,ENSG00000120820,ENSG00000121075,ENSG00000121440,ENSG00000121904,ENSG00000122679,ENSG00000123609,ENSG00000124260,ENSG00000124788,ENSG00000125538,ENSG00000125730,ENSG00000125968,ENSG00000127418,ENSG00000128340,ENSG00000128606,ENSG00000128849,ENSG00000129993,ENSG00000130203,ENSG00000130303,ENSG00000132386,ENSG00000132561,ENSG00000132854,ENSG00000134013,ENSG00000135406,ENSG00000135697,ENSG00000135899,ENSG00000135902,ENSG00000135919,ENSG00000135926,ENSG00000136160,ENSG00000136546,ENSG00000137331,ENSG00000137441,ENSG00000137460,ENSG00000137491,ENSG00000137699,ENSG00000138162,ENSG00000138772,ENSG00000139117,ENSG00000139269,ENSG00000139410,ENSG00000140279,ENSG00000140285,ENSG00000142089,ENSG00000142173,ENSG00000142227,ENSG00000142233,ENSG00000143320,ENSG00000143382,ENSG00000143416,ENSG00000143816,ENSG00000143839,ENSG00000144824,ENSG00000145198,ENSG00000145451,ENSG00000146006,ENSG00000146700,ENSG00000147065,ENSG00000147119,ENSG00000149212,ENSG00000149488,ENSG00000151023,ENSG00000151360,ENSG00000152049,ENSG00000152104,ENSG00000152137,ENSG00000152377,ENSG00000152894,ENSG00000153993,ENSG00000154133,ENSG00000155367,ENSG00000155897,ENSG00000155974,ENSG00000156869,ENSG00000157103,ENSG00000157110,ENSG00000157404,ENSG00000157613,ENSG00000158022,ENSG00000158113,ENSG00000158220,ENSG00000158270,ENSG00000158525,ENSG00000159674,ENSG00000159713,ENSG00000160111,ENSG00000160223,ENSG00000160224,ENSG00000160471,ENSG00000160883,ENSG00000162105,ENSG00000162344,ENSG00000162576,ENSG00000162595,ENSG00000162624,ENSG00000162670,ENSG00000162951,ENSG00000163191,ENSG00000163273,ENSG00000163346,ENSG00000163394,ENSG00000163513,ENSG00000163673,ENSG00000164692,ENSG00000165140,ENSG00000165197,ENSG00000165757,ENSG00000165917,ENSG00000165923,ENSG00000165995,ENSG00000166106,ENSG00000166349,ENSG00000166816,ENSG00000166863,ENSG00000166923,ENSG00000166960,ENSG00000167588,ENSG00000167608,ENSG00000167767,ENSG00000167964,ENSG00000168412,ENSG00000168418,ENSG00000168497,ENSG00000168899,ENSG00000169064,ENSG00000169247,ENSG00000169427,ENSG00000169436,ENSG00000169583,ENSG00000170099,ENSG00000170419,ENSG00000170608,ENSG00000170891,ENSG00000171219,ENSG00000171227,ENSG00000171303,ENSG00000171631,ENSG00000171819,ENSG00000172638,ENSG00000172985,ENSG00000173040,ENSG00000173376,ENSG00000173567,ENSG00000174145,ENSG00000174348,ENSG00000174740,ENSG00000174807,ENSG00000175426,ENSG00000175497,ENSG00000176293,ENSG00000176769,ENSG00000176971,ENSG00000177045,ENSG00000177272,ENSG00000177301,ENSG00000177459,ENSG00000177469,ENSG00000177511,ENSG00000177706,ENSG00000178125,ENSG00000179399,ENSG00000179431,ENSG00000179954,ENSG00000180447,ENSG00000180739,ENSG00000181656,ENSG00000182489,ENSG00000182636,ENSG00000182871,ENSG00000183778,ENSG00000183779,ENSG00000184313,ENSG00000184564,ENSG00000185201,ENSG00000185650,ENSG00000185681,ENSG00000185761,ENSG00000186367,ENSG00000186417,ENSG00000186529,ENSG00000187398,ENSG00000187486,ENSG00000188015,ENSG00000189409,ENSG00000196154,ENSG00000196277,ENSG00000196664,ENSG00000197093,ENSG00000197253,ENSG00000197321,ENSG00000197496,ENSG00000197766,ENSG00000197769,ENSG00000198125,ENSG00000198626,ENSG00000198797,ENSG00000198835,ENSG00000198939,ENSG00000198959,ENSG00000203772,ENSG00000203797,ENSG00000203883,ENSG00000204248,ENSG00000204381,ENSG00000205436,ENSG00000213171,ENSG00000215612,ENSG00000219438,ENSG00000224389,ENSG00000232810,ENSG00000237412,ENSG00000244731,ENSG00000261787,ENSG00000266524,ENSG00000274588,ENSG00000276644"
"TF","Factor: AP-4; motif: AWCAGCTGWT","TF:M11210","false","0.0279026090621905","1.5543551856749787","3226","788","235","14337","ENSG00000000971,ENSG00000003137,ENSG00000005243,ENSG00000006534,ENSG00000011465,ENSG00000013364,ENSG00000013588,ENSG00000018408,ENSG00000021300,ENSG00000021645,ENSG00000041982,ENSG00000048740,ENSG00000049249,ENSG00000056998,ENSG00000066583,ENSG00000067798,ENSG00000069431,ENSG00000070540,ENSG00000070601,ENSG00000071967,ENSG00000074211,ENSG00000075651,ENSG00000076944,ENSG00000077092,ENSG00000077238,ENSG00000080709,ENSG00000083454,ENSG00000085276,ENSG00000086717,ENSG00000089169,ENSG00000090530,ENSG00000091592,ENSG00000091704,ENSG00000095587,ENSG00000099399,ENSG00000100314,ENSG00000100626,ENSG00000101282,ENSG00000101292,ENSG00000101463,ENSG00000101955,ENSG00000102048,ENSG00000102265,ENSG00000103316,ENSG00000103449,ENSG00000103528,ENSG00000104518,ENSG00000104894,ENSG00000105251,ENSG00000105329,ENSG00000107282,ENSG00000108231,ENSG00000108688,ENSG00000108691,ENSG00000109956,ENSG00000110195,ENSG00000110719,ENSG00000111199,ENSG00000112137,ENSG00000112183,ENSG00000113763,ENSG00000113805,ENSG00000115353,ENSG00000115414,ENSG00000115738,ENSG00000119411,ENSG00000119508,ENSG00000119699,ENSG00000120645,ENSG00000120658,ENSG00000121440,ENSG00000121904,ENSG00000123609,ENSG00000124788,ENSG00000125538,ENSG00000125968,ENSG00000128052,ENSG00000128340,ENSG00000128594,ENSG00000128849,ENSG00000130203,ENSG00000132386,ENSG00000132561,ENSG00000132854,ENSG00000134013,ENSG00000135406,ENSG00000135697,ENSG00000135899,ENSG00000135902,ENSG00000135926,ENSG00000136160,ENSG00000136546,ENSG00000136997,ENSG00000137077,ENSG00000137491,ENSG00000137699,ENSG00000138119,ENSG00000138395,ENSG00000138650,ENSG00000139117,ENSG00000139287,ENSG00000140279,ENSG00000140285,ENSG00000142173,ENSG00000143355,ENSG00000143382,ENSG00000143416,ENSG00000143839,ENSG00000144476,ENSG00000145198,ENSG00000145451,ENSG00000145623,ENSG00000146006,ENSG00000147065,ENSG00000147119,ENSG00000147724,ENSG00000147869,ENSG00000149212,ENSG00000149488,ENSG00000150907,ENSG00000151360,ENSG00000152049,ENSG00000152137,ENSG00000152894,ENSG00000153029,ENSG00000153707,ENSG00000153993,ENSG00000154133,ENSG00000154175,ENSG00000155849,ENSG00000155886,ENSG00000155897,ENSG00000155974,ENSG00000157103,ENSG00000157110,ENSG00000158022,ENSG00000158113,ENSG00000158270,ENSG00000158525,ENSG00000159674,ENSG00000160223,ENSG00000160471,ENSG00000160883,ENSG00000161681,ENSG00000162595,ENSG00000162624,ENSG00000162630,ENSG00000162670,ENSG00000162745,ENSG00000162951,ENSG00000163346,ENSG00000163394,ENSG00000163513,ENSG00000163673,ENSG00000165757,ENSG00000165923,ENSG00000165995,ENSG00000166106,ENSG00000166206,ENSG00000166292,ENSG00000166816,ENSG00000166923,ENSG00000166960,ENSG00000167608,ENSG00000167767,ENSG00000167964,ENSG00000168412,ENSG00000168418,ENSG00000168899,ENSG00000169583,ENSG00000169891,ENSG00000169903,ENSG00000170160,ENSG00000170419,ENSG00000170608,ENSG00000170891,ENSG00000171551,ENSG00000171819,ENSG00000171848,ENSG00000172236,ENSG00000173040,ENSG00000173376,ENSG00000174348,ENSG00000174740,ENSG00000174807,ENSG00000175497,ENSG00000176383,ENSG00000176769,ENSG00000176971,ENSG00000177272,ENSG00000177301,ENSG00000177511,ENSG00000177706,ENSG00000178125,ENSG00000180447,ENSG00000181444,ENSG00000181656,ENSG00000182195,ENSG00000182489,ENSG00000183778,ENSG00000184313,ENSG00000184564,ENSG00000185666,ENSG00000185681,ENSG00000185742,ENSG00000185761,ENSG00000186367,ENSG00000187398,ENSG00000187486,ENSG00000187634,ENSG00000188282,ENSG00000189409,ENSG00000196562,ENSG00000196664,ENSG00000197093,ENSG00000197253,ENSG00000197321,ENSG00000197580,ENSG00000198125,ENSG00000198797,ENSG00000203797,ENSG00000204248,ENSG00000205097,ENSG00000205436,ENSG00000213171,ENSG00000214960,ENSG00000215612,ENSG00000232810,ENSG00000237412,ENSG00000255346,ENSG00000255690,ENSG00000261115,ENSG00000266302,ENSG00000270011,ENSG00000276644"
"TF","Factor: AP-4; motif: AWCAGCTGWT; match class: 1","TF:M11210_1","false","0.0279026090621905","1.5543551856749787","3226","788","235","14337","ENSG00000000971,ENSG00000003137,ENSG00000005243,ENSG00000006534,ENSG00000011465,ENSG00000013364,ENSG00000013588,ENSG00000018408,ENSG00000021300,ENSG00000021645,ENSG00000041982,ENSG00000048740,ENSG00000049249,ENSG00000056998,ENSG00000066583,ENSG00000067798,ENSG00000069431,ENSG00000070540,ENSG00000070601,ENSG00000071967,ENSG00000074211,ENSG00000075651,ENSG00000076944,ENSG00000077092,ENSG00000077238,ENSG00000080709,ENSG00000083454,ENSG00000085276,ENSG00000086717,ENSG00000089169,ENSG00000090530,ENSG00000091592,ENSG00000091704,ENSG00000095587,ENSG00000099399,ENSG00000100314,ENSG00000100626,ENSG00000101282,ENSG00000101292,ENSG00000101463,ENSG00000101955,ENSG00000102048,ENSG00000102265,ENSG00000103316,ENSG00000103449,ENSG00000103528,ENSG00000104518,ENSG00000104894,ENSG00000105251,ENSG00000105329,ENSG00000107282,ENSG00000108231,ENSG00000108688,ENSG00000108691,ENSG00000109956,ENSG00000110195,ENSG00000110719,ENSG00000111199,ENSG00000112137,ENSG00000112183,ENSG00000113763,ENSG00000113805,ENSG00000115353,ENSG00000115414,ENSG00000115738,ENSG00000119411,ENSG00000119508,ENSG00000119699,ENSG00000120645,ENSG00000120658,ENSG00000121440,ENSG00000121904,ENSG00000123609,ENSG00000124788,ENSG00000125538,ENSG00000125968,ENSG00000128052,ENSG00000128340,ENSG00000128594,ENSG00000128849,ENSG00000130203,ENSG00000132386,ENSG00000132561,ENSG00000132854,ENSG00000134013,ENSG00000135406,ENSG00000135697,ENSG00000135899,ENSG00000135902,ENSG00000135926,ENSG00000136160,ENSG00000136546,ENSG00000136997,ENSG00000137077,ENSG00000137491,ENSG00000137699,ENSG00000138119,ENSG00000138395,ENSG00000138650,ENSG00000139117,ENSG00000139287,ENSG00000140279,ENSG00000140285,ENSG00000142173,ENSG00000143355,ENSG00000143382,ENSG00000143416,ENSG00000143839,ENSG00000144476,ENSG00000145198,ENSG00000145451,ENSG00000145623,ENSG00000146006,ENSG00000147065,ENSG00000147119,ENSG00000147724,ENSG00000147869,ENSG00000149212,ENSG00000149488,ENSG00000150907,ENSG00000151360,ENSG00000152049,ENSG00000152137,ENSG00000152894,ENSG00000153029,ENSG00000153707,ENSG00000153993,ENSG00000154133,ENSG00000154175,ENSG00000155849,ENSG00000155886,ENSG00000155897,ENSG00000155974,ENSG00000157103,ENSG00000157110,ENSG00000158022,ENSG00000158113,ENSG00000158270,ENSG00000158525,ENSG00000159674,ENSG00000160223,ENSG00000160471,ENSG00000160883,ENSG00000161681,ENSG00000162595,ENSG00000162624,ENSG00000162630,ENSG00000162670,ENSG00000162745,ENSG00000162951,ENSG00000163346,ENSG00000163394,ENSG00000163513,ENSG00000163673,ENSG00000165757,ENSG00000165923,ENSG00000165995,ENSG00000166106,ENSG00000166206,ENSG00000166292,ENSG00000166816,ENSG00000166923,ENSG00000166960,ENSG00000167608,ENSG00000167767,ENSG00000167964,ENSG00000168412,ENSG00000168418,ENSG00000168899,ENSG00000169583,ENSG00000169891,ENSG00000169903,ENSG00000170160,ENSG00000170419,ENSG00000170608,ENSG00000170891,ENSG00000171551,ENSG00000171819,ENSG00000171848,ENSG00000172236,ENSG00000173040,ENSG00000173376,ENSG00000174348,ENSG00000174740,ENSG00000174807,ENSG00000175497,ENSG00000176383,ENSG00000176769,ENSG00000176971,ENSG00000177272,ENSG00000177301,ENSG00000177511,ENSG00000177706,ENSG00000178125,ENSG00000180447,ENSG00000181444,ENSG00000181656,ENSG00000182195,ENSG00000182489,ENSG00000183778,ENSG00000184313,ENSG00000184564,ENSG00000185666,ENSG00000185681,ENSG00000185742,ENSG00000185761,ENSG00000186367,ENSG00000187398,ENSG00000187486,ENSG00000187634,ENSG00000188282,ENSG00000189409,ENSG00000196562,ENSG00000196664,ENSG00000197093,ENSG00000197253,ENSG00000197321,ENSG00000197580,ENSG00000198125,ENSG00000198797,ENSG00000203797,ENSG00000204248,ENSG00000205097,ENSG00000205436,ENSG00000213171,ENSG00000214960,ENSG00000215612,ENSG00000232810,ENSG00000237412,ENSG00000255346,ENSG00000255690,ENSG00000261115,ENSG00000266302,ENSG00000270011,ENSG00000276644"
"TF","Factor: MED8; motif: CYYNSCYYCCTSCNCC; match class: 1","TF:M13128_1","false","0.028932922452985645","1.5386076969740956","6266","788","411","14337","ENSG00000001617,ENSG00000002586,ENSG00000002746,ENSG00000003137,ENSG00000005243,ENSG00000006016,ENSG00000006071,ENSG00000006534,ENSG00000006611,ENSG00000006756,ENSG00000007171,ENSG00000011028,ENSG00000013364,ENSG00000013588,ENSG00000014914,ENSG00000018408,ENSG00000021300,ENSG00000021762,ENSG00000038427,ENSG00000048740,ENSG00000049323,ENSG00000053108,ENSG00000054598,ENSG00000056998,ENSG00000063127,ENSG00000064300,ENSG00000064666,ENSG00000066583,ENSG00000067182,ENSG00000068976,ENSG00000070540,ENSG00000070601,ENSG00000073792,ENSG00000074211,ENSG00000074527,ENSG00000075643,ENSG00000076944,ENSG00000078114,ENSG00000078579,ENSG00000080573,ENSG00000080854,ENSG00000082397,ENSG00000083454,ENSG00000087116,ENSG00000087303,ENSG00000088002,ENSG00000091129,ENSG00000091490,ENSG00000091592,ENSG00000095596,ENSG00000099256,ENSG00000099260,ENSG00000099399,ENSG00000100095,ENSG00000100196,ENSG00000100302,ENSG00000100314,ENSG00000101000,ENSG00000101282,ENSG00000101292,ENSG00000101489,ENSG00000101955,ENSG00000102048,ENSG00000102265,ENSG00000102996,ENSG00000103154,ENSG00000103316,ENSG00000103449,ENSG00000103528,ENSG00000104332,ENSG00000104518,ENSG00000104826,ENSG00000104894,ENSG00000104951,ENSG00000105251,ENSG00000105329,ENSG00000105464,ENSG00000105880,ENSG00000106538,ENSG00000106991,ENSG00000107147,ENSG00000107282,ENSG00000108771,ENSG00000108821,ENSG00000109956,ENSG00000110492,ENSG00000110719,ENSG00000111087,ENSG00000111249,ENSG00000112137,ENSG00000112164,ENSG00000112183,ENSG00000112530,ENSG00000112893,ENSG00000113739,ENSG00000113763,ENSG00000114251,ENSG00000115353,ENSG00000115461,ENSG00000115468,ENSG00000116299,ENSG00000118292,ENSG00000118503,ENSG00000119042,ENSG00000119283,ENSG00000119403,ENSG00000119655,ENSG00000119699,ENSG00000119943,ENSG00000120306,ENSG00000120594,ENSG00000120645,ENSG00000120658,ENSG00000120820,ENSG00000120885,ENSG00000121440,ENSG00000121904,ENSG00000122679,ENSG00000123892,ENSG00000124260,ENSG00000124788,ENSG00000125355,ENSG00000125730,ENSG00000125851,ENSG00000126458,ENSG00000126562,ENSG00000126778,ENSG00000127418,ENSG00000128052,ENSG00000128594,ENSG00000129159,ENSG00000129422,ENSG00000129993,ENSG00000130203,ENSG00000130433,ENSG00000130635,ENSG00000130700,ENSG00000130707,ENSG00000130962,ENSG00000131459,ENSG00000132000,ENSG00000132164,ENSG00000132386,ENSG00000133958,ENSG00000135048,ENSG00000135116,ENSG00000135253,ENSG00000135406,ENSG00000135697,ENSG00000135926,ENSG00000136546,ENSG00000136944,ENSG00000136997,ENSG00000137460,ENSG00000137491,ENSG00000137699,ENSG00000137727,ENSG00000137962,ENSG00000138083,ENSG00000138162,ENSG00000138735,ENSG00000138795,ENSG00000139117,ENSG00000139219,ENSG00000139269,ENSG00000139352,ENSG00000139438,ENSG00000139549,ENSG00000139629,ENSG00000141526,ENSG00000142173,ENSG00000142227,ENSG00000142233,ENSG00000143036,ENSG00000143320,ENSG00000143355,ENSG00000143416,ENSG00000143816,ENSG00000143839,ENSG00000143869,ENSG00000144596,ENSG00000144645,ENSG00000145012,ENSG00000145198,ENSG00000145623,ENSG00000145819,ENSG00000146233,ENSG00000147119,ENSG00000147255,ENSG00000147724,ENSG00000148053,ENSG00000148175,ENSG00000148908,ENSG00000149131,ENSG00000149212,ENSG00000149488,ENSG00000149527,ENSG00000149809,ENSG00000150457,ENSG00000150594,ENSG00000151023,ENSG00000151360,ENSG00000151615,ENSG00000152104,ENSG00000152137,ENSG00000152284,ENSG00000152377,ENSG00000152402,ENSG00000152527,ENSG00000152894,ENSG00000153291,ENSG00000154065,ENSG00000154319,ENSG00000155367,ENSG00000155849,ENSG00000155897,ENSG00000156564,ENSG00000157087,ENSG00000157103,ENSG00000157110,ENSG00000157404,ENSG00000158014,ENSG00000158156,ENSG00000158220,ENSG00000158270,ENSG00000158560,ENSG00000159674,ENSG00000159713,ENSG00000159784,ENSG00000160013,ENSG00000160111,ENSG00000160223,ENSG00000160224,ENSG00000160349,ENSG00000160471,ENSG00000161681,ENSG00000161835,ENSG00000162105,ENSG00000162344,ENSG00000162496,ENSG00000162576,ENSG00000162595,ENSG00000162614,ENSG00000162951,ENSG00000162998,ENSG00000163191,ENSG00000163273,ENSG00000163359,ENSG00000163377,ENSG00000163394,ENSG00000163430,ENSG00000163637,ENSG00000163673,ENSG00000164082,ENSG00000164176,ENSG00000164326,ENSG00000164692,ENSG00000165194,ENSG00000165643,ENSG00000165646,ENSG00000165895,ENSG00000165917,ENSG00000165959,ENSG00000165973,ENSG00000165995,ENSG00000166206,ENSG00000166349,ENSG00000166482,ENSG00000166825,ENSG00000167588,ENSG00000167608,ENSG00000167664,ENSG00000167767,ENSG00000167964,ENSG00000168071,ENSG00000168306,ENSG00000168505,ENSG00000168539,ENSG00000168679,ENSG00000168938,ENSG00000168994,ENSG00000169247,ENSG00000169302,ENSG00000169427,ENSG00000169436,ENSG00000169583,ENSG00000169871,ENSG00000169891,ENSG00000170442,ENSG00000170608,ENSG00000170775,ENSG00000171219,ENSG00000171303,ENSG00000171551,ENSG00000171812,ENSG00000172201,ENSG00000172236,ENSG00000172247,ENSG00000172638,ENSG00000172987,ENSG00000173040,ENSG00000173068,ENSG00000173376,ENSG00000173930,ENSG00000174145,ENSG00000174672,ENSG00000174807,ENSG00000175183,ENSG00000175426,ENSG00000175497,ENSG00000175505,ENSG00000176769,ENSG00000176884,ENSG00000176971,ENSG00000177045,ENSG00000177182,ENSG00000177301,ENSG00000177374,ENSG00000177469,ENSG00000177511,ENSG00000177706,ENSG00000178401,ENSG00000179242,ENSG00000179431,ENSG00000179546,ENSG00000179954,ENSG00000180447,ENSG00000181019,ENSG00000181656,ENSG00000182492,ENSG00000182636,ENSG00000182771,ENSG00000182836,ENSG00000182871,ENSG00000183654,ENSG00000183722,ENSG00000183779,ENSG00000183837,ENSG00000183853,ENSG00000184254,ENSG00000185101,ENSG00000185155,ENSG00000185345,ENSG00000185551,ENSG00000185650,ENSG00000185742,ENSG00000185761,ENSG00000185924,ENSG00000185955,ENSG00000186197,ENSG00000186417,ENSG00000186529,ENSG00000186827,ENSG00000186838,ENSG00000186897,ENSG00000187486,ENSG00000187634,ENSG00000188158,ENSG00000188620,ENSG00000188816,ENSG00000189292,ENSG00000189409,ENSG00000196092,ENSG00000196277,ENSG00000196502,ENSG00000196562,ENSG00000196932,ENSG00000197253,ENSG00000197385,ENSG00000197496,ENSG00000197712,ENSG00000197766,ENSG00000197769,ENSG00000197971,ENSG00000198113,ENSG00000198125,ENSG00000198626,ENSG00000198682,ENSG00000198719,ENSG00000198768,ENSG00000198835,ENSG00000198879,ENSG00000198915,ENSG00000198939,ENSG00000198959,ENSG00000198963,ENSG00000203772,ENSG00000203883,ENSG00000204248,ENSG00000204335,ENSG00000213171,ENSG00000214290,ENSG00000214402,ENSG00000215397,ENSG00000215612,ENSG00000219438,ENSG00000221866,ENSG00000224389,ENSG00000226887,ENSG00000230873,ENSG00000237412,ENSG00000240583,ENSG00000243364,ENSG00000244731,ENSG00000250366,ENSG00000255346,ENSG00000261115,ENSG00000266074,ENSG00000266524,ENSG00000271447,ENSG00000276644"
"TF","Factor: NF-kappaB; motif: GGGGATYCCC","TF:M00051","false","0.03517346144078011","1.4537848904075883","5019","788","340","14337","ENSG00000001617,ENSG00000002586,ENSG00000002746,ENSG00000003137,ENSG00000005243,ENSG00000006071,ENSG00000006611,ENSG00000013364,ENSG00000021300,ENSG00000021762,ENSG00000023445,ENSG00000048740,ENSG00000049323,ENSG00000054598,ENSG00000064300,ENSG00000064666,ENSG00000066583,ENSG00000067182,ENSG00000070404,ENSG00000070601,ENSG00000073756,ENSG00000073792,ENSG00000074211,ENSG00000074527,ENSG00000075275,ENSG00000075643,ENSG00000077092,ENSG00000078401,ENSG00000080709,ENSG00000080854,ENSG00000082397,ENSG00000083454,ENSG00000083857,ENSG00000086506,ENSG00000087116,ENSG00000087303,ENSG00000088002,ENSG00000090932,ENSG00000091490,ENSG00000091592,ENSG00000091704,ENSG00000091986,ENSG00000095303,ENSG00000095587,ENSG00000095596,ENSG00000100314,ENSG00000100985,ENSG00000101282,ENSG00000101292,ENSG00000101955,ENSG00000102996,ENSG00000103154,ENSG00000103449,ENSG00000103490,ENSG00000103528,ENSG00000103546,ENSG00000104332,ENSG00000104826,ENSG00000104894,ENSG00000105251,ENSG00000105329,ENSG00000105427,ENSG00000105464,ENSG00000105880,ENSG00000106538,ENSG00000107147,ENSG00000107282,ENSG00000108691,ENSG00000108771,ENSG00000108932,ENSG00000110169,ENSG00000110719,ENSG00000111199,ENSG00000111249,ENSG00000111348,ENSG00000112183,ENSG00000113763,ENSG00000114805,ENSG00000115461,ENSG00000116852,ENSG00000117318,ENSG00000117594,ENSG00000118292,ENSG00000118503,ENSG00000119042,ENSG00000119283,ENSG00000119411,ENSG00000119699,ENSG00000119943,ENSG00000120645,ENSG00000120658,ENSG00000120820,ENSG00000120885,ENSG00000121904,ENSG00000122035,ENSG00000122679,ENSG00000123146,ENSG00000123609,ENSG00000123892,ENSG00000124260,ENSG00000124466,ENSG00000124788,ENSG00000125730,ENSG00000126458,ENSG00000126562,ENSG00000127418,ENSG00000128340,ENSG00000128606,ENSG00000130303,ENSG00000130433,ENSG00000130635,ENSG00000131459,ENSG00000132170,ENSG00000132256,ENSG00000132386,ENSG00000132854,ENSG00000134013,ENSG00000134508,ENSG00000135048,ENSG00000135116,ENSG00000135253,ENSG00000135406,ENSG00000135902,ENSG00000135919,ENSG00000135926,ENSG00000136944,ENSG00000137077,ENSG00000137441,ENSG00000137460,ENSG00000137491,ENSG00000137691,ENSG00000137699,ENSG00000137727,ENSG00000138083,ENSG00000138795,ENSG00000139117,ENSG00000139219,ENSG00000139269,ENSG00000139329,ENSG00000139629,ENSG00000140527,ENSG00000141337,ENSG00000141526,ENSG00000141668,ENSG00000142173,ENSG00000142227,ENSG00000142233,ENSG00000143036,ENSG00000143416,ENSG00000143772,ENSG00000143816,ENSG00000143839,ENSG00000143869,ENSG00000143995,ENSG00000144476,ENSG00000144596,ENSG00000144645,ENSG00000144824,ENSG00000145012,ENSG00000145103,ENSG00000145198,ENSG00000145623,ENSG00000147065,ENSG00000147256,ENSG00000147724,ENSG00000148175,ENSG00000148908,ENSG00000149131,ENSG00000149212,ENSG00000149809,ENSG00000150457,ENSG00000150594,ENSG00000152284,ENSG00000152377,ENSG00000152402,ENSG00000152527,ENSG00000152894,ENSG00000153993,ENSG00000154133,ENSG00000154319,ENSG00000154928,ENSG00000155367,ENSG00000155849,ENSG00000156564,ENSG00000156687,ENSG00000157103,ENSG00000158014,ENSG00000158022,ENSG00000158113,ENSG00000159674,ENSG00000159713,ENSG00000159784,ENSG00000160111,ENSG00000160179,ENSG00000160223,ENSG00000160224,ENSG00000160349,ENSG00000160471,ENSG00000161835,ENSG00000162576,ENSG00000162614,ENSG00000162624,ENSG00000163273,ENSG00000163394,ENSG00000163430,ENSG00000163513,ENSG00000163637,ENSG00000164082,ENSG00000164176,ENSG00000165194,ENSG00000165646,ENSG00000165757,ENSG00000165895,ENSG00000165917,ENSG00000165973,ENSG00000166106,ENSG00000166206,ENSG00000166592,ENSG00000166801,ENSG00000166923,ENSG00000167608,ENSG00000167767,ENSG00000168071,ENSG00000168306,ENSG00000168412,ENSG00000168539,ENSG00000168671,ENSG00000168843,ENSG00000168899,ENSG00000168938,ENSG00000169436,ENSG00000169583,ENSG00000170160,ENSG00000170442,ENSG00000170608,ENSG00000170775,ENSG00000171303,ENSG00000171551,ENSG00000171631,ENSG00000171812,ENSG00000172236,ENSG00000172638,ENSG00000173040,ENSG00000173068,ENSG00000173567,ENSG00000173805,ENSG00000173930,ENSG00000174807,ENSG00000175183,ENSG00000175426,ENSG00000175497,ENSG00000176383,ENSG00000176884,ENSG00000176971,ENSG00000177045,ENSG00000177272,ENSG00000177706,ENSG00000178401,ENSG00000179431,ENSG00000179546,ENSG00000179954,ENSG00000180739,ENSG00000181019,ENSG00000181656,ENSG00000181744,ENSG00000182195,ENSG00000182492,ENSG00000183098,ENSG00000183654,ENSG00000183722,ENSG00000183779,ENSG00000183837,ENSG00000183853,ENSG00000184313,ENSG00000184613,ENSG00000184838,ENSG00000185155,ENSG00000185201,ENSG00000185551,ENSG00000185650,ENSG00000185742,ENSG00000185761,ENSG00000185955,ENSG00000186197,ENSG00000186529,ENSG00000186827,ENSG00000186838,ENSG00000186897,ENSG00000187634,ENSG00000188015,ENSG00000188051,ENSG00000188158,ENSG00000188282,ENSG00000188620,ENSG00000188833,ENSG00000189409,ENSG00000196154,ENSG00000196502,ENSG00000196542,ENSG00000196664,ENSG00000196932,ENSG00000197093,ENSG00000197253,ENSG00000197385,ENSG00000197712,ENSG00000197766,ENSG00000197769,ENSG00000197971,ENSG00000198125,ENSG00000198626,ENSG00000198682,ENSG00000198719,ENSG00000198768,ENSG00000198797,ENSG00000198835,ENSG00000198915,ENSG00000198963,ENSG00000203883,ENSG00000204248,ENSG00000204381,ENSG00000204592,ENSG00000205795,ENSG00000214290,ENSG00000214402,ENSG00000214960,ENSG00000215397,ENSG00000224389,ENSG00000232810,ENSG00000233608,ENSG00000237412,ENSG00000243364,ENSG00000243566,ENSG00000244731,ENSG00000250366,ENSG00000255346,ENSG00000261787,ENSG00000266302,ENSG00000268655,ENSG00000270011,ENSG00000271503"
"TF","Factor: KLF; motif: GGGNGGGG; match class: 1","TF:M07461_1","false","0.04122173638130265","1.3848737184050466","2734","788","204","14337","ENSG00000001617,ENSG00000002586,ENSG00000002746,ENSG00000003137,ENSG00000006016,ENSG00000006071,ENSG00000013364,ENSG00000013588,ENSG00000018408,ENSG00000021762,ENSG00000023445,ENSG00000038427,ENSG00000067182,ENSG00000070404,ENSG00000070540,ENSG00000071967,ENSG00000073792,ENSG00000074211,ENSG00000075275,ENSG00000075643,ENSG00000080573,ENSG00000082397,ENSG00000083454,ENSG00000085276,ENSG00000090932,ENSG00000091129,ENSG00000091409,ENSG00000091490,ENSG00000091986,ENSG00000095713,ENSG00000099953,ENSG00000100196,ENSG00000100302,ENSG00000100314,ENSG00000100626,ENSG00000100979,ENSG00000100985,ENSG00000101489,ENSG00000103154,ENSG00000103528,ENSG00000104826,ENSG00000104951,ENSG00000105427,ENSG00000105464,ENSG00000106991,ENSG00000107147,ENSG00000107282,ENSG00000108821,ENSG00000108932,ENSG00000109956,ENSG00000110195,ENSG00000110492,ENSG00000110719,ENSG00000111087,ENSG00000111199,ENSG00000113763,ENSG00000115414,ENSG00000115461,ENSG00000115738,ENSG00000116852,ENSG00000117318,ENSG00000118292,ENSG00000119042,ENSG00000119283,ENSG00000119403,ENSG00000119699,ENSG00000120332,ENSG00000120645,ENSG00000120820,ENSG00000121904,ENSG00000122679,ENSG00000123146,ENSG00000124260,ENSG00000125851,ENSG00000126562,ENSG00000127586,ENSG00000128340,ENSG00000128594,ENSG00000129993,ENSG00000130433,ENSG00000130635,ENSG00000130962,ENSG00000131459,ENSG00000132000,ENSG00000132170,ENSG00000132386,ENSG00000133958,ENSG00000134508,ENSG00000135253,ENSG00000135406,ENSG00000135902,ENSG00000136997,ENSG00000137077,ENSG00000137727,ENSG00000139269,ENSG00000139438,ENSG00000141337,ENSG00000142173,ENSG00000142227,ENSG00000142233,ENSG00000143320,ENSG00000143416,ENSG00000143869,ENSG00000144488,ENSG00000144596,ENSG00000144645,ENSG00000144824,ENSG00000145198,ENSG00000147065,ENSG00000147255,ENSG00000147256,ENSG00000149131,ENSG00000149527,ENSG00000150281,ENSG00000150594,ENSG00000150907,ENSG00000151615,ENSG00000152104,ENSG00000152377,ENSG00000152467,ENSG00000152894,ENSG00000156564,ENSG00000158014,ENSG00000158525,ENSG00000159674,ENSG00000160013,ENSG00000160111,ENSG00000160223,ENSG00000160349,ENSG00000160471,ENSG00000161681,ENSG00000162105,ENSG00000162496,ENSG00000162576,ENSG00000163377,ENSG00000163793,ENSG00000164326,ENSG00000165197,ENSG00000165643,ENSG00000165959,ENSG00000166105,ENSG00000166206,ENSG00000166482,ENSG00000166592,ENSG00000166863,ENSG00000167588,ENSG00000167641,ENSG00000167767,ENSG00000167964,ENSG00000168071,ENSG00000168505,ENSG00000169427,ENSG00000169436,ENSG00000169583,ENSG00000169871,ENSG00000170442,ENSG00000170775,ENSG00000170891,ENSG00000171303,ENSG00000171551,ENSG00000172236,ENSG00000173805,ENSG00000174348,ENSG00000174672,ENSG00000174807,ENSG00000175505,ENSG00000177301,ENSG00000177374,ENSG00000177469,ENSG00000181444,ENSG00000181744,ENSG00000183779,ENSG00000183837,ENSG00000183853,ENSG00000184313,ENSG00000185101,ENSG00000185291,ENSG00000185561,ENSG00000185650,ENSG00000185681,ENSG00000185761,ENSG00000186897,ENSG00000187098,ENSG00000187323,ENSG00000188620,ENSG00000188833,ENSG00000189409,ENSG00000196277,ENSG00000196502,ENSG00000197093,ENSG00000197253,ENSG00000197385,ENSG00000197769,ENSG00000198835,ENSG00000198879,ENSG00000204248,ENSG00000213171,ENSG00000221866,ENSG00000237412,ENSG00000243566,ENSG00000258405,ENSG00000268655,ENSG00000271447,ENSG00000276644"
"MIRNA","hsa-mir-335-5p","MIRNA:hsa-mir-335-5p","false","0.00001585754287978923","4.7997641055694285","1679","714","150","13031","ENSG00000006071,ENSG00000006611,ENSG00000018408,ENSG00000021300,ENSG00000041982,ENSG00000048540,ENSG00000049249,ENSG00000049323,ENSG00000063127,ENSG00000064300,ENSG00000068976,ENSG00000073756,ENSG00000073792,ENSG00000074527,ENSG00000075643,ENSG00000081041,ENSG00000091490,ENSG00000091592,ENSG00000095596,ENSG00000100626,ENSG00000100979,ENSG00000100985,ENSG00000101282,ENSG00000101489,ENSG00000103528,ENSG00000104332,ENSG00000104894,ENSG00000105427,ENSG00000105464,ENSG00000105880,ENSG00000106538,ENSG00000108932,ENSG00000111087,ENSG00000111199,ENSG00000114200,ENSG00000114541,ENSG00000116678,ENSG00000116981,ENSG00000117594,ENSG00000119943,ENSG00000120549,ENSG00000124466,ENSG00000124788,ENSG00000127418,ENSG00000128052,ENSG00000128594,ENSG00000128606,ENSG00000128849,ENSG00000129159,ENSG00000129422,ENSG00000130164,ENSG00000130529,ENSG00000130649,ENSG00000130700,ENSG00000131389,ENSG00000132386,ENSG00000134121,ENSG00000134532,ENSG00000136997,ENSG00000137699,ENSG00000138162,ENSG00000138735,ENSG00000139269,ENSG00000139549,ENSG00000143355,ENSG00000143416,ENSG00000143816,ENSG00000143839,ENSG00000144596,ENSG00000145103,ENSG00000145623,ENSG00000146233,ENSG00000146411,ENSG00000147256,ENSG00000147606,ENSG00000148053,ENSG00000149131,ENSG00000149212,ENSG00000149809,ENSG00000150907,ENSG00000152104,ENSG00000152402,ENSG00000152527,ENSG00000154065,ENSG00000154133,ENSG00000154654,ENSG00000155158,ENSG00000157404,ENSG00000158014,ENSG00000158022,ENSG00000158560,ENSG00000159713,ENSG00000160111,ENSG00000160349,ENSG00000161681,ENSG00000162496,ENSG00000162576,ENSG00000163346,ENSG00000163513,ENSG00000163637,ENSG00000163793,ENSG00000164509,ENSG00000164946,ENSG00000165923,ENSG00000165959,ENSG00000166592,ENSG00000167964,ENSG00000168505,ENSG00000168542,ENSG00000168679,ENSG00000168899,ENSG00000168994,ENSG00000169247,ENSG00000169427,ENSG00000169583,ENSG00000169891,ENSG00000170006,ENSG00000170608,ENSG00000170775,ENSG00000170891,ENSG00000171812,ENSG00000172201,ENSG00000173930,ENSG00000174348,ENSG00000176293,ENSG00000176383,ENSG00000176723,ENSG00000177374,ENSG00000177465,ENSG00000179546,ENSG00000181072,ENSG00000181444,ENSG00000182489,ENSG00000185664,ENSG00000186487,ENSG00000197093,ENSG00000197321,ENSG00000197496,ENSG00000197712,ENSG00000198626,ENSG00000198719,ENSG00000198768,ENSG00000198915,ENSG00000198939,ENSG00000198963,ENSG00000203883,ENSG00000214402,ENSG00000221866,ENSG00000266524,ENSG00000276644"
"HPA","Skin 2; extracellular matrix[≥Low]","HPA:0471431","false","0.0008762480029789794","3.057372958806966","53","432","15","8901","ENSG00000000971,ENSG00000011465,ENSG00000091409,ENSG00000112137,ENSG00000115414,ENSG00000125730,ENSG00000130203,ENSG00000139329,ENSG00000142173,ENSG00000149131,ENSG00000163359,ENSG00000174807,ENSG00000182871,ENSG00000196154,ENSG00000197747"
"HPA","Skin 1; extracellular matrix[≥Low]","HPA:0461431","false","0.002312175502837786","2.635979204411869","49","432","14","8901","ENSG00000000971,ENSG00000011465,ENSG00000091409,ENSG00000112137,ENSG00000115414,ENSG00000125730,ENSG00000130203,ENSG00000139329,ENSG00000142173,ENSG00000163359,ENSG00000174807,ENSG00000182871,ENSG00000196154,ENSG00000197747"
"HPA","Endometrium","HPA:0640000","false","0.005579796806120361","2.2533816160422506","77","432","17","8901","ENSG00000008394,ENSG00000011028,ENSG00000011465,ENSG00000038427,ENSG00000115414,ENSG00000130203,ENSG00000140795,ENSG00000143320,ENSG00000152661,ENSG00000156042,ENSG00000159713,ENSG00000168497,ENSG00000196549,ENSG00000198523,ENSG00000198959,ENSG00000240583,ENSG00000271503"
"HP","Autosomal dominant inheritance","HP:0000006","false","0.00002302508016406046","4.637798849089919","1578","263","147","4188","ENSG00000000971,ENSG00000006071,ENSG00000011465,ENSG00000038427,ENSG00000041982,ENSG00000048740,ENSG00000054598,ENSG00000064692,ENSG00000066468,ENSG00000067182,ENSG00000069431,ENSG00000073331,ENSG00000073792,ENSG00000075213,ENSG00000075275,ENSG00000077092,ENSG00000078401,ENSG00000080709,ENSG00000085276,ENSG00000091592,ENSG00000101292,ENSG00000103316,ENSG00000103449,ENSG00000103546,ENSG00000104213,ENSG00000105329,ENSG00000105464,ENSG00000105880,ENSG00000106991,ENSG00000107147,ENSG00000108231,ENSG00000108821,ENSG00000111199,ENSG00000111249,ENSG00000112137,ENSG00000112541,ENSG00000114251,ENSG00000115414,ENSG00000117594,ENSG00000118503,ENSG00000119042,ENSG00000119699,ENSG00000121075,ENSG00000121966,ENSG00000124788,ENSG00000125730,ENSG00000125848,ENSG00000126562,ENSG00000126778,ENSG00000127418,ENSG00000128052,ENSG00000128340,ENSG00000129159,ENSG00000130164,ENSG00000130203,ENSG00000130529,ENSG00000130635,ENSG00000130700,ENSG00000131389,ENSG00000132170,ENSG00000134532,ENSG00000135111,ENSG00000135406,ENSG00000135697,ENSG00000135902,ENSG00000136160,ENSG00000136944,ENSG00000137693,ENSG00000138083,ENSG00000138119,ENSG00000138795,ENSG00000139219,ENSG00000139287,ENSG00000140675,ENSG00000142173,ENSG00000143839,ENSG00000145012,ENSG00000145623,ENSG00000145819,ENSG00000148053,ENSG00000149131,ENSG00000150594,ENSG00000152137,ENSG00000152661,ENSG00000154133,ENSG00000154678,ENSG00000157087,ENSG00000157103,ENSG00000157404,ENSG00000158014,ENSG00000160224,ENSG00000162614,ENSG00000163359,ENSG00000163513,ENSG00000164326,ENSG00000164342,ENSG00000164509,ENSG00000164692,ENSG00000164946,ENSG00000165643,ENSG00000165970,ENSG00000165995,ENSG00000166206,ENSG00000166801,ENSG00000166862,ENSG00000168542,ENSG00000169247,ENSG00000169427,ENSG00000170099,ENSG00000170442,ENSG00000171303,ENSG00000171812,ENSG00000172572,ENSG00000173040,ENSG00000173068,ENSG00000173376,ENSG00000176884,ENSG00000177045,ENSG00000177301,ENSG00000177409,ENSG00000180875,ENSG00000181541,ENSG00000182871,ENSG00000185345,ENSG00000185551,ENSG00000185760,ENSG00000186197,ENSG00000186487,ENSG00000187098,ENSG00000187323,ENSG00000187486,ENSG00000196187,ENSG00000196549,ENSG00000198125,ENSG00000198515,ENSG00000198523,ENSG00000198626,ENSG00000198719,ENSG00000198835,ENSG00000198963,ENSG00000203883,ENSG00000204248,ENSG00000205413,ENSG00000214336,ENSG00000232810,ENSG00000233608,ENSG00000244414"
