"source","term_name","term_id","highlighted","adjusted_p_value","negative_log10_of_adjusted_p_value","term_size","query_size","intersection_size","effective_domain_size","intersections"
"GO:MF","signaling receptor activity","GO:0038023","true","1.0823373769814589e-16","15.965637343552126","630","792","98","14387","ENSG00000006016,ENSG00000006071,ENSG00000011028,ENSG00000013588,ENSG00000021645,ENSG00000049249,ENSG00000049323,ENSG00000064300,ENSG00000064989,ENSG00000066468,ENSG00000067182,ENSG00000069431,ENSG00000075275,ENSG00000077092,ENSG00000077238,ENSG00000083454,ENSG00000091592,ENSG00000101000,ENSG00000101292,ENSG00000103490,ENSG00000104213,ENSG00000105464,ENSG00000106991,ENSG00000110195,ENSG00000111199,ENSG00000112038,ENSG00000112164,ENSG00000113763,ENSG00000115353,ENSG00000116678,ENSG00000117525,ENSG00000119508,ENSG00000121966,ENSG00000122679,ENSG00000123146,ENSG00000125384,ENSG00000127418,ENSG00000128052,ENSG00000132170,ENSG00000132256,ENSG00000135902,ENSG00000136160,ENSG00000136546,ENSG00000144476,ENSG00000145451,ENSG00000145623,ENSG00000148053,ENSG00000150594,ENSG00000152894,ENSG00000153029,ENSG00000153294,ENSG00000153707,ENSG00000154133,ENSG00000154928,ENSG00000156687,ENSG00000157404,ENSG00000158270,ENSG00000160013,ENSG00000162894,ENSG00000163394,ENSG00000163513,ENSG00000164082,ENSG00000164342,ENSG00000164509,ENSG00000166206,ENSG00000166825,ENSG00000167664,ENSG00000168412,ENSG00000168539,ENSG00000169860,ENSG00000170775,ENSG00000171631,ENSG00000172572,ENSG00000173567,ENSG00000173662,ENSG00000176884,ENSG00000179546,ENSG00000180720,ENSG00000180739,ENSG00000180772,ENSG00000181072,ENSG00000181656,ENSG00000182771,ENSG00000183098,ENSG00000185291,ENSG00000185551,ENSG00000185924,ENSG00000186827,ENSG00000187323,ENSG00000196187,ENSG00000196277,ENSG00000196664,ENSG00000198121,ENSG00000198963,ENSG00000213694,ENSG00000221866,ENSG00000237988,ENSG00000243364"
"GO:MF","molecular transducer activity","GO:0060089","false","1.0823373769814589e-16","15.965637343552126","630","792","98","14387","ENSG00000006016,ENSG00000006071,ENSG00000011028,ENSG00000013588,ENSG00000021645,ENSG00000049249,ENSG00000049323,ENSG00000064300,ENSG00000064989,ENSG00000066468,ENSG00000067182,ENSG00000069431,ENSG00000075275,ENSG00000077092,ENSG00000077238,ENSG00000083454,ENSG00000091592,ENSG00000101000,ENSG00000101292,ENSG00000103490,ENSG00000104213,ENSG00000105464,ENSG00000106991,ENSG00000110195,ENSG00000111199,ENSG00000112038,ENSG00000112164,ENSG00000113763,ENSG00000115353,ENSG00000116678,ENSG00000117525,ENSG00000119508,ENSG00000121966,ENSG00000122679,ENSG00000123146,ENSG00000125384,ENSG00000127418,ENSG00000128052,ENSG00000132170,ENSG00000132256,ENSG00000135902,ENSG00000136160,ENSG00000136546,ENSG00000144476,ENSG00000145451,ENSG00000145623,ENSG00000148053,ENSG00000150594,ENSG00000152894,ENSG00000153029,ENSG00000153294,ENSG00000153707,ENSG00000154133,ENSG00000154928,ENSG00000156687,ENSG00000157404,ENSG00000158270,ENSG00000160013,ENSG00000162894,ENSG00000163394,ENSG00000163513,ENSG00000164082,ENSG00000164342,ENSG00000164509,ENSG00000166206,ENSG00000166825,ENSG00000167664,ENSG00000168412,ENSG00000168539,ENSG00000169860,ENSG00000170775,ENSG00000171631,ENSG00000172572,ENSG00000173567,ENSG00000173662,ENSG00000176884,ENSG00000179546,ENSG00000180720,ENSG00000180739,ENSG00000180772,ENSG00000181072,ENSG00000181656,ENSG00000182771,ENSG00000183098,ENSG00000185291,ENSG00000185551,ENSG00000185924,ENSG00000186827,ENSG00000187323,ENSG00000196187,ENSG00000196277,ENSG00000196664,ENSG00000198121,ENSG00000198963,ENSG00000213694,ENSG00000221866,ENSG00000237988,ENSG00000243364"
"GO:MF","transmembrane signaling receptor activity","GO:0004888","false","5.310077467908196e-15","14.274899143016528","475","792","80","14387","ENSG00000006016,ENSG00000006071,ENSG00000013588,ENSG00000021645,ENSG00000049323,ENSG00000064300,ENSG00000064989,ENSG00000066468,ENSG00000067182,ENSG00000069431,ENSG00000075275,ENSG00000077238,ENSG00000083454,ENSG00000101292,ENSG00000104213,ENSG00000105464,ENSG00000106991,ENSG00000111199,ENSG00000112038,ENSG00000112164,ENSG00000113763,ENSG00000115353,ENSG00000116678,ENSG00000117525,ENSG00000121966,ENSG00000122679,ENSG00000123146,ENSG00000125384,ENSG00000127418,ENSG00000128052,ENSG00000132170,ENSG00000135902,ENSG00000136160,ENSG00000136546,ENSG00000144476,ENSG00000145451,ENSG00000145623,ENSG00000148053,ENSG00000150594,ENSG00000152894,ENSG00000153029,ENSG00000153294,ENSG00000153707,ENSG00000154928,ENSG00000156687,ENSG00000157404,ENSG00000160013,ENSG00000162894,ENSG00000163394,ENSG00000163513,ENSG00000164082,ENSG00000164342,ENSG00000164509,ENSG00000166206,ENSG00000168412,ENSG00000168539,ENSG00000169860,ENSG00000170775,ENSG00000171631,ENSG00000173567,ENSG00000173662,ENSG00000176884,ENSG00000179546,ENSG00000180720,ENSG00000180739,ENSG00000180772,ENSG00000181072,ENSG00000181656,ENSG00000182771,ENSG00000185291,ENSG00000186827,ENSG00000187323,ENSG00000196187,ENSG00000196277,ENSG00000198121,ENSG00000198963,ENSG00000213694,ENSG00000221866,ENSG00000237988,ENSG00000243364"
"GO:MF","signaling receptor activator activity","GO:0030546","true","1.7395009243613266e-13","12.759575336134606","271","792","56","14387","ENSG00000001617,ENSG00000006016,ENSG00000019991,ENSG00000075213,ENSG00000078401,ENSG00000078579,ENSG00000081041,ENSG00000092421,ENSG00000102265,ENSG00000104826,ENSG00000105329,ENSG00000106991,ENSG00000108688,ENSG00000108691,ENSG00000108700,ENSG00000110492,ENSG00000113739,ENSG00000114251,ENSG00000115414,ENSG00000115461,ENSG00000119699,ENSG00000120659,ENSG00000120885,ENSG00000125538,ENSG00000125730,ENSG00000125848,ENSG00000130203,ENSG00000137077,ENSG00000139269,ENSG00000140285,ENSG00000143816,ENSG00000143869,ENSG00000147869,ENSG00000150281,ENSG00000153993,ENSG00000160223,ENSG00000162344,ENSG00000163273,ENSG00000163377,ENSG00000164326,ENSG00000165197,ENSG00000166923,ENSG00000169245,ENSG00000169248,ENSG00000169429,ENSG00000172247,ENSG00000175505,ENSG00000180875,ENSG00000189292,ENSG00000196154,ENSG00000198719,ENSG00000204592,ENSG00000219438,ENSG00000232810,ENSG00000266524,ENSG00000271503"
"GO:MF","receptor ligand activity","GO:0048018","false","2.3806144573463265e-13","12.623310933282541","264","792","55","14387","ENSG00000001617,ENSG00000006016,ENSG00000019991,ENSG00000075213,ENSG00000078401,ENSG00000078579,ENSG00000081041,ENSG00000092421,ENSG00000102265,ENSG00000104826,ENSG00000105329,ENSG00000108688,ENSG00000108691,ENSG00000108700,ENSG00000110492,ENSG00000113739,ENSG00000114251,ENSG00000115414,ENSG00000115461,ENSG00000119699,ENSG00000120659,ENSG00000120885,ENSG00000125538,ENSG00000125730,ENSG00000125848,ENSG00000130203,ENSG00000137077,ENSG00000139269,ENSG00000140285,ENSG00000143816,ENSG00000143869,ENSG00000147869,ENSG00000150281,ENSG00000153993,ENSG00000160223,ENSG00000162344,ENSG00000163273,ENSG00000163377,ENSG00000164326,ENSG00000165197,ENSG00000166923,ENSG00000169245,ENSG00000169248,ENSG00000169429,ENSG00000172247,ENSG00000175505,ENSG00000180875,ENSG00000189292,ENSG00000196154,ENSG00000198719,ENSG00000204592,ENSG00000219438,ENSG00000232810,ENSG00000266524,ENSG00000271503"
"GO:MF","signaling receptor regulator activity","GO:0030545","false","3.6040889073115825e-13","12.443204504186157","293","792","58","14387","ENSG00000001617,ENSG00000006016,ENSG00000019991,ENSG00000075213,ENSG00000078401,ENSG00000078579,ENSG00000081041,ENSG00000092421,ENSG00000102265,ENSG00000104826,ENSG00000105329,ENSG00000106991,ENSG00000108688,ENSG00000108691,ENSG00000108700,ENSG00000110492,ENSG00000113739,ENSG00000114251,ENSG00000115414,ENSG00000115461,ENSG00000119699,ENSG00000120659,ENSG00000120885,ENSG00000125538,ENSG00000125730,ENSG00000125848,ENSG00000130203,ENSG00000137077,ENSG00000139269,ENSG00000140285,ENSG00000143816,ENSG00000143869,ENSG00000147255,ENSG00000147869,ENSG00000150281,ENSG00000153993,ENSG00000160223,ENSG00000162344,ENSG00000163273,ENSG00000163377,ENSG00000164326,ENSG00000165197,ENSG00000166923,ENSG00000169245,ENSG00000169248,ENSG00000169429,ENSG00000172247,ENSG00000175505,ENSG00000180772,ENSG00000180875,ENSG00000189292,ENSG00000196154,ENSG00000198719,ENSG00000204592,ENSG00000219438,ENSG00000232810,ENSG00000266524,ENSG00000271503"
"GO:MF","glycosaminoglycan binding","GO:0005539","true","4.56589872659881e-11","10.340473725558677","150","792","38","14387","ENSG00000000971,ENSG00000009694,ENSG00000011465,ENSG00000012223,ENSG00000038427,ENSG00000066468,ENSG00000080573,ENSG00000091986,ENSG00000101282,ENSG00000104332,ENSG00000106991,ENSG00000108688,ENSG00000108700,ENSG00000110492,ENSG00000115414,ENSG00000123610,ENSG00000127418,ENSG00000130203,ENSG00000130635,ENSG00000135919,ENSG00000140285,ENSG00000154175,ENSG00000163430,ENSG00000163513,ENSG00000165973,ENSG00000166106,ENSG00000169245,ENSG00000169248,ENSG00000169429,ENSG00000172638,ENSG00000173376,ENSG00000180875,ENSG00000182492,ENSG00000184613,ENSG00000185924,ENSG00000188783,ENSG00000196562,ENSG00000204381"
"GO:MF","cytokine activity","GO:0005125","false","3.61239849364453e-10","9.442204347493366","100","792","30","14387","ENSG00000006016,ENSG00000078401,ENSG00000081041,ENSG00000102265,ENSG00000105329,ENSG00000108688,ENSG00000108691,ENSG00000108700,ENSG00000114251,ENSG00000119699,ENSG00000120659,ENSG00000125538,ENSG00000137077,ENSG00000139269,ENSG00000143816,ENSG00000143869,ENSG00000147869,ENSG00000150281,ENSG00000166923,ENSG00000169245,ENSG00000169248,ENSG00000169429,ENSG00000172247,ENSG00000175505,ENSG00000180875,ENSG00000189292,ENSG00000219438,ENSG00000232810,ENSG00000266524,ENSG00000271503"
"GO:MF","heparin binding","GO:0008201","false","6.072055957475832e-9","8.216664234821568","110","792","30","14387","ENSG00000000971,ENSG00000009694,ENSG00000012223,ENSG00000066468,ENSG00000080573,ENSG00000091986,ENSG00000101282,ENSG00000104332,ENSG00000108688,ENSG00000108700,ENSG00000110492,ENSG00000115414,ENSG00000127418,ENSG00000130203,ENSG00000130635,ENSG00000135919,ENSG00000140285,ENSG00000154175,ENSG00000163430,ENSG00000165973,ENSG00000166106,ENSG00000169245,ENSG00000169248,ENSG00000169429,ENSG00000172638,ENSG00000173376,ENSG00000180875,ENSG00000184613,ENSG00000185924,ENSG00000188783"
"GO:MF","extracellular matrix structural constituent","GO:0005201","true","1.3208882756629653e-8","7.879133914645156","113","792","30","14387","ENSG00000011465,ENSG00000038427,ENSG00000041982,ENSG00000049323,ENSG00000080573,ENSG00000087303,ENSG00000101955,ENSG00000108821,ENSG00000115414,ENSG00000130635,ENSG00000132000,ENSG00000132561,ENSG00000139219,ENSG00000139329,ENSG00000142173,ENSG00000152377,ENSG00000154175,ENSG00000163359,ENSG00000164176,ENSG00000164692,ENSG00000166482,ENSG00000168542,ENSG00000169436,ENSG00000171812,ENSG00000172638,ENSG00000174348,ENSG00000182492,ENSG00000182871,ENSG00000188783,ENSG00000204248"
"GO:MF","G protein-coupled receptor activity","GO:0004930","false","0.0000026465037888382507","5.577327479919315","218","792","39","14387","ENSG00000013588,ENSG00000064989,ENSG00000075275,ENSG00000101292,ENSG00000104213,ENSG00000112038,ENSG00000112164,ENSG00000115353,ENSG00000121966,ENSG00000122679,ENSG00000123146,ENSG00000125384,ENSG00000132170,ENSG00000136160,ENSG00000144476,ENSG00000150594,ENSG00000153294,ENSG00000160013,ENSG00000163394,ENSG00000164082,ENSG00000168412,ENSG00000168539,ENSG00000169860,ENSG00000170775,ENSG00000171631,ENSG00000173567,ENSG00000173662,ENSG00000179546,ENSG00000180720,ENSG00000180739,ENSG00000180772,ENSG00000181072,ENSG00000181656,ENSG00000182771,ENSG00000196277,ENSG00000198121,ENSG00000198963,ENSG00000213694,ENSG00000237988"
"GO:MF","sulfur compound binding","GO:1901681","false","0.000034163916447705204","4.466432348927682","188","792","34","14387","ENSG00000000971,ENSG00000009694,ENSG00000012223,ENSG00000066468,ENSG00000080573,ENSG00000091986,ENSG00000101282,ENSG00000104332,ENSG00000108688,ENSG00000108700,ENSG00000110492,ENSG00000115414,ENSG00000127418,ENSG00000130203,ENSG00000130635,ENSG00000135919,ENSG00000140285,ENSG00000154175,ENSG00000163430,ENSG00000165973,ENSG00000166106,ENSG00000169245,ENSG00000169248,ENSG00000169429,ENSG00000172638,ENSG00000173376,ENSG00000180875,ENSG00000182022,ENSG00000184613,ENSG00000185924,ENSG00000188783,ENSG00000196502,ENSG00000197093,ENSG00000198626"
"GO:MF","signaling receptor binding","GO:0005102","true","0.00007744225352592423","4.111022017791168","896","792","93","14387","ENSG00000001617,ENSG00000006016,ENSG00000019991,ENSG00000021645,ENSG00000041982,ENSG00000056558,ENSG00000070540,ENSG00000075213,ENSG00000078098,ENSG00000078401,ENSG00000078579,ENSG00000081041,ENSG00000090932,ENSG00000091409,ENSG00000092421,ENSG00000101282,ENSG00000101463,ENSG00000103154,ENSG00000103490,ENSG00000104332,ENSG00000104826,ENSG00000105329,ENSG00000106538,ENSG00000106991,ENSG00000108231,ENSG00000108688,ENSG00000108691,ENSG00000108700,ENSG00000112530,ENSG00000114251,ENSG00000115414,ENSG00000119699,ENSG00000120332,ENSG00000120659,ENSG00000120885,ENSG00000125538,ENSG00000125730,ENSG00000125848,ENSG00000128052,ENSG00000130203,ENSG00000130635,ENSG00000135919,ENSG00000135926,ENSG00000136160,ENSG00000137077,ENSG00000139219,ENSG00000139549,ENSG00000140285,ENSG00000143816,ENSG00000143839,ENSG00000145623,ENSG00000146006,ENSG00000147065,ENSG00000150281,ENSG00000150594,ENSG00000152104,ENSG00000153029,ENSG00000153707,ENSG00000153993,ENSG00000155926,ENSG00000160223,ENSG00000160349,ENSG00000161681,ENSG00000162105,ENSG00000162344,ENSG00000163273,ENSG00000163513,ENSG00000164176,ENSG00000164674,ENSG00000165197,ENSG00000165917,ENSG00000166862,ENSG00000166863,ENSG00000166923,ENSG00000168542,ENSG00000169245,ENSG00000169248,ENSG00000169429,ENSG00000169860,ENSG00000170891,ENSG00000173805,ENSG00000175505,ENSG00000185345,ENSG00000189292,ENSG00000196154,ENSG00000198719,ENSG00000204592,ENSG00000213694,ENSG00000219438,ENSG00000232810,ENSG00000240583,ENSG00000243364,ENSG00000271503"
"GO:MF","gated channel activity","GO:0022836","true","0.0002371893257476146","3.6249048594613154","202","792","34","14387","ENSG00000006071,ENSG00000069431,ENSG00000080709,ENSG00000083454,ENSG00000105464,ENSG00000107147,ENSG00000111199,ENSG00000112038,ENSG00000129159,ENSG00000130433,ENSG00000130529,ENSG00000135902,ENSG00000136546,ENSG00000145451,ENSG00000149488,ENSG00000152049,ENSG00000165995,ENSG00000166206,ENSG00000166862,ENSG00000168418,ENSG00000169427,ENSG00000171227,ENSG00000171303,ENSG00000176884,ENSG00000177272,ENSG00000177301,ENSG00000182771,ENSG00000185101,ENSG00000185760,ENSG00000187486,ENSG00000196187,ENSG00000198515,ENSG00000198626,ENSG00000240583"
"GO:MF","chemokine activity","GO:0008009","false","0.0008234713774086253","3.084351491636333","15","792","9","14387","ENSG00000081041,ENSG00000108688,ENSG00000108691,ENSG00000108700,ENSG00000137077,ENSG00000169245,ENSG00000169248,ENSG00000169429,ENSG00000271503"
"GO:MF","channel activity","GO:0015267","false","0.0011665771213017124","2.93308654512686","323","792","44","14387","ENSG00000006071,ENSG00000069431,ENSG00000080709,ENSG00000083454,ENSG00000103569,ENSG00000104518,ENSG00000105464,ENSG00000107147,ENSG00000111199,ENSG00000112038,ENSG00000129159,ENSG00000130433,ENSG00000130529,ENSG00000132677,ENSG00000135902,ENSG00000135926,ENSG00000136546,ENSG00000145451,ENSG00000147606,ENSG00000149488,ENSG00000152049,ENSG00000152661,ENSG00000155886,ENSG00000165995,ENSG00000166206,ENSG00000166862,ENSG00000168418,ENSG00000169427,ENSG00000169583,ENSG00000171227,ENSG00000171303,ENSG00000176884,ENSG00000177272,ENSG00000177301,ENSG00000182771,ENSG00000185101,ENSG00000185760,ENSG00000187486,ENSG00000196187,ENSG00000198515,ENSG00000198626,ENSG00000198835,ENSG00000240583,ENSG00000255346"
"GO:MF","passive transmembrane transporter activity","GO:0022803","false","0.0011665771213017124","2.93308654512686","323","792","44","14387","ENSG00000006071,ENSG00000069431,ENSG00000080709,ENSG00000083454,ENSG00000103569,ENSG00000104518,ENSG00000105464,ENSG00000107147,ENSG00000111199,ENSG00000112038,ENSG00000129159,ENSG00000130433,ENSG00000130529,ENSG00000132677,ENSG00000135902,ENSG00000135926,ENSG00000136546,ENSG00000145451,ENSG00000147606,ENSG00000149488,ENSG00000152049,ENSG00000152661,ENSG00000155886,ENSG00000165995,ENSG00000166206,ENSG00000166862,ENSG00000168418,ENSG00000169427,ENSG00000169583,ENSG00000171227,ENSG00000171303,ENSG00000176884,ENSG00000177272,ENSG00000177301,ENSG00000182771,ENSG00000185101,ENSG00000185760,ENSG00000187486,ENSG00000196187,ENSG00000198515,ENSG00000198626,ENSG00000198835,ENSG00000240583,ENSG00000255346"
"GO:MF","extracellular matrix structural constituent conferring tensile strength","GO:0030020","false","0.0019066173159435562","2.7197364670231963","31","792","12","14387","ENSG00000080573,ENSG00000108821,ENSG00000130635,ENSG00000139219,ENSG00000142173,ENSG00000163359,ENSG00000164692,ENSG00000168542,ENSG00000169436,ENSG00000171812,ENSG00000182871,ENSG00000204248"
"GO:MF","calcium ion binding","GO:0005509","true","0.005238217611761262","2.2808164635999777","497","792","57","14387","ENSG00000021826,ENSG00000038427,ENSG00000049323,ENSG00000053108,ENSG00000075275,ENSG00000083857,ENSG00000086717,ENSG00000087303,ENSG00000089169,ENSG00000090932,ENSG00000095587,ENSG00000095713,ENSG00000100314,ENSG00000103154,ENSG00000104327,ENSG00000114805,ENSG00000115468,ENSG00000123146,ENSG00000123610,ENSG00000130164,ENSG00000130529,ENSG00000130962,ENSG00000132561,ENSG00000134013,ENSG00000135048,ENSG00000138119,ENSG00000138650,ENSG00000138772,ENSG00000139549,ENSG00000140279,ENSG00000149527,ENSG00000152377,ENSG00000157087,ENSG00000158220,ENSG00000163191,ENSG00000163430,ENSG00000164176,ENSG00000165194,ENSG00000165323,ENSG00000165973,ENSG00000168843,ENSG00000169891,ENSG00000172638,ENSG00000174807,ENSG00000176884,ENSG00000177706,ENSG00000179242,ENSG00000184613,ENSG00000188015,ENSG00000196154,ENSG00000196277,ENSG00000196562,ENSG00000197747,ENSG00000198626,ENSG00000198719,ENSG00000198959,ENSG00000255346"
"GO:MF","monoatomic cation channel activity","GO:0005261","false","0.008071018928009172","2.093071634190202","232","792","34","14387","ENSG00000006071,ENSG00000069431,ENSG00000080709,ENSG00000083454,ENSG00000105464,ENSG00000107147,ENSG00000111199,ENSG00000112038,ENSG00000129159,ENSG00000130433,ENSG00000130529,ENSG00000135902,ENSG00000135926,ENSG00000136546,ENSG00000149488,ENSG00000152049,ENSG00000155886,ENSG00000165995,ENSG00000166862,ENSG00000168418,ENSG00000169427,ENSG00000171227,ENSG00000171303,ENSG00000176884,ENSG00000177272,ENSG00000177301,ENSG00000185101,ENSG00000185760,ENSG00000187486,ENSG00000196187,ENSG00000198515,ENSG00000198626,ENSG00000240583,ENSG00000255346"
"GO:MF","monoatomic ion channel activity","GO:0005216","false","0.012438462657557816","1.9052332933266873","292","792","39","14387","ENSG00000006071,ENSG00000069431,ENSG00000080709,ENSG00000083454,ENSG00000105464,ENSG00000107147,ENSG00000111199,ENSG00000112038,ENSG00000129159,ENSG00000130433,ENSG00000130529,ENSG00000135902,ENSG00000135926,ENSG00000136546,ENSG00000145451,ENSG00000147606,ENSG00000149488,ENSG00000152049,ENSG00000155886,ENSG00000165995,ENSG00000166206,ENSG00000166862,ENSG00000168418,ENSG00000169427,ENSG00000169583,ENSG00000171227,ENSG00000171303,ENSG00000176884,ENSG00000177272,ENSG00000177301,ENSG00000182771,ENSG00000185101,ENSG00000185760,ENSG00000187486,ENSG00000196187,ENSG00000198515,ENSG00000198626,ENSG00000240583,ENSG00000255346"
"GO:MF","growth factor binding","GO:0019838","true","0.012883315939510748","1.8899723428078492","106","792","21","14387","ENSG00000049323,ENSG00000053108,ENSG00000064300,ENSG00000066468,ENSG00000091409,ENSG00000106991,ENSG00000108821,ENSG00000115461,ENSG00000119699,ENSG00000127418,ENSG00000128052,ENSG00000130635,ENSG00000137441,ENSG00000139219,ENSG00000145623,ENSG00000148053,ENSG00000157404,ENSG00000163513,ENSG00000164692,ENSG00000168542,ENSG00000173805"
"GO:MF","cytokine receptor binding","GO:0005126","false","0.014071644407790889","1.851655148087652","144","792","25","14387","ENSG00000006016,ENSG00000056558,ENSG00000081041,ENSG00000103490,ENSG00000105329,ENSG00000106991,ENSG00000108688,ENSG00000108691,ENSG00000108700,ENSG00000119699,ENSG00000120659,ENSG00000125538,ENSG00000135926,ENSG00000137077,ENSG00000145623,ENSG00000150281,ENSG00000163513,ENSG00000165197,ENSG00000166923,ENSG00000169245,ENSG00000169248,ENSG00000169429,ENSG00000175505,ENSG00000232810,ENSG00000271503"
"GO:MF","voltage-gated monoatomic ion channel activity","GO:0005244","false","0.014956186659843974","1.8251791232962105","116","792","22","14387","ENSG00000006071,ENSG00000069431,ENSG00000080709,ENSG00000083454,ENSG00000105464,ENSG00000107147,ENSG00000112038,ENSG00000129159,ENSG00000130433,ENSG00000149488,ENSG00000152049,ENSG00000165995,ENSG00000166862,ENSG00000168418,ENSG00000169427,ENSG00000171227,ENSG00000171303,ENSG00000176884,ENSG00000177272,ENSG00000177301,ENSG00000185760,ENSG00000187486"
"GO:MF","voltage-gated channel activity","GO:0022832","false","0.020391565642753833","1.6905494282726186","118","792","22","14387","ENSG00000006071,ENSG00000069431,ENSG00000080709,ENSG00000083454,ENSG00000105464,ENSG00000107147,ENSG00000112038,ENSG00000129159,ENSG00000130433,ENSG00000149488,ENSG00000152049,ENSG00000165995,ENSG00000166862,ENSG00000168418,ENSG00000169427,ENSG00000171227,ENSG00000171303,ENSG00000176884,ENSG00000177272,ENSG00000177301,ENSG00000185760,ENSG00000187486"
"GO:MF","metal ion transmembrane transporter activity","GO:0046873","true","0.028263502838786574","1.548774014841205","313","792","40","14387","ENSG00000006071,ENSG00000069431,ENSG00000080709,ENSG00000103546,ENSG00000105464,ENSG00000107147,ENSG00000111199,ENSG00000112038,ENSG00000129159,ENSG00000130433,ENSG00000130529,ENSG00000131389,ENSG00000132164,ENSG00000135926,ENSG00000136546,ENSG00000140675,ENSG00000149488,ENSG00000152049,ENSG00000155886,ENSG00000157087,ENSG00000157103,ENSG00000158014,ENSG00000163293,ENSG00000165646,ENSG00000165970,ENSG00000165995,ENSG00000166862,ENSG00000168418,ENSG00000169427,ENSG00000171227,ENSG00000171303,ENSG00000176884,ENSG00000177272,ENSG00000177301,ENSG00000185101,ENSG00000185760,ENSG00000187486,ENSG00000198515,ENSG00000198626,ENSG00000240583"
"GO:BP","multicellular organismal process","GO:0032501","true","1.859244869519641e-23","22.730663408249722","5136","792","430","14387","ENSG00000001617,ENSG00000002746,ENSG00000003137,ENSG00000006016,ENSG00000006071,ENSG00000006611,ENSG00000007171,ENSG00000009694,ENSG00000010671,ENSG00000011028,ENSG00000011465,ENSG00000012223,ENSG00000014257,ENSG00000018408,ENSG00000019991,ENSG00000021645,ENSG00000021826,ENSG00000038427,ENSG00000041982,ENSG00000048740,ENSG00000049249,ENSG00000053108,ENSG00000054598,ENSG00000064300,ENSG00000064989,ENSG00000066468,ENSG00000067182,ENSG00000067798,ENSG00000068079,ENSG00000069431,ENSG00000070404,ENSG00000071967,ENSG00000073756,ENSG00000073792,ENSG00000074527,ENSG00000074771,ENSG00000074966,ENSG00000075213,ENSG00000075275,ENSG00000076944,ENSG00000077092,ENSG00000077238,ENSG00000078098,ENSG00000078114,ENSG00000078401,ENSG00000078579,ENSG00000079841,ENSG00000080709,ENSG00000080854,ENSG00000082397,ENSG00000083454,ENSG00000086717,ENSG00000087116,ENSG00000088002,ENSG00000090932,ENSG00000091129,ENSG00000091409,ENSG00000091592,ENSG00000092421,ENSG00000095303,ENSG00000095587,ENSG00000095596,ENSG00000095713,ENSG00000100095,ENSG00000100302,ENSG00000100979,ENSG00000100985,ENSG00000101000,ENSG00000101282,ENSG00000101463,ENSG00000101489,ENSG00000102265,ENSG00000102996,ENSG00000103316,ENSG00000103449,ENSG00000103490,ENSG00000103528,ENSG00000103546,ENSG00000104327,ENSG00000104332,ENSG00000104518,ENSG00000104826,ENSG00000104951,ENSG00000105329,ENSG00000105427,ENSG00000105464,ENSG00000105880,ENSG00000106538,ENSG00000106991,ENSG00000107282,ENSG00000108231,ENSG00000108691,ENSG00000108771,ENSG00000108821,ENSG00000109851,ENSG00000109956,ENSG00000110195,ENSG00000110492,ENSG00000110719,ENSG00000111087,ENSG00000111199,ENSG00000111249,ENSG00000111348,ENSG00000112038,ENSG00000112137,ENSG00000112164,ENSG00000112183,ENSG00000112893,ENSG00000113739,ENSG00000113763,ENSG00000114200,ENSG00000114251,ENSG00000115353,ENSG00000115414,ENSG00000115461,ENSG00000115468,ENSG00000115738,ENSG00000115896,ENSG00000116183,ENSG00000116678,ENSG00000117318,ENSG00000117525,ENSG00000117594,ENSG00000118292,ENSG00000118503,ENSG00000119042,ENSG00000119283,ENSG00000119403,ENSG00000119508,ENSG00000119699,ENSG00000120332,ENSG00000120549,ENSG00000120659,ENSG00000120885,ENSG00000121075,ENSG00000121904,ENSG00000121966,ENSG00000122679,ENSG00000123609,ENSG00000123610,ENSG00000124788,ENSG00000125538,ENSG00000125730,ENSG00000125848,ENSG00000125851,ENSG00000125968,ENSG00000126458,ENSG00000126562,ENSG00000126778,ENSG00000127418,ENSG00000128052,ENSG00000128340,ENSG00000128594,ENSG00000128606,ENSG00000129159,ENSG00000130164,ENSG00000130203,ENSG00000130303,ENSG00000130529,ENSG00000130635,ENSG00000130700,ENSG00000130707,ENSG00000130962,ENSG00000131389,ENSG00000131634,ENSG00000132170,ENSG00000132386,ENSG00000132561,ENSG00000134013,ENSG00000134121,ENSG00000134508,ENSG00000134532,ENSG00000135048,ENSG00000135111,ENSG00000135902,ENSG00000135919,ENSG00000135926,ENSG00000136160,ENSG00000136546,ENSG00000136944,ENSG00000136997,ENSG00000137077,ENSG00000137331,ENSG00000137463,ENSG00000137491,ENSG00000137693,ENSG00000138083,ENSG00000138119,ENSG00000138162,ENSG00000138650,ENSG00000138772,ENSG00000138795,ENSG00000139155,ENSG00000139219,ENSG00000139329,ENSG00000139352,ENSG00000139549,ENSG00000140279,ENSG00000140285,ENSG00000140675,ENSG00000140795,ENSG00000141337,ENSG00000141668,ENSG00000142233,ENSG00000143320,ENSG00000143355,ENSG00000143772,ENSG00000143816,ENSG00000143839,ENSG00000143869,ENSG00000143995,ENSG00000144476,ENSG00000144488,ENSG00000144596,ENSG00000144824,ENSG00000145103,ENSG00000145451,ENSG00000145920,ENSG00000146006,ENSG00000146233,ENSG00000146411,ENSG00000147065,ENSG00000147606,ENSG00000147869,ENSG00000148053,ENSG00000148488,ENSG00000149131,ENSG00000149488,ENSG00000150281,ENSG00000150457,ENSG00000150594,ENSG00000150907,ENSG00000151023,ENSG00000151615,ENSG00000152049,ENSG00000152104,ENSG00000152377,ENSG00000152661,ENSG00000152894,ENSG00000153029,ENSG00000153707,ENSG00000153993,ENSG00000154133,ENSG00000154175,ENSG00000154654,ENSG00000154928,ENSG00000155886,ENSG00000155897,ENSG00000155974,ENSG00000156042,ENSG00000156535,ENSG00000156687,ENSG00000157087,ENSG00000157103,ENSG00000157404,ENSG00000157613,ENSG00000158022,ENSG00000158156,ENSG00000159674,ENSG00000159713,ENSG00000160111,ENSG00000160179,ENSG00000160223,ENSG00000160224,ENSG00000160349,ENSG00000161681,ENSG00000162105,ENSG00000162344,ENSG00000162496,ENSG00000162576,ENSG00000162614,ENSG00000162624,ENSG00000162670,ENSG00000162894,ENSG00000162951,ENSG00000162998,ENSG00000163273,ENSG00000163346,ENSG00000163377,ENSG00000163394,ENSG00000163430,ENSG00000163513,ENSG00000164082,ENSG00000164326,ENSG00000164342,ENSG00000164509,ENSG00000164692,ENSG00000164946,ENSG00000165197,ENSG00000165323,ENSG00000165646,ENSG00000165757,ENSG00000165895,ENSG00000165959,ENSG00000165973,ENSG00000165995,ENSG00000166206,ENSG00000166292,ENSG00000166349,ENSG00000166825,ENSG00000166862,ENSG00000166863,ENSG00000166923,ENSG00000167664,ENSG00000167767,ENSG00000167964,ENSG00000168071,ENSG00000168412,ENSG00000168505,ENSG00000168539,ENSG00000168542,ENSG00000169245,ENSG00000169247,ENSG00000169427,ENSG00000169429,ENSG00000169583,ENSG00000169860,ENSG00000169871,ENSG00000169908,ENSG00000170442,ENSG00000170608,ENSG00000170775,ENSG00000170891,ENSG00000171303,ENSG00000171551,ENSG00000171812,ENSG00000171819,ENSG00000171848,ENSG00000172201,ENSG00000172247,ENSG00000172572,ENSG00000172638,ENSG00000173068,ENSG00000173376,ENSG00000173662,ENSG00000173805,ENSG00000174672,ENSG00000174807,ENSG00000175505,ENSG00000176884,ENSG00000177045,ENSG00000177301,ENSG00000177706,ENSG00000178764,ENSG00000179242,ENSG00000179431,ENSG00000179546,ENSG00000179954,ENSG00000180772,ENSG00000180875,ENSG00000181072,ENSG00000181541,ENSG00000181656,ENSG00000181744,ENSG00000182195,ENSG00000182492,ENSG00000182636,ENSG00000182771,ENSG00000182871,ENSG00000183779,ENSG00000183853,ENSG00000184254,ENSG00000184564,ENSG00000184613,ENSG00000185101,ENSG00000185155,ENSG00000185345,ENSG00000185551,ENSG00000185650,ENSG00000185924,ENSG00000186367,ENSG00000186417,ENSG00000186487,ENSG00000186827,ENSG00000187098,ENSG00000187323,ENSG00000187486,ENSG00000187634,ENSG00000188158,ENSG00000188162,ENSG00000188282,ENSG00000188620,ENSG00000188783,ENSG00000188816,ENSG00000189292,ENSG00000196092,ENSG00000196187,ENSG00000196277,ENSG00000196549,ENSG00000196562,ENSG00000196664,ENSG00000197496,ENSG00000197712,ENSG00000197747,ENSG00000197971,ENSG00000198121,ENSG00000198125,ENSG00000198515,ENSG00000198523,ENSG00000198576,ENSG00000198626,ENSG00000198719,ENSG00000198797,ENSG00000198959,ENSG00000198963,ENSG00000203797,ENSG00000203883,ENSG00000204248,ENSG00000204335,ENSG00000204592,ENSG00000213171,ENSG00000213694,ENSG00000214336,ENSG00000214960,ENSG00000215397,ENSG00000219438,ENSG00000221866,ENSG00000232810,ENSG00000233608,ENSG00000237412,ENSG00000240583,ENSG00000243364,ENSG00000250366,ENSG00000255346,ENSG00000255690,ENSG00000266074,ENSG00000266524,ENSG00000271503,ENSG00000274588,ENSG00000276644"
"GO:BP","system development","GO:0048731","false","3.1290689502588595e-20","19.5045848668995","3195","792","300","14387","ENSG00000001617,ENSG00000002746,ENSG00000003137,ENSG00000006016,ENSG00000006071,ENSG00000006611,ENSG00000009694,ENSG00000011465,ENSG00000012223,ENSG00000018408,ENSG00000019991,ENSG00000021645,ENSG00000021826,ENSG00000038427,ENSG00000041982,ENSG00000053108,ENSG00000054598,ENSG00000064300,ENSG00000064989,ENSG00000066468,ENSG00000067182,ENSG00000067798,ENSG00000069431,ENSG00000073756,ENSG00000073792,ENSG00000074527,ENSG00000075213,ENSG00000075275,ENSG00000077092,ENSG00000078098,ENSG00000078114,ENSG00000078401,ENSG00000078579,ENSG00000079841,ENSG00000080854,ENSG00000082397,ENSG00000083454,ENSG00000087116,ENSG00000090932,ENSG00000091129,ENSG00000091409,ENSG00000092421,ENSG00000095596,ENSG00000095713,ENSG00000100095,ENSG00000100985,ENSG00000101463,ENSG00000101489,ENSG00000102265,ENSG00000103449,ENSG00000103528,ENSG00000104327,ENSG00000104332,ENSG00000104826,ENSG00000105329,ENSG00000105464,ENSG00000105880,ENSG00000106538,ENSG00000106991,ENSG00000107282,ENSG00000108231,ENSG00000108691,ENSG00000108821,ENSG00000109851,ENSG00000110195,ENSG00000110492,ENSG00000110719,ENSG00000111087,ENSG00000111199,ENSG00000111249,ENSG00000112038,ENSG00000112137,ENSG00000112183,ENSG00000112893,ENSG00000113763,ENSG00000114200,ENSG00000114251,ENSG00000115414,ENSG00000115461,ENSG00000115468,ENSG00000115738,ENSG00000116183,ENSG00000116678,ENSG00000117318,ENSG00000117525,ENSG00000117594,ENSG00000118292,ENSG00000118503,ENSG00000119042,ENSG00000119283,ENSG00000119699,ENSG00000120332,ENSG00000120549,ENSG00000120659,ENSG00000120885,ENSG00000121075,ENSG00000121904,ENSG00000121966,ENSG00000123610,ENSG00000124788,ENSG00000125538,ENSG00000125730,ENSG00000125848,ENSG00000125851,ENSG00000125968,ENSG00000126458,ENSG00000126562,ENSG00000126778,ENSG00000127418,ENSG00000128052,ENSG00000128594,ENSG00000128606,ENSG00000129159,ENSG00000130164,ENSG00000130203,ENSG00000130635,ENSG00000130700,ENSG00000130707,ENSG00000131634,ENSG00000132170,ENSG00000132386,ENSG00000132561,ENSG00000134013,ENSG00000134121,ENSG00000134508,ENSG00000134532,ENSG00000135048,ENSG00000135111,ENSG00000135919,ENSG00000136160,ENSG00000136944,ENSG00000136997,ENSG00000137463,ENSG00000137693,ENSG00000138083,ENSG00000138162,ENSG00000138650,ENSG00000138772,ENSG00000138795,ENSG00000139219,ENSG00000139352,ENSG00000139549,ENSG00000140279,ENSG00000140285,ENSG00000140795,ENSG00000141337,ENSG00000141668,ENSG00000142233,ENSG00000143320,ENSG00000143355,ENSG00000143816,ENSG00000143839,ENSG00000143869,ENSG00000143995,ENSG00000144476,ENSG00000145920,ENSG00000146006,ENSG00000146411,ENSG00000147869,ENSG00000148053,ENSG00000150281,ENSG00000150907,ENSG00000151615,ENSG00000152104,ENSG00000152377,ENSG00000152661,ENSG00000152894,ENSG00000153707,ENSG00000153993,ENSG00000154133,ENSG00000154175,ENSG00000154654,ENSG00000154928,ENSG00000155974,ENSG00000156687,ENSG00000157087,ENSG00000157404,ENSG00000157613,ENSG00000158156,ENSG00000160111,ENSG00000160224,ENSG00000161681,ENSG00000162105,ENSG00000162344,ENSG00000162496,ENSG00000162576,ENSG00000162614,ENSG00000162624,ENSG00000162670,ENSG00000162951,ENSG00000162998,ENSG00000163273,ENSG00000163346,ENSG00000163394,ENSG00000163513,ENSG00000164342,ENSG00000164692,ENSG00000164946,ENSG00000165197,ENSG00000165323,ENSG00000165757,ENSG00000165959,ENSG00000165973,ENSG00000166206,ENSG00000166292,ENSG00000166349,ENSG00000166825,ENSG00000166923,ENSG00000167664,ENSG00000167964,ENSG00000168505,ENSG00000168539,ENSG00000168542,ENSG00000169245,ENSG00000169247,ENSG00000169429,ENSG00000169583,ENSG00000169860,ENSG00000170775,ENSG00000170891,ENSG00000171812,ENSG00000171819,ENSG00000172201,ENSG00000172638,ENSG00000173068,ENSG00000173376,ENSG00000173805,ENSG00000174672,ENSG00000174807,ENSG00000175505,ENSG00000176884,ENSG00000177045,ENSG00000177301,ENSG00000177706,ENSG00000178764,ENSG00000179242,ENSG00000179431,ENSG00000180772,ENSG00000181072,ENSG00000181541,ENSG00000181744,ENSG00000182492,ENSG00000182636,ENSG00000182871,ENSG00000184254,ENSG00000184564,ENSG00000184613,ENSG00000185155,ENSG00000185345,ENSG00000185551,ENSG00000185650,ENSG00000185924,ENSG00000186367,ENSG00000186417,ENSG00000186487,ENSG00000187098,ENSG00000187323,ENSG00000187486,ENSG00000187634,ENSG00000188158,ENSG00000188162,ENSG00000188620,ENSG00000188783,ENSG00000188816,ENSG00000189292,ENSG00000196092,ENSG00000196277,ENSG00000196549,ENSG00000196562,ENSG00000197496,ENSG00000197712,ENSG00000197747,ENSG00000197971,ENSG00000198121,ENSG00000198125,ENSG00000198523,ENSG00000198576,ENSG00000198626,ENSG00000198719,ENSG00000198797,ENSG00000198959,ENSG00000198963,ENSG00000203883,ENSG00000204248,ENSG00000204335,ENSG00000204592,ENSG00000213171,ENSG00000214336,ENSG00000214960,ENSG00000215397,ENSG00000219438,ENSG00000221866,ENSG00000232810,ENSG00000237412,ENSG00000240583,ENSG00000243364,ENSG00000250366,ENSG00000255346,ENSG00000266074,ENSG00000266524"
"GO:BP","multicellular organism development","GO:0007275","false","7.865711304654024e-18","17.104261997552076","3706","792","326","14387","ENSG00000001617,ENSG00000002746,ENSG00000003137,ENSG00000006016,ENSG00000006071,ENSG00000006611,ENSG00000009694,ENSG00000010671,ENSG00000011465,ENSG00000012223,ENSG00000018408,ENSG00000019991,ENSG00000021645,ENSG00000021826,ENSG00000038427,ENSG00000041982,ENSG00000053108,ENSG00000054598,ENSG00000064300,ENSG00000064989,ENSG00000066468,ENSG00000067182,ENSG00000067798,ENSG00000069431,ENSG00000070404,ENSG00000073756,ENSG00000073792,ENSG00000074527,ENSG00000075213,ENSG00000075275,ENSG00000077092,ENSG00000077238,ENSG00000078098,ENSG00000078114,ENSG00000078401,ENSG00000078579,ENSG00000079841,ENSG00000080854,ENSG00000082397,ENSG00000083454,ENSG00000087116,ENSG00000088002,ENSG00000090932,ENSG00000091129,ENSG00000091409,ENSG00000092421,ENSG00000095587,ENSG00000095596,ENSG00000095713,ENSG00000100095,ENSG00000100985,ENSG00000101282,ENSG00000101463,ENSG00000101489,ENSG00000102265,ENSG00000102996,ENSG00000103449,ENSG00000103528,ENSG00000104327,ENSG00000104332,ENSG00000104826,ENSG00000104951,ENSG00000105329,ENSG00000105464,ENSG00000105880,ENSG00000106538,ENSG00000106991,ENSG00000107282,ENSG00000108231,ENSG00000108691,ENSG00000108821,ENSG00000109851,ENSG00000110195,ENSG00000110492,ENSG00000110719,ENSG00000111087,ENSG00000111199,ENSG00000111249,ENSG00000111348,ENSG00000112038,ENSG00000112137,ENSG00000112183,ENSG00000112893,ENSG00000113739,ENSG00000113763,ENSG00000114200,ENSG00000114251,ENSG00000115414,ENSG00000115461,ENSG00000115468,ENSG00000115738,ENSG00000116183,ENSG00000116678,ENSG00000117318,ENSG00000117525,ENSG00000117594,ENSG00000118292,ENSG00000118503,ENSG00000119042,ENSG00000119283,ENSG00000119508,ENSG00000119699,ENSG00000120332,ENSG00000120549,ENSG00000120659,ENSG00000120885,ENSG00000121075,ENSG00000121904,ENSG00000121966,ENSG00000123610,ENSG00000124788,ENSG00000125538,ENSG00000125730,ENSG00000125848,ENSG00000125851,ENSG00000125968,ENSG00000126458,ENSG00000126562,ENSG00000126778,ENSG00000127418,ENSG00000128052,ENSG00000128594,ENSG00000128606,ENSG00000129159,ENSG00000130164,ENSG00000130203,ENSG00000130529,ENSG00000130635,ENSG00000130700,ENSG00000130707,ENSG00000131634,ENSG00000132170,ENSG00000132386,ENSG00000132561,ENSG00000134013,ENSG00000134121,ENSG00000134508,ENSG00000134532,ENSG00000135048,ENSG00000135111,ENSG00000135919,ENSG00000136160,ENSG00000136944,ENSG00000136997,ENSG00000137463,ENSG00000137693,ENSG00000138083,ENSG00000138162,ENSG00000138650,ENSG00000138772,ENSG00000138795,ENSG00000139219,ENSG00000139352,ENSG00000139549,ENSG00000140279,ENSG00000140285,ENSG00000140795,ENSG00000141337,ENSG00000141668,ENSG00000142233,ENSG00000143320,ENSG00000143355,ENSG00000143772,ENSG00000143816,ENSG00000143839,ENSG00000143869,ENSG00000143995,ENSG00000144476,ENSG00000144824,ENSG00000145920,ENSG00000146006,ENSG00000146411,ENSG00000147869,ENSG00000148053,ENSG00000148488,ENSG00000150281,ENSG00000150457,ENSG00000150907,ENSG00000151023,ENSG00000151615,ENSG00000152104,ENSG00000152377,ENSG00000152661,ENSG00000152894,ENSG00000153707,ENSG00000153993,ENSG00000154133,ENSG00000154175,ENSG00000154654,ENSG00000154928,ENSG00000155974,ENSG00000156535,ENSG00000156687,ENSG00000157087,ENSG00000157404,ENSG00000157613,ENSG00000158156,ENSG00000159713,ENSG00000160111,ENSG00000160224,ENSG00000161681,ENSG00000162105,ENSG00000162344,ENSG00000162496,ENSG00000162576,ENSG00000162614,ENSG00000162624,ENSG00000162670,ENSG00000162951,ENSG00000162998,ENSG00000163273,ENSG00000163346,ENSG00000163394,ENSG00000163513,ENSG00000164326,ENSG00000164342,ENSG00000164692,ENSG00000164946,ENSG00000165197,ENSG00000165323,ENSG00000165646,ENSG00000165757,ENSG00000165959,ENSG00000165973,ENSG00000166206,ENSG00000166292,ENSG00000166349,ENSG00000166825,ENSG00000166923,ENSG00000167664,ENSG00000167964,ENSG00000168505,ENSG00000168539,ENSG00000168542,ENSG00000169245,ENSG00000169247,ENSG00000169429,ENSG00000169583,ENSG00000169860,ENSG00000169908,ENSG00000170775,ENSG00000170891,ENSG00000171812,ENSG00000171819,ENSG00000171848,ENSG00000172201,ENSG00000172638,ENSG00000173068,ENSG00000173376,ENSG00000173805,ENSG00000174672,ENSG00000174807,ENSG00000175505,ENSG00000176884,ENSG00000177045,ENSG00000177301,ENSG00000177706,ENSG00000178764,ENSG00000179242,ENSG00000179431,ENSG00000180772,ENSG00000180875,ENSG00000181072,ENSG00000181541,ENSG00000181744,ENSG00000182492,ENSG00000182636,ENSG00000182871,ENSG00000184254,ENSG00000184564,ENSG00000184613,ENSG00000185155,ENSG00000185345,ENSG00000185551,ENSG00000185650,ENSG00000185924,ENSG00000186367,ENSG00000186417,ENSG00000186487,ENSG00000187098,ENSG00000187323,ENSG00000187486,ENSG00000187634,ENSG00000188158,ENSG00000188162,ENSG00000188620,ENSG00000188783,ENSG00000188816,ENSG00000189292,ENSG00000196092,ENSG00000196277,ENSG00000196549,ENSG00000196562,ENSG00000197496,ENSG00000197712,ENSG00000197747,ENSG00000197971,ENSG00000198121,ENSG00000198125,ENSG00000198523,ENSG00000198576,ENSG00000198626,ENSG00000198719,ENSG00000198797,ENSG00000198959,ENSG00000198963,ENSG00000203883,ENSG00000204248,ENSG00000204335,ENSG00000204592,ENSG00000213171,ENSG00000213694,ENSG00000214336,ENSG00000214960,ENSG00000215397,ENSG00000219438,ENSG00000221866,ENSG00000232810,ENSG00000237412,ENSG00000240583,ENSG00000243364,ENSG00000250366,ENSG00000255346,ENSG00000266074,ENSG00000266524,ENSG00000276644"
"GO:BP","anatomical structure morphogenesis","GO:0009653","false","1.705396851182135e-16","15.768174543226465","2106","792","215","14387","ENSG00000001617,ENSG00000002746,ENSG00000003137,ENSG00000006071,ENSG00000006611,ENSG00000011465,ENSG00000012223,ENSG00000018408,ENSG00000019991,ENSG00000021645,ENSG00000041982,ENSG00000053108,ENSG00000054598,ENSG00000064300,ENSG00000064989,ENSG00000066468,ENSG00000067182,ENSG00000069431,ENSG00000073756,ENSG00000073792,ENSG00000074527,ENSG00000075213,ENSG00000075275,ENSG00000077092,ENSG00000077238,ENSG00000078098,ENSG00000078114,ENSG00000078401,ENSG00000079841,ENSG00000082397,ENSG00000083857,ENSG00000090932,ENSG00000091129,ENSG00000091409,ENSG00000092421,ENSG00000099260,ENSG00000100985,ENSG00000102996,ENSG00000103449,ENSG00000103528,ENSG00000104327,ENSG00000104332,ENSG00000105329,ENSG00000105880,ENSG00000106991,ENSG00000108231,ENSG00000108688,ENSG00000108691,ENSG00000108821,ENSG00000110195,ENSG00000110492,ENSG00000110719,ENSG00000111087,ENSG00000111199,ENSG00000111249,ENSG00000112137,ENSG00000112893,ENSG00000113763,ENSG00000114251,ENSG00000115414,ENSG00000115461,ENSG00000115738,ENSG00000116183,ENSG00000116678,ENSG00000117318,ENSG00000117525,ENSG00000118292,ENSG00000118503,ENSG00000119042,ENSG00000119508,ENSG00000119699,ENSG00000120332,ENSG00000120659,ENSG00000120885,ENSG00000121075,ENSG00000125538,ENSG00000125730,ENSG00000125848,ENSG00000125968,ENSG00000126458,ENSG00000126562,ENSG00000126778,ENSG00000127418,ENSG00000128052,ENSG00000128340,ENSG00000130164,ENSG00000130203,ENSG00000130635,ENSG00000130700,ENSG00000132170,ENSG00000132386,ENSG00000132561,ENSG00000134013,ENSG00000134121,ENSG00000134532,ENSG00000135048,ENSG00000135111,ENSG00000135919,ENSG00000135926,ENSG00000136997,ENSG00000137331,ENSG00000137693,ENSG00000138083,ENSG00000138772,ENSG00000138795,ENSG00000139219,ENSG00000140279,ENSG00000140285,ENSG00000140795,ENSG00000142279,ENSG00000143320,ENSG00000143355,ENSG00000143816,ENSG00000143869,ENSG00000143995,ENSG00000144476,ENSG00000144824,ENSG00000146376,ENSG00000147065,ENSG00000147869,ENSG00000148053,ENSG00000150457,ENSG00000151615,ENSG00000152104,ENSG00000152661,ENSG00000153707,ENSG00000153993,ENSG00000154133,ENSG00000154928,ENSG00000155974,ENSG00000156042,ENSG00000156535,ENSG00000156687,ENSG00000157404,ENSG00000157613,ENSG00000160224,ENSG00000161681,ENSG00000162496,ENSG00000162614,ENSG00000162998,ENSG00000163273,ENSG00000163394,ENSG00000163513,ENSG00000164342,ENSG00000164692,ENSG00000164946,ENSG00000165197,ENSG00000165323,ENSG00000165757,ENSG00000166106,ENSG00000166292,ENSG00000166825,ENSG00000166923,ENSG00000167664,ENSG00000168505,ENSG00000168542,ENSG00000169245,ENSG00000169429,ENSG00000169583,ENSG00000169860,ENSG00000169908,ENSG00000170608,ENSG00000171812,ENSG00000172201,ENSG00000172638,ENSG00000173376,ENSG00000174672,ENSG00000174807,ENSG00000175183,ENSG00000176293,ENSG00000177301,ENSG00000177706,ENSG00000178764,ENSG00000179242,ENSG00000179431,ENSG00000180772,ENSG00000180875,ENSG00000181541,ENSG00000182636,ENSG00000182871,ENSG00000184254,ENSG00000184564,ENSG00000184613,ENSG00000185155,ENSG00000185345,ENSG00000185551,ENSG00000185650,ENSG00000186367,ENSG00000187323,ENSG00000187634,ENSG00000188620,ENSG00000188816,ENSG00000196092,ENSG00000197712,ENSG00000197971,ENSG00000198121,ENSG00000198523,ENSG00000198576,ENSG00000198626,ENSG00000198719,ENSG00000198959,ENSG00000198963,ENSG00000203883,ENSG00000204248,ENSG00000204335,ENSG00000213694,ENSG00000214336,ENSG00000214960,ENSG00000219438,ENSG00000221866,ENSG00000232810,ENSG00000240583,ENSG00000243364,ENSG00000250366,ENSG00000255346"
"GO:BP","anatomical structure development","GO:0048856","false","4.372027141544198e-16","15.359317150613851","4540","792","372","14387","ENSG00000001617,ENSG00000002746,ENSG00000003137,ENSG00000006016,ENSG00000006071,ENSG00000006611,ENSG00000009694,ENSG00000010671,ENSG00000011465,ENSG00000012223,ENSG00000018408,ENSG00000019991,ENSG00000021645,ENSG00000021826,ENSG00000038427,ENSG00000041982,ENSG00000049249,ENSG00000053108,ENSG00000054598,ENSG00000064300,ENSG00000064666,ENSG00000064989,ENSG00000066468,ENSG00000067182,ENSG00000067798,ENSG00000069431,ENSG00000070404,ENSG00000073756,ENSG00000073792,ENSG00000074527,ENSG00000074771,ENSG00000075213,ENSG00000075275,ENSG00000077092,ENSG00000077238,ENSG00000078098,ENSG00000078114,ENSG00000078401,ENSG00000078579,ENSG00000079841,ENSG00000080573,ENSG00000080854,ENSG00000082397,ENSG00000083454,ENSG00000083857,ENSG00000085276,ENSG00000087116,ENSG00000088002,ENSG00000090932,ENSG00000091129,ENSG00000091409,ENSG00000092421,ENSG00000095587,ENSG00000095596,ENSG00000095713,ENSG00000099260,ENSG00000100095,ENSG00000100985,ENSG00000101282,ENSG00000101463,ENSG00000101489,ENSG00000102265,ENSG00000102996,ENSG00000103449,ENSG00000103528,ENSG00000104327,ENSG00000104332,ENSG00000104826,ENSG00000104892,ENSG00000104951,ENSG00000105329,ENSG00000105427,ENSG00000105464,ENSG00000105880,ENSG00000106484,ENSG00000106538,ENSG00000106991,ENSG00000107282,ENSG00000108231,ENSG00000108688,ENSG00000108691,ENSG00000108821,ENSG00000109851,ENSG00000110195,ENSG00000110492,ENSG00000110719,ENSG00000111087,ENSG00000111199,ENSG00000111249,ENSG00000111348,ENSG00000112038,ENSG00000112137,ENSG00000112183,ENSG00000112530,ENSG00000112893,ENSG00000113739,ENSG00000113763,ENSG00000114200,ENSG00000114251,ENSG00000115414,ENSG00000115461,ENSG00000115468,ENSG00000115738,ENSG00000116183,ENSG00000116678,ENSG00000117318,ENSG00000117525,ENSG00000117594,ENSG00000118292,ENSG00000118503,ENSG00000119042,ENSG00000119283,ENSG00000119508,ENSG00000119699,ENSG00000120332,ENSG00000120549,ENSG00000120659,ENSG00000120885,ENSG00000121075,ENSG00000121904,ENSG00000121966,ENSG00000123610,ENSG00000124788,ENSG00000125538,ENSG00000125730,ENSG00000125848,ENSG00000125851,ENSG00000125968,ENSG00000126458,ENSG00000126562,ENSG00000126778,ENSG00000127418,ENSG00000128052,ENSG00000128340,ENSG00000128594,ENSG00000128606,ENSG00000129159,ENSG00000129993,ENSG00000130164,ENSG00000130203,ENSG00000130529,ENSG00000130635,ENSG00000130700,ENSG00000130707,ENSG00000131634,ENSG00000132170,ENSG00000132386,ENSG00000132561,ENSG00000134013,ENSG00000134121,ENSG00000134508,ENSG00000134532,ENSG00000135048,ENSG00000135111,ENSG00000135253,ENSG00000135902,ENSG00000135919,ENSG00000135926,ENSG00000136160,ENSG00000136944,ENSG00000136997,ENSG00000137077,ENSG00000137331,ENSG00000137463,ENSG00000137693,ENSG00000138083,ENSG00000138162,ENSG00000138650,ENSG00000138772,ENSG00000138795,ENSG00000139219,ENSG00000139352,ENSG00000139549,ENSG00000140279,ENSG00000140285,ENSG00000140795,ENSG00000141337,ENSG00000141668,ENSG00000142233,ENSG00000142279,ENSG00000143320,ENSG00000143355,ENSG00000143382,ENSG00000143772,ENSG00000143816,ENSG00000143839,ENSG00000143869,ENSG00000143995,ENSG00000144476,ENSG00000144824,ENSG00000145920,ENSG00000146006,ENSG00000146376,ENSG00000146411,ENSG00000147065,ENSG00000147869,ENSG00000148053,ENSG00000148488,ENSG00000150281,ENSG00000150457,ENSG00000150907,ENSG00000151023,ENSG00000151615,ENSG00000152104,ENSG00000152377,ENSG00000152661,ENSG00000152894,ENSG00000153029,ENSG00000153707,ENSG00000153993,ENSG00000154133,ENSG00000154175,ENSG00000154654,ENSG00000154928,ENSG00000155974,ENSG00000156042,ENSG00000156535,ENSG00000156687,ENSG00000157087,ENSG00000157404,ENSG00000157613,ENSG00000158156,ENSG00000159713,ENSG00000160111,ENSG00000160223,ENSG00000160224,ENSG00000161681,ENSG00000162105,ENSG00000162344,ENSG00000162496,ENSG00000162576,ENSG00000162595,ENSG00000162614,ENSG00000162624,ENSG00000162670,ENSG00000162951,ENSG00000162998,ENSG00000163273,ENSG00000163346,ENSG00000163359,ENSG00000163394,ENSG00000163430,ENSG00000163513,ENSG00000164326,ENSG00000164342,ENSG00000164509,ENSG00000164692,ENSG00000164946,ENSG00000165197,ENSG00000165323,ENSG00000165643,ENSG00000165646,ENSG00000165757,ENSG00000165959,ENSG00000165973,ENSG00000166106,ENSG00000166206,ENSG00000166292,ENSG00000166349,ENSG00000166825,ENSG00000166923,ENSG00000167664,ENSG00000167767,ENSG00000167964,ENSG00000168505,ENSG00000168539,ENSG00000168542,ENSG00000168899,ENSG00000169245,ENSG00000169247,ENSG00000169429,ENSG00000169583,ENSG00000169860,ENSG00000169903,ENSG00000169908,ENSG00000170442,ENSG00000170608,ENSG00000170775,ENSG00000170891,ENSG00000171303,ENSG00000171812,ENSG00000171819,ENSG00000171848,ENSG00000172201,ENSG00000172572,ENSG00000172638,ENSG00000173068,ENSG00000173376,ENSG00000173805,ENSG00000174672,ENSG00000174807,ENSG00000175183,ENSG00000175505,ENSG00000176293,ENSG00000176884,ENSG00000177045,ENSG00000177301,ENSG00000177706,ENSG00000178764,ENSG00000179242,ENSG00000179431,ENSG00000180772,ENSG00000180875,ENSG00000181072,ENSG00000181541,ENSG00000181744,ENSG00000182195,ENSG00000182492,ENSG00000182636,ENSG00000182871,ENSG00000183779,ENSG00000184254,ENSG00000184564,ENSG00000184613,ENSG00000185155,ENSG00000185345,ENSG00000185551,ENSG00000185650,ENSG00000185924,ENSG00000185955,ENSG00000186367,ENSG00000186417,ENSG00000186487,ENSG00000187098,ENSG00000187323,ENSG00000187486,ENSG00000187634,ENSG00000188158,ENSG00000188162,ENSG00000188620,ENSG00000188783,ENSG00000188816,ENSG00000189292,ENSG00000196092,ENSG00000196154,ENSG00000196277,ENSG00000196549,ENSG00000196562,ENSG00000197321,ENSG00000197496,ENSG00000197712,ENSG00000197747,ENSG00000197971,ENSG00000198121,ENSG00000198125,ENSG00000198523,ENSG00000198576,ENSG00000198626,ENSG00000198719,ENSG00000198797,ENSG00000198959,ENSG00000198963,ENSG00000203883,ENSG00000204248,ENSG00000204335,ENSG00000204592,ENSG00000213171,ENSG00000213694,ENSG00000214336,ENSG00000214960,ENSG00000215397,ENSG00000219438,ENSG00000221866,ENSG00000232810,ENSG00000237412,ENSG00000240583,ENSG00000243364,ENSG00000250366,ENSG00000255346,ENSG00000266074,ENSG00000266524,ENSG00000276644"
"GO:BP","cell-cell signaling","GO:0007267","false","5.8217651213469e-16","15.234945320120268","962","792","126","14387","ENSG00000006071,ENSG00000007171,ENSG00000010671,ENSG00000019991,ENSG00000021645,ENSG00000041982,ENSG00000064300,ENSG00000064692,ENSG00000066468,ENSG00000073756,ENSG00000076944,ENSG00000078401,ENSG00000078579,ENSG00000079841,ENSG00000083454,ENSG00000083857,ENSG00000089169,ENSG00000100302,ENSG00000101489,ENSG00000103546,ENSG00000104327,ENSG00000104332,ENSG00000104826,ENSG00000105464,ENSG00000107282,ENSG00000108231,ENSG00000108688,ENSG00000108691,ENSG00000108700,ENSG00000110719,ENSG00000111199,ENSG00000111249,ENSG00000112038,ENSG00000112164,ENSG00000114200,ENSG00000114251,ENSG00000115353,ENSG00000115896,ENSG00000120659,ENSG00000123146,ENSG00000123610,ENSG00000125538,ENSG00000126562,ENSG00000128594,ENSG00000130203,ENSG00000130529,ENSG00000131389,ENSG00000132170,ENSG00000135111,ENSG00000135902,ENSG00000135919,ENSG00000136160,ENSG00000137077,ENSG00000137441,ENSG00000138119,ENSG00000139549,ENSG00000140285,ENSG00000141668,ENSG00000143839,ENSG00000145103,ENSG00000145451,ENSG00000145920,ENSG00000146006,ENSG00000148053,ENSG00000148908,ENSG00000150281,ENSG00000150594,ENSG00000150907,ENSG00000152661,ENSG00000153707,ENSG00000154928,ENSG00000155886,ENSG00000155897,ENSG00000156564,ENSG00000157103,ENSG00000157404,ENSG00000160013,ENSG00000161681,ENSG00000162105,ENSG00000162951,ENSG00000163273,ENSG00000163394,ENSG00000164082,ENSG00000164326,ENSG00000165646,ENSG00000165917,ENSG00000165970,ENSG00000165995,ENSG00000166206,ENSG00000166862,ENSG00000166923,ENSG00000168539,ENSG00000169245,ENSG00000169248,ENSG00000169427,ENSG00000169860,ENSG00000171303,ENSG00000173805,ENSG00000174672,ENSG00000175426,ENSG00000176884,ENSG00000177301,ENSG00000179431,ENSG00000179546,ENSG00000180720,ENSG00000181019,ENSG00000181072,ENSG00000182771,ENSG00000185345,ENSG00000185666,ENSG00000187323,ENSG00000187486,ENSG00000196277,ENSG00000196549,ENSG00000197093,ENSG00000197971,ENSG00000198576,ENSG00000198626,ENSG00000198719,ENSG00000198835,ENSG00000198959,ENSG00000232810,ENSG00000240583,ENSG00000243364,ENSG00000250366,ENSG00000271503"
"GO:BP","developmental process","GO:0032502","false","1.8033266200677207e-14","13.743925606363355","4950","792","391","14387","ENSG00000001617,ENSG00000002746,ENSG00000003137,ENSG00000006016,ENSG00000006071,ENSG00000006611,ENSG00000009694,ENSG00000010671,ENSG00000011028,ENSG00000011465,ENSG00000012223,ENSG00000018408,ENSG00000019991,ENSG00000021300,ENSG00000021645,ENSG00000021826,ENSG00000023445,ENSG00000038427,ENSG00000041982,ENSG00000048540,ENSG00000049249,ENSG00000053108,ENSG00000054598,ENSG00000064300,ENSG00000064666,ENSG00000064989,ENSG00000066468,ENSG00000067182,ENSG00000067798,ENSG00000069431,ENSG00000070404,ENSG00000073756,ENSG00000073792,ENSG00000074527,ENSG00000074771,ENSG00000075213,ENSG00000075275,ENSG00000077092,ENSG00000077238,ENSG00000078098,ENSG00000078114,ENSG00000078401,ENSG00000078579,ENSG00000079841,ENSG00000080573,ENSG00000080854,ENSG00000082397,ENSG00000083454,ENSG00000083857,ENSG00000085276,ENSG00000087116,ENSG00000088002,ENSG00000090932,ENSG00000091129,ENSG00000091409,ENSG00000092421,ENSG00000095587,ENSG00000095596,ENSG00000095713,ENSG00000099260,ENSG00000099953,ENSG00000100095,ENSG00000100985,ENSG00000101282,ENSG00000101463,ENSG00000101489,ENSG00000102265,ENSG00000102996,ENSG00000103449,ENSG00000103528,ENSG00000104327,ENSG00000104332,ENSG00000104826,ENSG00000104892,ENSG00000104951,ENSG00000105329,ENSG00000105427,ENSG00000105464,ENSG00000105880,ENSG00000106484,ENSG00000106538,ENSG00000106991,ENSG00000107165,ENSG00000107282,ENSG00000108231,ENSG00000108688,ENSG00000108691,ENSG00000108821,ENSG00000109851,ENSG00000110195,ENSG00000110492,ENSG00000110719,ENSG00000111087,ENSG00000111199,ENSG00000111249,ENSG00000111348,ENSG00000112038,ENSG00000112137,ENSG00000112183,ENSG00000112530,ENSG00000112893,ENSG00000113739,ENSG00000113763,ENSG00000114200,ENSG00000114251,ENSG00000115414,ENSG00000115461,ENSG00000115468,ENSG00000115738,ENSG00000116183,ENSG00000116678,ENSG00000117318,ENSG00000117525,ENSG00000117594,ENSG00000118292,ENSG00000118503,ENSG00000119042,ENSG00000119283,ENSG00000119403,ENSG00000119508,ENSG00000119699,ENSG00000120332,ENSG00000120549,ENSG00000120659,ENSG00000120885,ENSG00000121075,ENSG00000121904,ENSG00000121966,ENSG00000123610,ENSG00000123892,ENSG00000124788,ENSG00000125538,ENSG00000125730,ENSG00000125848,ENSG00000125851,ENSG00000125968,ENSG00000126458,ENSG00000126562,ENSG00000126778,ENSG00000127418,ENSG00000128052,ENSG00000128340,ENSG00000128594,ENSG00000128606,ENSG00000129159,ENSG00000129993,ENSG00000130164,ENSG00000130203,ENSG00000130529,ENSG00000130635,ENSG00000130700,ENSG00000130707,ENSG00000131389,ENSG00000131634,ENSG00000132170,ENSG00000132386,ENSG00000132561,ENSG00000134013,ENSG00000134121,ENSG00000134508,ENSG00000134532,ENSG00000135048,ENSG00000135111,ENSG00000135253,ENSG00000135902,ENSG00000135919,ENSG00000135926,ENSG00000136160,ENSG00000136944,ENSG00000136997,ENSG00000137077,ENSG00000137331,ENSG00000137463,ENSG00000137693,ENSG00000138083,ENSG00000138100,ENSG00000138162,ENSG00000138650,ENSG00000138772,ENSG00000138795,ENSG00000139219,ENSG00000139352,ENSG00000139549,ENSG00000140279,ENSG00000140285,ENSG00000140795,ENSG00000141337,ENSG00000141668,ENSG00000142233,ENSG00000142279,ENSG00000143320,ENSG00000143355,ENSG00000143382,ENSG00000143772,ENSG00000143816,ENSG00000143839,ENSG00000143869,ENSG00000143995,ENSG00000144476,ENSG00000144824,ENSG00000145920,ENSG00000146006,ENSG00000146376,ENSG00000146411,ENSG00000147065,ENSG00000147869,ENSG00000148053,ENSG00000148488,ENSG00000150281,ENSG00000150457,ENSG00000150907,ENSG00000151023,ENSG00000151615,ENSG00000152104,ENSG00000152377,ENSG00000152661,ENSG00000152894,ENSG00000153029,ENSG00000153707,ENSG00000153993,ENSG00000154133,ENSG00000154175,ENSG00000154654,ENSG00000154928,ENSG00000155974,ENSG00000156042,ENSG00000156535,ENSG00000156687,ENSG00000157087,ENSG00000157404,ENSG00000157613,ENSG00000158156,ENSG00000159713,ENSG00000160111,ENSG00000160179,ENSG00000160223,ENSG00000160224,ENSG00000161681,ENSG00000162105,ENSG00000162344,ENSG00000162496,ENSG00000162576,ENSG00000162595,ENSG00000162614,ENSG00000162624,ENSG00000162670,ENSG00000162951,ENSG00000162998,ENSG00000163273,ENSG00000163346,ENSG00000163359,ENSG00000163394,ENSG00000163430,ENSG00000163513,ENSG00000164326,ENSG00000164342,ENSG00000164509,ENSG00000164692,ENSG00000164946,ENSG00000165197,ENSG00000165323,ENSG00000165643,ENSG00000165646,ENSG00000165757,ENSG00000165959,ENSG00000165973,ENSG00000166106,ENSG00000166206,ENSG00000166292,ENSG00000166349,ENSG00000166825,ENSG00000166923,ENSG00000167664,ENSG00000167767,ENSG00000167964,ENSG00000168505,ENSG00000168539,ENSG00000168542,ENSG00000168843,ENSG00000168899,ENSG00000169245,ENSG00000169247,ENSG00000169429,ENSG00000169583,ENSG00000169860,ENSG00000169903,ENSG00000169908,ENSG00000170419,ENSG00000170442,ENSG00000170608,ENSG00000170775,ENSG00000170891,ENSG00000171303,ENSG00000171812,ENSG00000171819,ENSG00000171848,ENSG00000172201,ENSG00000172572,ENSG00000172638,ENSG00000173068,ENSG00000173376,ENSG00000173805,ENSG00000173930,ENSG00000174672,ENSG00000174807,ENSG00000175183,ENSG00000175505,ENSG00000176293,ENSG00000176884,ENSG00000177045,ENSG00000177301,ENSG00000177706,ENSG00000178764,ENSG00000179242,ENSG00000179431,ENSG00000180447,ENSG00000180772,ENSG00000180875,ENSG00000181072,ENSG00000181541,ENSG00000181744,ENSG00000182195,ENSG00000182492,ENSG00000182636,ENSG00000182871,ENSG00000183779,ENSG00000184254,ENSG00000184564,ENSG00000184613,ENSG00000185155,ENSG00000185345,ENSG00000185551,ENSG00000185650,ENSG00000185924,ENSG00000185955,ENSG00000186197,ENSG00000186367,ENSG00000186417,ENSG00000186487,ENSG00000186897,ENSG00000187098,ENSG00000187323,ENSG00000187486,ENSG00000187634,ENSG00000188158,ENSG00000188162,ENSG00000188620,ENSG00000188783,ENSG00000188816,ENSG00000189292,ENSG00000196092,ENSG00000196154,ENSG00000196277,ENSG00000196549,ENSG00000196562,ENSG00000197321,ENSG00000197496,ENSG00000197712,ENSG00000197747,ENSG00000197971,ENSG00000198121,ENSG00000198125,ENSG00000198523,ENSG00000198576,ENSG00000198626,ENSG00000198719,ENSG00000198797,ENSG00000198959,ENSG00000198963,ENSG00000203883,ENSG00000204248,ENSG00000204335,ENSG00000204592,ENSG00000213171,ENSG00000213694,ENSG00000214336,ENSG00000214960,ENSG00000215397,ENSG00000219438,ENSG00000221866,ENSG00000232810,ENSG00000233608,ENSG00000237412,ENSG00000240583,ENSG00000243364,ENSG00000250366,ENSG00000255346,ENSG00000261787,ENSG00000266074,ENSG00000266524,ENSG00000276644"
"GO:BP","circulatory system development","GO:0072359","false","1.5239251121723783e-13","12.817036374314927","906","792","116","14387","ENSG00000006071,ENSG00000011465,ENSG00000021645,ENSG00000054598,ENSG00000064300,ENSG00000064989,ENSG00000066468,ENSG00000067182,ENSG00000069431,ENSG00000073756,ENSG00000077092,ENSG00000078098,ENSG00000078114,ENSG00000078401,ENSG00000078579,ENSG00000091129,ENSG00000092421,ENSG00000103449,ENSG00000104332,ENSG00000105329,ENSG00000106991,ENSG00000108691,ENSG00000108821,ENSG00000110195,ENSG00000110492,ENSG00000111087,ENSG00000112183,ENSG00000114251,ENSG00000115414,ENSG00000115738,ENSG00000116678,ENSG00000117318,ENSG00000117525,ENSG00000118503,ENSG00000120332,ENSG00000121075,ENSG00000121966,ENSG00000125538,ENSG00000125730,ENSG00000125848,ENSG00000125968,ENSG00000126458,ENSG00000126778,ENSG00000127418,ENSG00000128052,ENSG00000130164,ENSG00000130203,ENSG00000130635,ENSG00000130700,ENSG00000131634,ENSG00000132170,ENSG00000132386,ENSG00000134013,ENSG00000135048,ENSG00000135111,ENSG00000137693,ENSG00000138772,ENSG00000138795,ENSG00000139219,ENSG00000139352,ENSG00000140795,ENSG00000143995,ENSG00000144476,ENSG00000146411,ENSG00000147869,ENSG00000148053,ENSG00000150907,ENSG00000151615,ENSG00000152104,ENSG00000152661,ENSG00000154133,ENSG00000154175,ENSG00000154928,ENSG00000157404,ENSG00000157613,ENSG00000162344,ENSG00000162496,ENSG00000163273,ENSG00000163513,ENSG00000164342,ENSG00000164692,ENSG00000165197,ENSG00000165757,ENSG00000166292,ENSG00000166825,ENSG00000166923,ENSG00000167664,ENSG00000168505,ENSG00000168542,ENSG00000169245,ENSG00000169429,ENSG00000169583,ENSG00000171812,ENSG00000171819,ENSG00000172638,ENSG00000173376,ENSG00000181744,ENSG00000182871,ENSG00000185155,ENSG00000185551,ENSG00000185650,ENSG00000186367,ENSG00000187486,ENSG00000197496,ENSG00000197712,ENSG00000198125,ENSG00000198523,ENSG00000198626,ENSG00000198719,ENSG00000198959,ENSG00000203883,ENSG00000219438,ENSG00000221866,ENSG00000232810,ENSG00000240583,ENSG00000255346"
"GO:BP","cell communication","GO:0007154","false","4.501952533201067e-13","12.346599088339836","4679","792","370","14387","ENSG00000001617,ENSG00000002746,ENSG00000003137,ENSG00000006016,ENSG00000006071,ENSG00000007171,ENSG00000008118,ENSG00000009694,ENSG00000010671,ENSG00000011465,ENSG00000012223,ENSG00000013364,ENSG00000013588,ENSG00000014257,ENSG00000018408,ENSG00000019991,ENSG00000021300,ENSG00000021645,ENSG00000023445,ENSG00000041982,ENSG00000048540,ENSG00000049323,ENSG00000053108,ENSG00000054598,ENSG00000056558,ENSG00000064300,ENSG00000064692,ENSG00000064989,ENSG00000066468,ENSG00000067182,ENSG00000068079,ENSG00000069431,ENSG00000070404,ENSG00000070601,ENSG00000073331,ENSG00000073756,ENSG00000074527,ENSG00000074966,ENSG00000075213,ENSG00000075275,ENSG00000075651,ENSG00000076944,ENSG00000077092,ENSG00000077238,ENSG00000078401,ENSG00000078579,ENSG00000079841,ENSG00000080709,ENSG00000081041,ENSG00000083454,ENSG00000083857,ENSG00000085276,ENSG00000089169,ENSG00000090932,ENSG00000091129,ENSG00000091409,ENSG00000091592,ENSG00000092421,ENSG00000095596,ENSG00000100302,ENSG00000100985,ENSG00000101282,ENSG00000101292,ENSG00000101489,ENSG00000101955,ENSG00000102048,ENSG00000102265,ENSG00000103154,ENSG00000103449,ENSG00000103490,ENSG00000103546,ENSG00000104213,ENSG00000104327,ENSG00000104332,ENSG00000104826,ENSG00000105329,ENSG00000105464,ENSG00000105880,ENSG00000106538,ENSG00000106991,ENSG00000107282,ENSG00000108231,ENSG00000108688,ENSG00000108691,ENSG00000108700,ENSG00000108771,ENSG00000108821,ENSG00000110169,ENSG00000110195,ENSG00000110492,ENSG00000110719,ENSG00000111087,ENSG00000111199,ENSG00000111249,ENSG00000111348,ENSG00000112038,ENSG00000112164,ENSG00000112541,ENSG00000113739,ENSG00000113763,ENSG00000114200,ENSG00000114251,ENSG00000114805,ENSG00000115252,ENSG00000115353,ENSG00000115414,ENSG00000115461,ENSG00000115896,ENSG00000116183,ENSG00000116678,ENSG00000117525,ENSG00000118292,ENSG00000118503,ENSG00000119283,ENSG00000119508,ENSG00000119699,ENSG00000120332,ENSG00000120645,ENSG00000120659,ENSG00000120885,ENSG00000121966,ENSG00000122679,ENSG00000123146,ENSG00000123609,ENSG00000123610,ENSG00000123892,ENSG00000125384,ENSG00000125538,ENSG00000125730,ENSG00000125848,ENSG00000125968,ENSG00000126458,ENSG00000126562,ENSG00000126778,ENSG00000127418,ENSG00000128052,ENSG00000128340,ENSG00000128594,ENSG00000128849,ENSG00000130203,ENSG00000130303,ENSG00000130529,ENSG00000130700,ENSG00000130768,ENSG00000131389,ENSG00000131634,ENSG00000132170,ENSG00000132256,ENSG00000134121,ENSG00000135111,ENSG00000135116,ENSG00000135253,ENSG00000135902,ENSG00000135919,ENSG00000135926,ENSG00000136160,ENSG00000136546,ENSG00000136997,ENSG00000137077,ENSG00000137331,ENSG00000137441,ENSG00000137693,ENSG00000137727,ENSG00000137962,ENSG00000138100,ENSG00000138119,ENSG00000138735,ENSG00000138795,ENSG00000139219,ENSG00000139269,ENSG00000139352,ENSG00000139549,ENSG00000140279,ENSG00000140285,ENSG00000140795,ENSG00000141668,ENSG00000142089,ENSG00000142173,ENSG00000142279,ENSG00000143320,ENSG00000143772,ENSG00000143816,ENSG00000143839,ENSG00000143869,ENSG00000144476,ENSG00000144596,ENSG00000145103,ENSG00000145451,ENSG00000145623,ENSG00000145819,ENSG00000145920,ENSG00000146006,ENSG00000146376,ENSG00000147255,ENSG00000147256,ENSG00000147869,ENSG00000148053,ENSG00000148908,ENSG00000149212,ENSG00000149527,ENSG00000150281,ENSG00000150457,ENSG00000150594,ENSG00000150907,ENSG00000151615,ENSG00000152284,ENSG00000152402,ENSG00000152661,ENSG00000152894,ENSG00000153294,ENSG00000153707,ENSG00000153993,ENSG00000154678,ENSG00000154928,ENSG00000155367,ENSG00000155849,ENSG00000155886,ENSG00000155897,ENSG00000155926,ENSG00000155974,ENSG00000156535,ENSG00000156564,ENSG00000156687,ENSG00000157103,ENSG00000157110,ENSG00000157404,ENSG00000157613,ENSG00000158022,ENSG00000158270,ENSG00000160013,ENSG00000160223,ENSG00000161681,ENSG00000161835,ENSG00000162105,ENSG00000162344,ENSG00000162496,ENSG00000162595,ENSG00000162745,ENSG00000162894,ENSG00000162951,ENSG00000162998,ENSG00000163191,ENSG00000163219,ENSG00000163273,ENSG00000163346,ENSG00000163377,ENSG00000163394,ENSG00000163430,ENSG00000163513,ENSG00000163637,ENSG00000163673,ENSG00000164082,ENSG00000164326,ENSG00000164342,ENSG00000164509,ENSG00000164692,ENSG00000164946,ENSG00000165140,ENSG00000165197,ENSG00000165646,ENSG00000165757,ENSG00000165895,ENSG00000165917,ENSG00000165970,ENSG00000165995,ENSG00000166206,ENSG00000166292,ENSG00000166592,ENSG00000166862,ENSG00000166863,ENSG00000166923,ENSG00000168412,ENSG00000168539,ENSG00000168542,ENSG00000168843,ENSG00000169245,ENSG00000169247,ENSG00000169248,ENSG00000169302,ENSG00000169427,ENSG00000169429,ENSG00000169583,ENSG00000169860,ENSG00000169871,ENSG00000169891,ENSG00000170775,ENSG00000170891,ENSG00000171303,ENSG00000171551,ENSG00000171631,ENSG00000172247,ENSG00000172572,ENSG00000172985,ENSG00000173040,ENSG00000173376,ENSG00000173567,ENSG00000173662,ENSG00000173805,ENSG00000174672,ENSG00000175426,ENSG00000175505,ENSG00000176884,ENSG00000177301,ENSG00000177374,ENSG00000177706,ENSG00000179399,ENSG00000179431,ENSG00000179546,ENSG00000180447,ENSG00000180720,ENSG00000180739,ENSG00000180772,ENSG00000180875,ENSG00000181019,ENSG00000181072,ENSG00000181656,ENSG00000181744,ENSG00000182636,ENSG00000182771,ENSG00000182836,ENSG00000183098,ENSG00000183779,ENSG00000185201,ENSG00000185291,ENSG00000185345,ENSG00000185551,ENSG00000185650,ENSG00000185666,ENSG00000186197,ENSG00000186417,ENSG00000186827,ENSG00000186897,ENSG00000187098,ENSG00000187323,ENSG00000187486,ENSG00000189292,ENSG00000196154,ENSG00000196277,ENSG00000196549,ENSG00000196562,ENSG00000196664,ENSG00000197093,ENSG00000197496,ENSG00000197712,ENSG00000197971,ENSG00000198121,ENSG00000198523,ENSG00000198576,ENSG00000198626,ENSG00000198719,ENSG00000198768,ENSG00000198835,ENSG00000198915,ENSG00000198959,ENSG00000198963,ENSG00000203797,ENSG00000204592,ENSG00000213694,ENSG00000215397,ENSG00000219438,ENSG00000221866,ENSG00000232810,ENSG00000237988,ENSG00000240583,ENSG00000243364,ENSG00000250366,ENSG00000255690,ENSG00000266524,ENSG00000271503,ENSG00000274588"
"GO:BP","regulation of cell population proliferation","GO:0042127","true","5.646811874586199e-13","12.248196680687075","1208","792","139","14387","ENSG00000006016,ENSG00000006071,ENSG00000007171,ENSG00000009694,ENSG00000010671,ENSG00000012223,ENSG00000018408,ENSG00000041982,ENSG00000049249,ENSG00000064300,ENSG00000064666,ENSG00000064989,ENSG00000066468,ENSG00000068079,ENSG00000073756,ENSG00000077092,ENSG00000078098,ENSG00000078401,ENSG00000078579,ENSG00000088002,ENSG00000090530,ENSG00000095303,ENSG00000100985,ENSG00000101955,ENSG00000102265,ENSG00000103490,ENSG00000104332,ENSG00000104951,ENSG00000105329,ENSG00000105880,ENSG00000106991,ENSG00000108691,ENSG00000108700,ENSG00000110492,ENSG00000110719,ENSG00000111087,ENSG00000112038,ENSG00000114200,ENSG00000114251,ENSG00000115353,ENSG00000115414,ENSG00000115461,ENSG00000115738,ENSG00000116678,ENSG00000117525,ENSG00000118503,ENSG00000119508,ENSG00000119699,ENSG00000120332,ENSG00000120885,ENSG00000123609,ENSG00000125384,ENSG00000125538,ENSG00000126778,ENSG00000127418,ENSG00000128052,ENSG00000128340,ENSG00000129993,ENSG00000130203,ENSG00000130303,ENSG00000130529,ENSG00000132170,ENSG00000132386,ENSG00000135111,ENSG00000135919,ENSG00000136160,ENSG00000136997,ENSG00000137693,ENSG00000138083,ENSG00000138795,ENSG00000139352,ENSG00000140285,ENSG00000143816,ENSG00000143995,ENSG00000144476,ENSG00000145623,ENSG00000147869,ENSG00000148053,ENSG00000150281,ENSG00000150594,ENSG00000150907,ENSG00000152104,ENSG00000152661,ENSG00000152894,ENSG00000154175,ENSG00000154928,ENSG00000156535,ENSG00000157404,ENSG00000160013,ENSG00000160223,ENSG00000162105,ENSG00000162344,ENSG00000162998,ENSG00000163191,ENSG00000163273,ENSG00000163346,ENSG00000163513,ENSG00000164509,ENSG00000165197,ENSG00000165757,ENSG00000165959,ENSG00000165973,ENSG00000166923,ENSG00000167664,ENSG00000168071,ENSG00000168539,ENSG00000169245,ENSG00000169248,ENSG00000169429,ENSG00000170419,ENSG00000171631,ENSG00000172201,ENSG00000172638,ENSG00000172987,ENSG00000174348,ENSG00000174807,ENSG00000175505,ENSG00000177045,ENSG00000181541,ENSG00000182195,ENSG00000182871,ENSG00000183779,ENSG00000185291,ENSG00000185551,ENSG00000185650,ENSG00000186827,ENSG00000186897,ENSG00000187098,ENSG00000188816,ENSG00000196562,ENSG00000198719,ENSG00000203883,ENSG00000204592,ENSG00000213694,ENSG00000219438,ENSG00000232810,ENSG00000240583,ENSG00000271503,ENSG00000276644"
"GO:BP","cell migration","GO:0016477","false","6.680959356577038e-13","12.17516117025618","1172","792","136","14387","ENSG00000001617,ENSG00000002586,ENSG00000006071,ENSG00000011465,ENSG00000019991,ENSG00000038427,ENSG00000041982,ENSG00000054598,ENSG00000064300,ENSG00000064666,ENSG00000067798,ENSG00000073756,ENSG00000074527,ENSG00000075213,ENSG00000075275,ENSG00000078098,ENSG00000078401,ENSG00000078579,ENSG00000081041,ENSG00000083857,ENSG00000091129,ENSG00000091409,ENSG00000092421,ENSG00000100985,ENSG00000102265,ENSG00000103490,ENSG00000104332,ENSG00000105329,ENSG00000106538,ENSG00000106991,ENSG00000108688,ENSG00000108691,ENSG00000108700,ENSG00000108821,ENSG00000110195,ENSG00000110492,ENSG00000111087,ENSG00000111199,ENSG00000111348,ENSG00000112137,ENSG00000114251,ENSG00000115353,ENSG00000115414,ENSG00000115461,ENSG00000117525,ENSG00000118503,ENSG00000119042,ENSG00000119508,ENSG00000120332,ENSG00000120659,ENSG00000121966,ENSG00000123610,ENSG00000125538,ENSG00000125848,ENSG00000125968,ENSG00000126458,ENSG00000126778,ENSG00000128052,ENSG00000128340,ENSG00000129422,ENSG00000130203,ENSG00000130303,ENSG00000130529,ENSG00000130635,ENSG00000132170,ENSG00000132386,ENSG00000132561,ENSG00000134013,ENSG00000134121,ENSG00000135919,ENSG00000136160,ENSG00000137077,ENSG00000138083,ENSG00000138772,ENSG00000138795,ENSG00000139352,ENSG00000140285,ENSG00000144476,ENSG00000144824,ENSG00000147065,ENSG00000147869,ENSG00000148053,ENSG00000150594,ENSG00000152377,ENSG00000152661,ENSG00000152894,ENSG00000153993,ENSG00000154133,ENSG00000154928,ENSG00000156687,ENSG00000157404,ENSG00000160224,ENSG00000162344,ENSG00000162614,ENSG00000163191,ENSG00000163346,ENSG00000163377,ENSG00000163394,ENSG00000163430,ENSG00000163513,ENSG00000165197,ENSG00000165323,ENSG00000165757,ENSG00000166923,ENSG00000168505,ENSG00000168542,ENSG00000169245,ENSG00000169248,ENSG00000169429,ENSG00000169860,ENSG00000173376,ENSG00000174348,ENSG00000174807,ENSG00000179242,ENSG00000179399,ENSG00000180772,ENSG00000182636,ENSG00000183098,ENSG00000183779,ENSG00000185155,ENSG00000185551,ENSG00000187098,ENSG00000187323,ENSG00000197712,ENSG00000198121,ENSG00000198576,ENSG00000198915,ENSG00000203883,ENSG00000215397,ENSG00000221866,ENSG00000232810,ENSG00000233608,ENSG00000240583,ENSG00000271447,ENSG00000271503,ENSG00000276644"
"GO:BP","signaling","GO:0023052","false","1.5369932053128946e-12","11.813328052410235","4661","792","367","14387","ENSG00000001617,ENSG00000002746,ENSG00000003137,ENSG00000006016,ENSG00000006071,ENSG00000007171,ENSG00000008118,ENSG00000009694,ENSG00000010671,ENSG00000011465,ENSG00000012223,ENSG00000013364,ENSG00000013588,ENSG00000014257,ENSG00000018408,ENSG00000019991,ENSG00000021300,ENSG00000021645,ENSG00000023445,ENSG00000041982,ENSG00000048540,ENSG00000049323,ENSG00000053108,ENSG00000054598,ENSG00000056558,ENSG00000064300,ENSG00000064692,ENSG00000064989,ENSG00000066468,ENSG00000067182,ENSG00000068079,ENSG00000069431,ENSG00000070404,ENSG00000070601,ENSG00000073331,ENSG00000073756,ENSG00000074527,ENSG00000074966,ENSG00000075213,ENSG00000075275,ENSG00000075651,ENSG00000076944,ENSG00000077092,ENSG00000077238,ENSG00000078401,ENSG00000078579,ENSG00000079841,ENSG00000081041,ENSG00000083454,ENSG00000083857,ENSG00000085276,ENSG00000089169,ENSG00000090932,ENSG00000091409,ENSG00000091592,ENSG00000092421,ENSG00000095596,ENSG00000100302,ENSG00000100985,ENSG00000101282,ENSG00000101292,ENSG00000101489,ENSG00000101955,ENSG00000102048,ENSG00000102265,ENSG00000103154,ENSG00000103449,ENSG00000103490,ENSG00000103546,ENSG00000104213,ENSG00000104327,ENSG00000104332,ENSG00000104826,ENSG00000105329,ENSG00000105464,ENSG00000105880,ENSG00000106538,ENSG00000106991,ENSG00000107282,ENSG00000108231,ENSG00000108688,ENSG00000108691,ENSG00000108700,ENSG00000108771,ENSG00000108821,ENSG00000110169,ENSG00000110195,ENSG00000110492,ENSG00000110719,ENSG00000111087,ENSG00000111199,ENSG00000111249,ENSG00000111348,ENSG00000112038,ENSG00000112164,ENSG00000112541,ENSG00000113739,ENSG00000113763,ENSG00000114200,ENSG00000114251,ENSG00000114805,ENSG00000115252,ENSG00000115353,ENSG00000115414,ENSG00000115461,ENSG00000115896,ENSG00000116183,ENSG00000116678,ENSG00000117525,ENSG00000118292,ENSG00000118503,ENSG00000119283,ENSG00000119508,ENSG00000119699,ENSG00000120332,ENSG00000120645,ENSG00000120659,ENSG00000120885,ENSG00000121966,ENSG00000122679,ENSG00000123146,ENSG00000123609,ENSG00000123610,ENSG00000123892,ENSG00000125384,ENSG00000125538,ENSG00000125730,ENSG00000125848,ENSG00000125968,ENSG00000126458,ENSG00000126562,ENSG00000126778,ENSG00000127418,ENSG00000128052,ENSG00000128340,ENSG00000128594,ENSG00000128849,ENSG00000130164,ENSG00000130203,ENSG00000130303,ENSG00000130529,ENSG00000130700,ENSG00000130768,ENSG00000131389,ENSG00000131634,ENSG00000132170,ENSG00000132256,ENSG00000134121,ENSG00000135111,ENSG00000135116,ENSG00000135253,ENSG00000135902,ENSG00000135919,ENSG00000135926,ENSG00000136160,ENSG00000136546,ENSG00000136997,ENSG00000137077,ENSG00000137331,ENSG00000137441,ENSG00000137693,ENSG00000137727,ENSG00000137962,ENSG00000138100,ENSG00000138119,ENSG00000138735,ENSG00000138795,ENSG00000139219,ENSG00000139269,ENSG00000139352,ENSG00000139549,ENSG00000140279,ENSG00000140285,ENSG00000140795,ENSG00000141668,ENSG00000142089,ENSG00000142173,ENSG00000142279,ENSG00000143320,ENSG00000143772,ENSG00000143816,ENSG00000143839,ENSG00000143869,ENSG00000144476,ENSG00000144596,ENSG00000145103,ENSG00000145451,ENSG00000145623,ENSG00000145819,ENSG00000145920,ENSG00000146006,ENSG00000146376,ENSG00000147255,ENSG00000147256,ENSG00000147869,ENSG00000148053,ENSG00000148908,ENSG00000149212,ENSG00000149527,ENSG00000150281,ENSG00000150457,ENSG00000150594,ENSG00000150907,ENSG00000151615,ENSG00000152284,ENSG00000152402,ENSG00000152661,ENSG00000152894,ENSG00000153294,ENSG00000153707,ENSG00000153993,ENSG00000154678,ENSG00000154928,ENSG00000155367,ENSG00000155849,ENSG00000155886,ENSG00000155897,ENSG00000155926,ENSG00000155974,ENSG00000156535,ENSG00000156564,ENSG00000156687,ENSG00000157103,ENSG00000157110,ENSG00000157404,ENSG00000157613,ENSG00000158022,ENSG00000158270,ENSG00000160013,ENSG00000160223,ENSG00000161681,ENSG00000161835,ENSG00000162105,ENSG00000162344,ENSG00000162496,ENSG00000162595,ENSG00000162745,ENSG00000162894,ENSG00000162951,ENSG00000162998,ENSG00000163191,ENSG00000163219,ENSG00000163273,ENSG00000163346,ENSG00000163377,ENSG00000163394,ENSG00000163430,ENSG00000163513,ENSG00000163637,ENSG00000163673,ENSG00000164082,ENSG00000164326,ENSG00000164342,ENSG00000164509,ENSG00000164692,ENSG00000165140,ENSG00000165197,ENSG00000165646,ENSG00000165757,ENSG00000165895,ENSG00000165917,ENSG00000165970,ENSG00000165995,ENSG00000166206,ENSG00000166292,ENSG00000166592,ENSG00000166862,ENSG00000166863,ENSG00000166923,ENSG00000168412,ENSG00000168539,ENSG00000168542,ENSG00000168843,ENSG00000169245,ENSG00000169247,ENSG00000169248,ENSG00000169302,ENSG00000169427,ENSG00000169429,ENSG00000169583,ENSG00000169860,ENSG00000169871,ENSG00000169891,ENSG00000170775,ENSG00000170891,ENSG00000171303,ENSG00000171551,ENSG00000171631,ENSG00000172247,ENSG00000172572,ENSG00000172985,ENSG00000173040,ENSG00000173376,ENSG00000173567,ENSG00000173662,ENSG00000173805,ENSG00000174672,ENSG00000175426,ENSG00000175505,ENSG00000176884,ENSG00000177301,ENSG00000177374,ENSG00000177706,ENSG00000179399,ENSG00000179431,ENSG00000179546,ENSG00000180447,ENSG00000180720,ENSG00000180739,ENSG00000180772,ENSG00000180875,ENSG00000181019,ENSG00000181072,ENSG00000181656,ENSG00000181744,ENSG00000182636,ENSG00000182771,ENSG00000182836,ENSG00000183098,ENSG00000183779,ENSG00000185201,ENSG00000185291,ENSG00000185345,ENSG00000185551,ENSG00000185650,ENSG00000185666,ENSG00000186197,ENSG00000186417,ENSG00000186827,ENSG00000186897,ENSG00000187098,ENSG00000187323,ENSG00000187486,ENSG00000189292,ENSG00000196154,ENSG00000196277,ENSG00000196549,ENSG00000196562,ENSG00000196664,ENSG00000197093,ENSG00000197496,ENSG00000197712,ENSG00000197971,ENSG00000198121,ENSG00000198523,ENSG00000198576,ENSG00000198626,ENSG00000198719,ENSG00000198768,ENSG00000198835,ENSG00000198915,ENSG00000198959,ENSG00000198963,ENSG00000204592,ENSG00000213694,ENSG00000215397,ENSG00000219438,ENSG00000221866,ENSG00000232810,ENSG00000237988,ENSG00000240583,ENSG00000243364,ENSG00000250366,ENSG00000255690,ENSG00000266524,ENSG00000271503,ENSG00000274588"
"GO:BP","tube development","GO:0035295","false","1.9630292420006234e-12","11.707073230942571","852","792","109","14387","ENSG00000006016,ENSG00000006071,ENSG00000011465,ENSG00000018408,ENSG00000021645,ENSG00000021826,ENSG00000041982,ENSG00000054598,ENSG00000064300,ENSG00000064989,ENSG00000066468,ENSG00000073756,ENSG00000075275,ENSG00000077092,ENSG00000078098,ENSG00000078401,ENSG00000087116,ENSG00000091129,ENSG00000092421,ENSG00000103449,ENSG00000104327,ENSG00000104332,ENSG00000105329,ENSG00000106538,ENSG00000106991,ENSG00000108691,ENSG00000110195,ENSG00000110492,ENSG00000111087,ENSG00000112893,ENSG00000114251,ENSG00000115414,ENSG00000115461,ENSG00000115738,ENSG00000116678,ENSG00000117525,ENSG00000117594,ENSG00000118292,ENSG00000118503,ENSG00000119699,ENSG00000120332,ENSG00000121075,ENSG00000125538,ENSG00000125730,ENSG00000125968,ENSG00000126458,ENSG00000126562,ENSG00000126778,ENSG00000128052,ENSG00000130164,ENSG00000130203,ENSG00000130700,ENSG00000130707,ENSG00000132170,ENSG00000132386,ENSG00000134013,ENSG00000135048,ENSG00000135111,ENSG00000135919,ENSG00000136160,ENSG00000136997,ENSG00000137693,ENSG00000138772,ENSG00000138795,ENSG00000139219,ENSG00000139352,ENSG00000140285,ENSG00000143869,ENSG00000143995,ENSG00000144476,ENSG00000147869,ENSG00000148053,ENSG00000154133,ENSG00000154928,ENSG00000157404,ENSG00000157613,ENSG00000163273,ENSG00000163513,ENSG00000164342,ENSG00000165197,ENSG00000165757,ENSG00000166292,ENSG00000166825,ENSG00000166923,ENSG00000167664,ENSG00000168505,ENSG00000168542,ENSG00000169245,ENSG00000169429,ENSG00000169583,ENSG00000171812,ENSG00000172638,ENSG00000173376,ENSG00000180772,ENSG00000182871,ENSG00000185155,ENSG00000185551,ENSG00000185650,ENSG00000186367,ENSG00000196549,ENSG00000198626,ENSG00000198719,ENSG00000198959,ENSG00000203883,ENSG00000219438,ENSG00000221866,ENSG00000232810,ENSG00000240583,ENSG00000255346"
"GO:BP","cell differentiation","GO:0030154","false","3.63119539500823e-12","11.439950381026328","3303","792","282","14387","ENSG00000001617,ENSG00000002746,ENSG00000003137,ENSG00000006071,ENSG00000006611,ENSG00000009694,ENSG00000010671,ENSG00000011028,ENSG00000012223,ENSG00000018408,ENSG00000019991,ENSG00000021300,ENSG00000021645,ENSG00000021826,ENSG00000038427,ENSG00000041982,ENSG00000048540,ENSG00000049249,ENSG00000053108,ENSG00000054598,ENSG00000064300,ENSG00000064666,ENSG00000066468,ENSG00000067182,ENSG00000067798,ENSG00000070404,ENSG00000073756,ENSG00000074527,ENSG00000075213,ENSG00000075275,ENSG00000077092,ENSG00000077238,ENSG00000078114,ENSG00000078401,ENSG00000078579,ENSG00000079841,ENSG00000082397,ENSG00000083454,ENSG00000085276,ENSG00000088002,ENSG00000090932,ENSG00000091129,ENSG00000091409,ENSG00000092421,ENSG00000095587,ENSG00000095713,ENSG00000099953,ENSG00000100985,ENSG00000101489,ENSG00000102996,ENSG00000103449,ENSG00000103528,ENSG00000104332,ENSG00000104892,ENSG00000104951,ENSG00000105329,ENSG00000105427,ENSG00000105880,ENSG00000106538,ENSG00000106991,ENSG00000107165,ENSG00000108231,ENSG00000108691,ENSG00000108821,ENSG00000109851,ENSG00000110195,ENSG00000110492,ENSG00000110719,ENSG00000111087,ENSG00000111199,ENSG00000111249,ENSG00000112038,ENSG00000112137,ENSG00000112183,ENSG00000112530,ENSG00000112893,ENSG00000113763,ENSG00000114200,ENSG00000114251,ENSG00000115414,ENSG00000115461,ENSG00000115468,ENSG00000115738,ENSG00000116678,ENSG00000117318,ENSG00000119042,ENSG00000119283,ENSG00000119403,ENSG00000119508,ENSG00000119699,ENSG00000120332,ENSG00000120659,ENSG00000120885,ENSG00000121075,ENSG00000121966,ENSG00000123610,ENSG00000123892,ENSG00000125538,ENSG00000125730,ENSG00000125848,ENSG00000125968,ENSG00000126458,ENSG00000126778,ENSG00000128052,ENSG00000128340,ENSG00000128606,ENSG00000129993,ENSG00000130164,ENSG00000130203,ENSG00000130529,ENSG00000130635,ENSG00000130700,ENSG00000131389,ENSG00000131634,ENSG00000132170,ENSG00000132386,ENSG00000132561,ENSG00000134013,ENSG00000134121,ENSG00000134532,ENSG00000135111,ENSG00000135253,ENSG00000135919,ENSG00000136160,ENSG00000136944,ENSG00000136997,ENSG00000137077,ENSG00000137463,ENSG00000137693,ENSG00000138083,ENSG00000138100,ENSG00000138795,ENSG00000139219,ENSG00000139352,ENSG00000139549,ENSG00000140285,ENSG00000140795,ENSG00000141337,ENSG00000142233,ENSG00000143320,ENSG00000143355,ENSG00000143382,ENSG00000143772,ENSG00000143816,ENSG00000143839,ENSG00000143869,ENSG00000143995,ENSG00000144476,ENSG00000144824,ENSG00000145920,ENSG00000147065,ENSG00000148053,ENSG00000150281,ENSG00000150457,ENSG00000150907,ENSG00000151615,ENSG00000152377,ENSG00000152661,ENSG00000152894,ENSG00000153029,ENSG00000153707,ENSG00000153993,ENSG00000154133,ENSG00000154175,ENSG00000154654,ENSG00000154928,ENSG00000155974,ENSG00000156042,ENSG00000156535,ENSG00000156687,ENSG00000157087,ENSG00000157404,ENSG00000157613,ENSG00000158156,ENSG00000160179,ENSG00000160223,ENSG00000160224,ENSG00000161681,ENSG00000162344,ENSG00000162576,ENSG00000162595,ENSG00000162614,ENSG00000162624,ENSG00000162670,ENSG00000162998,ENSG00000163273,ENSG00000163346,ENSG00000163394,ENSG00000163430,ENSG00000163513,ENSG00000164326,ENSG00000164342,ENSG00000164509,ENSG00000165197,ENSG00000165323,ENSG00000165643,ENSG00000165959,ENSG00000165973,ENSG00000166106,ENSG00000166292,ENSG00000166349,ENSG00000166825,ENSG00000166923,ENSG00000167767,ENSG00000168505,ENSG00000168539,ENSG00000168542,ENSG00000168843,ENSG00000168899,ENSG00000169245,ENSG00000169247,ENSG00000169860,ENSG00000170419,ENSG00000170442,ENSG00000170608,ENSG00000170775,ENSG00000170891,ENSG00000172201,ENSG00000172572,ENSG00000172638,ENSG00000173376,ENSG00000173805,ENSG00000173930,ENSG00000174672,ENSG00000175183,ENSG00000175505,ENSG00000177045,ENSG00000177706,ENSG00000178764,ENSG00000179242,ENSG00000180447,ENSG00000182636,ENSG00000182871,ENSG00000183779,ENSG00000184564,ENSG00000184613,ENSG00000185155,ENSG00000185345,ENSG00000185551,ENSG00000185650,ENSG00000185924,ENSG00000185955,ENSG00000186197,ENSG00000186367,ENSG00000186417,ENSG00000186487,ENSG00000186897,ENSG00000187098,ENSG00000187323,ENSG00000187634,ENSG00000188158,ENSG00000188162,ENSG00000188620,ENSG00000188816,ENSG00000189292,ENSG00000196092,ENSG00000196154,ENSG00000196277,ENSG00000196549,ENSG00000196562,ENSG00000197747,ENSG00000198121,ENSG00000198125,ENSG00000198523,ENSG00000198576,ENSG00000198719,ENSG00000198797,ENSG00000198959,ENSG00000198963,ENSG00000203883,ENSG00000204248,ENSG00000213694,ENSG00000214336,ENSG00000214960,ENSG00000215397,ENSG00000221866,ENSG00000232810,ENSG00000233608,ENSG00000243364,ENSG00000250366,ENSG00000266074,ENSG00000266524"
"GO:BP","cellular developmental process","GO:0048869","false","3.789042194484511e-12","11.421470558427895","3304","792","282","14387","ENSG00000001617,ENSG00000002746,ENSG00000003137,ENSG00000006071,ENSG00000006611,ENSG00000009694,ENSG00000010671,ENSG00000011028,ENSG00000012223,ENSG00000018408,ENSG00000019991,ENSG00000021300,ENSG00000021645,ENSG00000021826,ENSG00000038427,ENSG00000041982,ENSG00000048540,ENSG00000049249,ENSG00000053108,ENSG00000054598,ENSG00000064300,ENSG00000064666,ENSG00000066468,ENSG00000067182,ENSG00000067798,ENSG00000070404,ENSG00000073756,ENSG00000074527,ENSG00000075213,ENSG00000075275,ENSG00000077092,ENSG00000077238,ENSG00000078114,ENSG00000078401,ENSG00000078579,ENSG00000079841,ENSG00000082397,ENSG00000083454,ENSG00000085276,ENSG00000088002,ENSG00000090932,ENSG00000091129,ENSG00000091409,ENSG00000092421,ENSG00000095587,ENSG00000095713,ENSG00000099953,ENSG00000100985,ENSG00000101489,ENSG00000102996,ENSG00000103449,ENSG00000103528,ENSG00000104332,ENSG00000104892,ENSG00000104951,ENSG00000105329,ENSG00000105427,ENSG00000105880,ENSG00000106538,ENSG00000106991,ENSG00000107165,ENSG00000108231,ENSG00000108691,ENSG00000108821,ENSG00000109851,ENSG00000110195,ENSG00000110492,ENSG00000110719,ENSG00000111087,ENSG00000111199,ENSG00000111249,ENSG00000112038,ENSG00000112137,ENSG00000112183,ENSG00000112530,ENSG00000112893,ENSG00000113763,ENSG00000114200,ENSG00000114251,ENSG00000115414,ENSG00000115461,ENSG00000115468,ENSG00000115738,ENSG00000116678,ENSG00000117318,ENSG00000119042,ENSG00000119283,ENSG00000119403,ENSG00000119508,ENSG00000119699,ENSG00000120332,ENSG00000120659,ENSG00000120885,ENSG00000121075,ENSG00000121966,ENSG00000123610,ENSG00000123892,ENSG00000125538,ENSG00000125730,ENSG00000125848,ENSG00000125968,ENSG00000126458,ENSG00000126778,ENSG00000128052,ENSG00000128340,ENSG00000128606,ENSG00000129993,ENSG00000130164,ENSG00000130203,ENSG00000130529,ENSG00000130635,ENSG00000130700,ENSG00000131389,ENSG00000131634,ENSG00000132170,ENSG00000132386,ENSG00000132561,ENSG00000134013,ENSG00000134121,ENSG00000134532,ENSG00000135111,ENSG00000135253,ENSG00000135919,ENSG00000136160,ENSG00000136944,ENSG00000136997,ENSG00000137077,ENSG00000137463,ENSG00000137693,ENSG00000138083,ENSG00000138100,ENSG00000138795,ENSG00000139219,ENSG00000139352,ENSG00000139549,ENSG00000140285,ENSG00000140795,ENSG00000141337,ENSG00000142233,ENSG00000143320,ENSG00000143355,ENSG00000143382,ENSG00000143772,ENSG00000143816,ENSG00000143839,ENSG00000143869,ENSG00000143995,ENSG00000144476,ENSG00000144824,ENSG00000145920,ENSG00000147065,ENSG00000148053,ENSG00000150281,ENSG00000150457,ENSG00000150907,ENSG00000151615,ENSG00000152377,ENSG00000152661,ENSG00000152894,ENSG00000153029,ENSG00000153707,ENSG00000153993,ENSG00000154133,ENSG00000154175,ENSG00000154654,ENSG00000154928,ENSG00000155974,ENSG00000156042,ENSG00000156535,ENSG00000156687,ENSG00000157087,ENSG00000157404,ENSG00000157613,ENSG00000158156,ENSG00000160179,ENSG00000160223,ENSG00000160224,ENSG00000161681,ENSG00000162344,ENSG00000162576,ENSG00000162595,ENSG00000162614,ENSG00000162624,ENSG00000162670,ENSG00000162998,ENSG00000163273,ENSG00000163346,ENSG00000163394,ENSG00000163430,ENSG00000163513,ENSG00000164326,ENSG00000164342,ENSG00000164509,ENSG00000165197,ENSG00000165323,ENSG00000165643,ENSG00000165959,ENSG00000165973,ENSG00000166106,ENSG00000166292,ENSG00000166349,ENSG00000166825,ENSG00000166923,ENSG00000167767,ENSG00000168505,ENSG00000168539,ENSG00000168542,ENSG00000168843,ENSG00000168899,ENSG00000169245,ENSG00000169247,ENSG00000169860,ENSG00000170419,ENSG00000170442,ENSG00000170608,ENSG00000170775,ENSG00000170891,ENSG00000172201,ENSG00000172572,ENSG00000172638,ENSG00000173376,ENSG00000173805,ENSG00000173930,ENSG00000174672,ENSG00000175183,ENSG00000175505,ENSG00000177045,ENSG00000177706,ENSG00000178764,ENSG00000179242,ENSG00000180447,ENSG00000182636,ENSG00000182871,ENSG00000183779,ENSG00000184564,ENSG00000184613,ENSG00000185155,ENSG00000185345,ENSG00000185551,ENSG00000185650,ENSG00000185924,ENSG00000185955,ENSG00000186197,ENSG00000186367,ENSG00000186417,ENSG00000186487,ENSG00000186897,ENSG00000187098,ENSG00000187323,ENSG00000187634,ENSG00000188158,ENSG00000188162,ENSG00000188620,ENSG00000188816,ENSG00000189292,ENSG00000196092,ENSG00000196154,ENSG00000196277,ENSG00000196549,ENSG00000196562,ENSG00000197747,ENSG00000198121,ENSG00000198125,ENSG00000198523,ENSG00000198576,ENSG00000198719,ENSG00000198797,ENSG00000198959,ENSG00000198963,ENSG00000203883,ENSG00000204248,ENSG00000213694,ENSG00000214336,ENSG00000214960,ENSG00000215397,ENSG00000221866,ENSG00000232810,ENSG00000233608,ENSG00000243364,ENSG00000250366,ENSG00000266074,ENSG00000266524"
"GO:BP","cell population proliferation","GO:0008283","false","4.13316749792713e-12","11.383716994439684","1474","792","157","14387","ENSG00000006016,ENSG00000006071,ENSG00000007171,ENSG00000009694,ENSG00000010671,ENSG00000012223,ENSG00000013364,ENSG00000018408,ENSG00000019991,ENSG00000041982,ENSG00000049249,ENSG00000054598,ENSG00000064300,ENSG00000064666,ENSG00000064989,ENSG00000066468,ENSG00000068079,ENSG00000069431,ENSG00000073756,ENSG00000077092,ENSG00000078098,ENSG00000078401,ENSG00000078579,ENSG00000085276,ENSG00000088002,ENSG00000090530,ENSG00000095303,ENSG00000100985,ENSG00000101955,ENSG00000102265,ENSG00000103490,ENSG00000104332,ENSG00000104951,ENSG00000105329,ENSG00000105880,ENSG00000106991,ENSG00000108691,ENSG00000108700,ENSG00000110492,ENSG00000110719,ENSG00000111087,ENSG00000112038,ENSG00000114200,ENSG00000114251,ENSG00000115353,ENSG00000115414,ENSG00000115461,ENSG00000115738,ENSG00000116678,ENSG00000117525,ENSG00000118292,ENSG00000118503,ENSG00000119508,ENSG00000119699,ENSG00000120332,ENSG00000120659,ENSG00000120885,ENSG00000123609,ENSG00000125384,ENSG00000125538,ENSG00000126778,ENSG00000127418,ENSG00000128052,ENSG00000128340,ENSG00000129993,ENSG00000130203,ENSG00000130303,ENSG00000130529,ENSG00000132170,ENSG00000132386,ENSG00000134013,ENSG00000134532,ENSG00000135111,ENSG00000135919,ENSG00000136160,ENSG00000136997,ENSG00000137693,ENSG00000138083,ENSG00000138795,ENSG00000139352,ENSG00000140285,ENSG00000143355,ENSG00000143772,ENSG00000143816,ENSG00000143995,ENSG00000144476,ENSG00000145623,ENSG00000147065,ENSG00000147869,ENSG00000148053,ENSG00000150281,ENSG00000150594,ENSG00000150907,ENSG00000152104,ENSG00000152661,ENSG00000152894,ENSG00000154175,ENSG00000154928,ENSG00000156535,ENSG00000157404,ENSG00000160013,ENSG00000160223,ENSG00000162105,ENSG00000162344,ENSG00000162998,ENSG00000163191,ENSG00000163273,ENSG00000163346,ENSG00000163513,ENSG00000164509,ENSG00000165197,ENSG00000165757,ENSG00000165959,ENSG00000165973,ENSG00000166923,ENSG00000167664,ENSG00000168071,ENSG00000168505,ENSG00000168539,ENSG00000168542,ENSG00000169245,ENSG00000169248,ENSG00000169429,ENSG00000170419,ENSG00000171631,ENSG00000171812,ENSG00000172201,ENSG00000172638,ENSG00000172987,ENSG00000174348,ENSG00000174807,ENSG00000175505,ENSG00000177045,ENSG00000181541,ENSG00000181744,ENSG00000182195,ENSG00000182871,ENSG00000183779,ENSG00000185291,ENSG00000185551,ENSG00000185650,ENSG00000186827,ENSG00000186897,ENSG00000187098,ENSG00000188816,ENSG00000196562,ENSG00000197712,ENSG00000198719,ENSG00000203883,ENSG00000204592,ENSG00000213694,ENSG00000219438,ENSG00000232810,ENSG00000240583,ENSG00000255346,ENSG00000271503,ENSG00000276644"
"GO:BP","animal organ development","GO:0048513","false","4.170428101204888e-12","11.379819361705366","2246","792","212","14387","ENSG00000001617,ENSG00000003137,ENSG00000006016,ENSG00000006611,ENSG00000011465,ENSG00000012223,ENSG00000018408,ENSG00000019991,ENSG00000021826,ENSG00000041982,ENSG00000054598,ENSG00000064300,ENSG00000064989,ENSG00000066468,ENSG00000067182,ENSG00000069431,ENSG00000073756,ENSG00000074527,ENSG00000074771,ENSG00000075213,ENSG00000075275,ENSG00000077092,ENSG00000078114,ENSG00000078401,ENSG00000078579,ENSG00000080573,ENSG00000083454,ENSG00000087116,ENSG00000090932,ENSG00000091409,ENSG00000092421,ENSG00000095587,ENSG00000095596,ENSG00000100985,ENSG00000101489,ENSG00000102265,ENSG00000103449,ENSG00000104327,ENSG00000104332,ENSG00000104826,ENSG00000105329,ENSG00000105427,ENSG00000105464,ENSG00000105880,ENSG00000106538,ENSG00000106991,ENSG00000108691,ENSG00000108821,ENSG00000110195,ENSG00000110492,ENSG00000110719,ENSG00000111087,ENSG00000111199,ENSG00000112137,ENSG00000112183,ENSG00000112893,ENSG00000113739,ENSG00000114251,ENSG00000115414,ENSG00000115461,ENSG00000115738,ENSG00000116183,ENSG00000116678,ENSG00000117318,ENSG00000117594,ENSG00000119042,ENSG00000119699,ENSG00000120332,ENSG00000120659,ENSG00000121075,ENSG00000121966,ENSG00000123610,ENSG00000124788,ENSG00000125538,ENSG00000125848,ENSG00000126562,ENSG00000126778,ENSG00000127418,ENSG00000128052,ENSG00000128606,ENSG00000129159,ENSG00000130529,ENSG00000130635,ENSG00000130700,ENSG00000130707,ENSG00000132170,ENSG00000132386,ENSG00000134013,ENSG00000134532,ENSG00000135111,ENSG00000135902,ENSG00000135919,ENSG00000136160,ENSG00000136997,ENSG00000137463,ENSG00000137693,ENSG00000138083,ENSG00000138162,ENSG00000138795,ENSG00000139219,ENSG00000139352,ENSG00000139549,ENSG00000140279,ENSG00000140285,ENSG00000140795,ENSG00000141337,ENSG00000143355,ENSG00000143816,ENSG00000143839,ENSG00000143869,ENSG00000143995,ENSG00000144824,ENSG00000147065,ENSG00000147869,ENSG00000148053,ENSG00000150281,ENSG00000150457,ENSG00000151615,ENSG00000152661,ENSG00000153993,ENSG00000154175,ENSG00000154928,ENSG00000156535,ENSG00000157404,ENSG00000159713,ENSG00000160111,ENSG00000160224,ENSG00000162344,ENSG00000162496,ENSG00000162624,ENSG00000162998,ENSG00000163273,ENSG00000163346,ENSG00000163359,ENSG00000163394,ENSG00000163513,ENSG00000164342,ENSG00000164692,ENSG00000164946,ENSG00000165323,ENSG00000165973,ENSG00000166292,ENSG00000166349,ENSG00000166923,ENSG00000167767,ENSG00000168505,ENSG00000168542,ENSG00000168899,ENSG00000169245,ENSG00000169429,ENSG00000170442,ENSG00000170891,ENSG00000171303,ENSG00000171812,ENSG00000171819,ENSG00000172201,ENSG00000172638,ENSG00000173068,ENSG00000173376,ENSG00000173805,ENSG00000174807,ENSG00000176884,ENSG00000177045,ENSG00000177301,ENSG00000177706,ENSG00000178764,ENSG00000179431,ENSG00000180772,ENSG00000181541,ENSG00000181744,ENSG00000182195,ENSG00000182492,ENSG00000182871,ENSG00000183779,ENSG00000184254,ENSG00000184564,ENSG00000185155,ENSG00000185551,ENSG00000185650,ENSG00000185924,ENSG00000186367,ENSG00000187098,ENSG00000187486,ENSG00000187634,ENSG00000188158,ENSG00000188162,ENSG00000188620,ENSG00000188816,ENSG00000196092,ENSG00000196154,ENSG00000196549,ENSG00000196562,ENSG00000197321,ENSG00000197496,ENSG00000197712,ENSG00000197971,ENSG00000198121,ENSG00000198125,ENSG00000198523,ENSG00000198626,ENSG00000198719,ENSG00000198959,ENSG00000198963,ENSG00000203883,ENSG00000204248,ENSG00000204335,ENSG00000214336,ENSG00000221866,ENSG00000232810,ENSG00000237412,ENSG00000240583,ENSG00000266524"
"GO:BP","vasculature development","GO:0001944","false","4.577261604841213e-12","11.339394265573087","596","792","86","14387","ENSG00000006071,ENSG00000011465,ENSG00000021645,ENSG00000054598,ENSG00000064300,ENSG00000064989,ENSG00000066468,ENSG00000069431,ENSG00000073756,ENSG00000078098,ENSG00000078401,ENSG00000091129,ENSG00000092421,ENSG00000104332,ENSG00000105329,ENSG00000106991,ENSG00000108691,ENSG00000108821,ENSG00000110195,ENSG00000110492,ENSG00000114251,ENSG00000115414,ENSG00000116678,ENSG00000117525,ENSG00000118503,ENSG00000120332,ENSG00000121075,ENSG00000121966,ENSG00000125538,ENSG00000125730,ENSG00000125968,ENSG00000126458,ENSG00000126778,ENSG00000128052,ENSG00000130164,ENSG00000130203,ENSG00000130635,ENSG00000131634,ENSG00000132170,ENSG00000132386,ENSG00000134013,ENSG00000135048,ENSG00000135111,ENSG00000137693,ENSG00000138772,ENSG00000138795,ENSG00000143995,ENSG00000144476,ENSG00000148053,ENSG00000150907,ENSG00000152104,ENSG00000154133,ENSG00000154928,ENSG00000157404,ENSG00000157613,ENSG00000163273,ENSG00000163513,ENSG00000164342,ENSG00000164692,ENSG00000165197,ENSG00000165757,ENSG00000166292,ENSG00000166825,ENSG00000166923,ENSG00000167664,ENSG00000168505,ENSG00000168542,ENSG00000169245,ENSG00000169429,ENSG00000169583,ENSG00000171812,ENSG00000171819,ENSG00000172638,ENSG00000173376,ENSG00000182871,ENSG00000185551,ENSG00000185650,ENSG00000186367,ENSG00000197496,ENSG00000198719,ENSG00000198959,ENSG00000203883,ENSG00000219438,ENSG00000232810,ENSG00000240583,ENSG00000255346"
"GO:BP","regulation of multicellular organismal process","GO:0051239","false","1.1377882992584185e-11","10.94393853672542","2135","792","203","14387","ENSG00000001617,ENSG00000003137,ENSG00000006071,ENSG00000007171,ENSG00000010671,ENSG00000011465,ENSG00000012223,ENSG00000014257,ENSG00000018408,ENSG00000019991,ENSG00000048740,ENSG00000049249,ENSG00000053108,ENSG00000054598,ENSG00000064300,ENSG00000066468,ENSG00000067182,ENSG00000067798,ENSG00000069431,ENSG00000070404,ENSG00000073756,ENSG00000073792,ENSG00000074527,ENSG00000074966,ENSG00000077092,ENSG00000077238,ENSG00000078098,ENSG00000078401,ENSG00000078579,ENSG00000079841,ENSG00000080709,ENSG00000083454,ENSG00000088002,ENSG00000090932,ENSG00000091592,ENSG00000092421,ENSG00000100985,ENSG00000101000,ENSG00000101463,ENSG00000101489,ENSG00000102265,ENSG00000103490,ENSG00000104332,ENSG00000104518,ENSG00000104951,ENSG00000105329,ENSG00000105464,ENSG00000106991,ENSG00000108691,ENSG00000108771,ENSG00000108821,ENSG00000110492,ENSG00000111087,ENSG00000111199,ENSG00000111249,ENSG00000111348,ENSG00000112038,ENSG00000112164,ENSG00000112893,ENSG00000113739,ENSG00000114251,ENSG00000115353,ENSG00000115414,ENSG00000115461,ENSG00000115738,ENSG00000115896,ENSG00000116678,ENSG00000117525,ENSG00000118503,ENSG00000119508,ENSG00000119699,ENSG00000120332,ENSG00000120659,ENSG00000120885,ENSG00000121966,ENSG00000123609,ENSG00000123610,ENSG00000125538,ENSG00000125730,ENSG00000125848,ENSG00000125968,ENSG00000126458,ENSG00000126562,ENSG00000126778,ENSG00000128052,ENSG00000128340,ENSG00000128606,ENSG00000130164,ENSG00000130203,ENSG00000130303,ENSG00000130529,ENSG00000130700,ENSG00000132170,ENSG00000132386,ENSG00000134013,ENSG00000134532,ENSG00000135048,ENSG00000135111,ENSG00000135919,ENSG00000135926,ENSG00000136160,ENSG00000136997,ENSG00000137077,ENSG00000137693,ENSG00000138772,ENSG00000138795,ENSG00000139329,ENSG00000139352,ENSG00000140285,ENSG00000141668,ENSG00000143320,ENSG00000143772,ENSG00000143816,ENSG00000143839,ENSG00000143995,ENSG00000144824,ENSG00000146006,ENSG00000148053,ENSG00000149131,ENSG00000150457,ENSG00000150594,ENSG00000150907,ENSG00000151615,ENSG00000152049,ENSG00000152661,ENSG00000153707,ENSG00000154175,ENSG00000154928,ENSG00000156535,ENSG00000157087,ENSG00000157404,ENSG00000157613,ENSG00000158022,ENSG00000159674,ENSG00000160223,ENSG00000160224,ENSG00000161681,ENSG00000162496,ENSG00000162951,ENSG00000162998,ENSG00000163273,ENSG00000163377,ENSG00000163513,ENSG00000164326,ENSG00000164342,ENSG00000164509,ENSG00000165757,ENSG00000165895,ENSG00000165973,ENSG00000165995,ENSG00000166292,ENSG00000166349,ENSG00000166923,ENSG00000167664,ENSG00000168071,ENSG00000168505,ENSG00000169245,ENSG00000169427,ENSG00000169429,ENSG00000169583,ENSG00000169860,ENSG00000169871,ENSG00000171819,ENSG00000172201,ENSG00000172247,ENSG00000172572,ENSG00000173805,ENSG00000175505,ENSG00000176884,ENSG00000177301,ENSG00000177706,ENSG00000179242,ENSG00000179546,ENSG00000179954,ENSG00000180772,ENSG00000181072,ENSG00000183779,ENSG00000184564,ENSG00000185650,ENSG00000186827,ENSG00000187098,ENSG00000187323,ENSG00000188282,ENSG00000196549,ENSG00000196562,ENSG00000196664,ENSG00000197496,ENSG00000197747,ENSG00000197971,ENSG00000198523,ENSG00000198626,ENSG00000198719,ENSG00000198959,ENSG00000204592,ENSG00000213171,ENSG00000213694,ENSG00000219438,ENSG00000232810,ENSG00000240583,ENSG00000255346,ENSG00000255690,ENSG00000266524,ENSG00000271503"
"GO:BP","cell motility","GO:0048870","false","2.602784615007038e-11","10.584561769034115","1356","792","146","14387","ENSG00000001617,ENSG00000002586,ENSG00000006071,ENSG00000011465,ENSG00000019991,ENSG00000038427,ENSG00000041982,ENSG00000054598,ENSG00000064300,ENSG00000064666,ENSG00000067798,ENSG00000073756,ENSG00000074527,ENSG00000075213,ENSG00000075275,ENSG00000078098,ENSG00000078401,ENSG00000078579,ENSG00000081041,ENSG00000083857,ENSG00000091129,ENSG00000091409,ENSG00000092421,ENSG00000100979,ENSG00000100985,ENSG00000102265,ENSG00000103490,ENSG00000104332,ENSG00000104892,ENSG00000105329,ENSG00000106538,ENSG00000106991,ENSG00000108688,ENSG00000108691,ENSG00000108700,ENSG00000108821,ENSG00000110195,ENSG00000110492,ENSG00000111087,ENSG00000111199,ENSG00000111348,ENSG00000112137,ENSG00000112530,ENSG00000114251,ENSG00000115353,ENSG00000115414,ENSG00000115461,ENSG00000117525,ENSG00000118503,ENSG00000119042,ENSG00000119508,ENSG00000120332,ENSG00000120659,ENSG00000121966,ENSG00000123610,ENSG00000125538,ENSG00000125848,ENSG00000125968,ENSG00000126458,ENSG00000126778,ENSG00000128052,ENSG00000128340,ENSG00000129422,ENSG00000130203,ENSG00000130303,ENSG00000130529,ENSG00000130635,ENSG00000132170,ENSG00000132386,ENSG00000132561,ENSG00000134013,ENSG00000134121,ENSG00000135919,ENSG00000136160,ENSG00000137077,ENSG00000138083,ENSG00000138772,ENSG00000138795,ENSG00000139352,ENSG00000140279,ENSG00000140285,ENSG00000144476,ENSG00000144824,ENSG00000146376,ENSG00000147065,ENSG00000147869,ENSG00000148053,ENSG00000150594,ENSG00000151023,ENSG00000152377,ENSG00000152661,ENSG00000152894,ENSG00000153993,ENSG00000154133,ENSG00000154928,ENSG00000155849,ENSG00000156042,ENSG00000156687,ENSG00000157404,ENSG00000160224,ENSG00000162344,ENSG00000162614,ENSG00000163191,ENSG00000163346,ENSG00000163377,ENSG00000163394,ENSG00000163430,ENSG00000163513,ENSG00000165197,ENSG00000165323,ENSG00000165757,ENSG00000166923,ENSG00000168505,ENSG00000168542,ENSG00000169245,ENSG00000169248,ENSG00000169429,ENSG00000169860,ENSG00000173376,ENSG00000174348,ENSG00000174807,ENSG00000177469,ENSG00000179242,ENSG00000179399,ENSG00000180772,ENSG00000182636,ENSG00000183098,ENSG00000183779,ENSG00000185155,ENSG00000185551,ENSG00000187098,ENSG00000187323,ENSG00000197712,ENSG00000198121,ENSG00000198576,ENSG00000198915,ENSG00000203883,ENSG00000204711,ENSG00000215397,ENSG00000221866,ENSG00000232810,ENSG00000233608,ENSG00000240583,ENSG00000271447,ENSG00000271503,ENSG00000276644"
"GO:BP","animal organ morphogenesis","GO:0009887","false","5.052163485037306e-11","10.296522604375458","747","792","97","14387","ENSG00000003137,ENSG00000006611,ENSG00000011465,ENSG00000012223,ENSG00000018408,ENSG00000019991,ENSG00000041982,ENSG00000054598,ENSG00000064300,ENSG00000066468,ENSG00000069431,ENSG00000074527,ENSG00000075275,ENSG00000077092,ENSG00000078401,ENSG00000091409,ENSG00000092421,ENSG00000103449,ENSG00000104327,ENSG00000104332,ENSG00000105329,ENSG00000105880,ENSG00000106991,ENSG00000108691,ENSG00000108821,ENSG00000110195,ENSG00000110719,ENSG00000111087,ENSG00000111199,ENSG00000112893,ENSG00000114251,ENSG00000115461,ENSG00000115738,ENSG00000116183,ENSG00000117318,ENSG00000119042,ENSG00000119699,ENSG00000120659,ENSG00000121075,ENSG00000126562,ENSG00000126778,ENSG00000127418,ENSG00000128052,ENSG00000130635,ENSG00000130700,ENSG00000134532,ENSG00000135111,ENSG00000136997,ENSG00000137693,ENSG00000138083,ENSG00000138795,ENSG00000139219,ENSG00000140279,ENSG00000140285,ENSG00000143355,ENSG00000143816,ENSG00000143869,ENSG00000143995,ENSG00000147065,ENSG00000147869,ENSG00000148053,ENSG00000154928,ENSG00000162496,ENSG00000162998,ENSG00000163273,ENSG00000163513,ENSG00000164692,ENSG00000164946,ENSG00000165323,ENSG00000166292,ENSG00000166923,ENSG00000168505,ENSG00000168542,ENSG00000171812,ENSG00000172201,ENSG00000172638,ENSG00000177706,ENSG00000178764,ENSG00000179431,ENSG00000180772,ENSG00000182871,ENSG00000184254,ENSG00000184564,ENSG00000187634,ENSG00000188620,ENSG00000188816,ENSG00000196092,ENSG00000198626,ENSG00000198719,ENSG00000198959,ENSG00000198963,ENSG00000203883,ENSG00000204248,ENSG00000204335,ENSG00000214336,ENSG00000232810,ENSG00000240583"
"GO:BP","regulation of developmental process","GO:0050793","false","5.894031095845228e-11","10.229587577220677","1894","792","184","14387","ENSG00000001617,ENSG00000002746,ENSG00000003137,ENSG00000006071,ENSG00000010671,ENSG00000011465,ENSG00000012223,ENSG00000018408,ENSG00000019991,ENSG00000021300,ENSG00000048540,ENSG00000053108,ENSG00000054598,ENSG00000064300,ENSG00000066468,ENSG00000067182,ENSG00000070404,ENSG00000073756,ENSG00000074527,ENSG00000075213,ENSG00000077092,ENSG00000077238,ENSG00000078401,ENSG00000078579,ENSG00000079841,ENSG00000082397,ENSG00000083454,ENSG00000088002,ENSG00000090932,ENSG00000091129,ENSG00000092421,ENSG00000095587,ENSG00000099260,ENSG00000099953,ENSG00000100985,ENSG00000101463,ENSG00000101489,ENSG00000103528,ENSG00000104332,ENSG00000104951,ENSG00000105329,ENSG00000106538,ENSG00000106991,ENSG00000108688,ENSG00000108691,ENSG00000108821,ENSG00000110492,ENSG00000110719,ENSG00000111087,ENSG00000111199,ENSG00000111249,ENSG00000112038,ENSG00000112183,ENSG00000112893,ENSG00000113739,ENSG00000114251,ENSG00000115414,ENSG00000115461,ENSG00000115738,ENSG00000117318,ENSG00000117525,ENSG00000118503,ENSG00000119699,ENSG00000120332,ENSG00000120659,ENSG00000121966,ENSG00000123610,ENSG00000125538,ENSG00000125730,ENSG00000125848,ENSG00000126458,ENSG00000126778,ENSG00000128052,ENSG00000128340,ENSG00000128606,ENSG00000130164,ENSG00000130203,ENSG00000130529,ENSG00000130635,ENSG00000130700,ENSG00000131389,ENSG00000132170,ENSG00000132386,ENSG00000134013,ENSG00000134532,ENSG00000135048,ENSG00000135111,ENSG00000135919,ENSG00000135926,ENSG00000136160,ENSG00000136997,ENSG00000137463,ENSG00000137693,ENSG00000138083,ENSG00000138772,ENSG00000138795,ENSG00000139352,ENSG00000140285,ENSG00000140795,ENSG00000141668,ENSG00000142279,ENSG00000143320,ENSG00000143772,ENSG00000143816,ENSG00000143869,ENSG00000143995,ENSG00000144824,ENSG00000146006,ENSG00000146376,ENSG00000147065,ENSG00000147869,ENSG00000148053,ENSG00000150457,ENSG00000150907,ENSG00000151615,ENSG00000152661,ENSG00000153707,ENSG00000154175,ENSG00000154928,ENSG00000155974,ENSG00000156535,ENSG00000157404,ENSG00000157613,ENSG00000158156,ENSG00000160179,ENSG00000161681,ENSG00000162670,ENSG00000162951,ENSG00000162998,ENSG00000163273,ENSG00000163513,ENSG00000164326,ENSG00000164342,ENSG00000165323,ENSG00000165757,ENSG00000165973,ENSG00000166292,ENSG00000166349,ENSG00000166923,ENSG00000167664,ENSG00000168505,ENSG00000169245,ENSG00000169429,ENSG00000169583,ENSG00000169860,ENSG00000170419,ENSG00000171819,ENSG00000172201,ENSG00000172572,ENSG00000172638,ENSG00000173805,ENSG00000174672,ENSG00000175505,ENSG00000176293,ENSG00000177706,ENSG00000178764,ENSG00000179242,ENSG00000180772,ENSG00000183779,ENSG00000184564,ENSG00000185155,ENSG00000185345,ENSG00000185650,ENSG00000185924,ENSG00000186897,ENSG00000187098,ENSG00000187323,ENSG00000196549,ENSG00000197747,ENSG00000198121,ENSG00000198576,ENSG00000198719,ENSG00000198797,ENSG00000198959,ENSG00000198963,ENSG00000213171,ENSG00000213694,ENSG00000219438,ENSG00000221866,ENSG00000232810,ENSG00000233608,ENSG00000240583,ENSG00000250366,ENSG00000266524"
"GO:BP","system process","GO:0003008","false","6.179134997809744e-11","10.209072316492268","1343","792","144","14387","ENSG00000006071,ENSG00000006611,ENSG00000007171,ENSG00000014257,ENSG00000018408,ENSG00000021645,ENSG00000021826,ENSG00000048740,ENSG00000054598,ENSG00000067182,ENSG00000069431,ENSG00000073756,ENSG00000078401,ENSG00000079841,ENSG00000080709,ENSG00000083454,ENSG00000086717,ENSG00000091129,ENSG00000095303,ENSG00000101489,ENSG00000103316,ENSG00000104327,ENSG00000105329,ENSG00000105464,ENSG00000106991,ENSG00000108691,ENSG00000108821,ENSG00000109956,ENSG00000110492,ENSG00000111199,ENSG00000111249,ENSG00000112038,ENSG00000112164,ENSG00000114200,ENSG00000115353,ENSG00000115461,ENSG00000115738,ENSG00000116678,ENSG00000119508,ENSG00000122679,ENSG00000124788,ENSG00000125538,ENSG00000126562,ENSG00000126778,ENSG00000130164,ENSG00000130203,ENSG00000130529,ENSG00000130700,ENSG00000131389,ENSG00000132170,ENSG00000132386,ENSG00000134121,ENSG00000135111,ENSG00000135902,ENSG00000135919,ENSG00000136160,ENSG00000136546,ENSG00000137331,ENSG00000137491,ENSG00000137693,ENSG00000138083,ENSG00000138119,ENSG00000138795,ENSG00000139155,ENSG00000139219,ENSG00000139329,ENSG00000139352,ENSG00000140675,ENSG00000143839,ENSG00000144488,ENSG00000144596,ENSG00000145451,ENSG00000147606,ENSG00000148053,ENSG00000149131,ENSG00000149488,ENSG00000150594,ENSG00000150907,ENSG00000151615,ENSG00000152049,ENSG00000152661,ENSG00000154928,ENSG00000155886,ENSG00000155897,ENSG00000157087,ENSG00000157103,ENSG00000157404,ENSG00000158022,ENSG00000160349,ENSG00000161681,ENSG00000162105,ENSG00000162496,ENSG00000163273,ENSG00000163377,ENSG00000164326,ENSG00000164692,ENSG00000165895,ENSG00000165995,ENSG00000166292,ENSG00000166349,ENSG00000166825,ENSG00000166862,ENSG00000166863,ENSG00000168539,ENSG00000169245,ENSG00000169427,ENSG00000169860,ENSG00000171303,ENSG00000171551,ENSG00000172572,ENSG00000173662,ENSG00000176884,ENSG00000177301,ENSG00000179546,ENSG00000180772,ENSG00000181072,ENSG00000181656,ENSG00000182636,ENSG00000182871,ENSG00000183853,ENSG00000184254,ENSG00000184564,ENSG00000185101,ENSG00000185345,ENSG00000185551,ENSG00000186367,ENSG00000187486,ENSG00000188162,ENSG00000188620,ENSG00000196277,ENSG00000196549,ENSG00000196562,ENSG00000197496,ENSG00000197971,ENSG00000198515,ENSG00000198523,ENSG00000198576,ENSG00000198626,ENSG00000198719,ENSG00000198963,ENSG00000203797,ENSG00000204248,ENSG00000232810,ENSG00000240583"
"GO:BP","blood vessel development","GO:0001568","false","7.706910734246786e-11","10.113119671226597","568","792","81","14387","ENSG00000006071,ENSG00000011465,ENSG00000021645,ENSG00000054598,ENSG00000064300,ENSG00000064989,ENSG00000066468,ENSG00000069431,ENSG00000073756,ENSG00000078098,ENSG00000078401,ENSG00000091129,ENSG00000092421,ENSG00000104332,ENSG00000105329,ENSG00000106991,ENSG00000108691,ENSG00000108821,ENSG00000110195,ENSG00000110492,ENSG00000114251,ENSG00000115414,ENSG00000116678,ENSG00000117525,ENSG00000118503,ENSG00000120332,ENSG00000121075,ENSG00000125538,ENSG00000125730,ENSG00000125968,ENSG00000126458,ENSG00000126778,ENSG00000128052,ENSG00000130164,ENSG00000130203,ENSG00000130635,ENSG00000132170,ENSG00000132386,ENSG00000134013,ENSG00000135048,ENSG00000135111,ENSG00000137693,ENSG00000138772,ENSG00000138795,ENSG00000143995,ENSG00000144476,ENSG00000148053,ENSG00000150907,ENSG00000154133,ENSG00000154928,ENSG00000157613,ENSG00000163273,ENSG00000163513,ENSG00000164342,ENSG00000164692,ENSG00000165197,ENSG00000165757,ENSG00000166292,ENSG00000166825,ENSG00000166923,ENSG00000167664,ENSG00000168505,ENSG00000168542,ENSG00000169245,ENSG00000169429,ENSG00000169583,ENSG00000171812,ENSG00000172638,ENSG00000173376,ENSG00000182871,ENSG00000185551,ENSG00000185650,ENSG00000186367,ENSG00000197496,ENSG00000198719,ENSG00000198959,ENSG00000203883,ENSG00000219438,ENSG00000232810,ENSG00000240583,ENSG00000255346"
"GO:BP","blood vessel morphogenesis","GO:0048514","false","9.098602007045643e-11","10.041025331554374","493","792","74","14387","ENSG00000006071,ENSG00000011465,ENSG00000021645,ENSG00000054598,ENSG00000064300,ENSG00000064989,ENSG00000066468,ENSG00000073756,ENSG00000078098,ENSG00000078401,ENSG00000091129,ENSG00000092421,ENSG00000104332,ENSG00000105329,ENSG00000106991,ENSG00000108691,ENSG00000110195,ENSG00000110492,ENSG00000114251,ENSG00000115414,ENSG00000116678,ENSG00000117525,ENSG00000118503,ENSG00000120332,ENSG00000121075,ENSG00000125538,ENSG00000125730,ENSG00000125968,ENSG00000126458,ENSG00000126778,ENSG00000128052,ENSG00000130164,ENSG00000130203,ENSG00000132170,ENSG00000132386,ENSG00000134013,ENSG00000135048,ENSG00000137693,ENSG00000138772,ENSG00000138795,ENSG00000143995,ENSG00000144476,ENSG00000148053,ENSG00000154133,ENSG00000154928,ENSG00000157613,ENSG00000163273,ENSG00000163513,ENSG00000164342,ENSG00000165197,ENSG00000165757,ENSG00000166292,ENSG00000166825,ENSG00000166923,ENSG00000167664,ENSG00000168505,ENSG00000168542,ENSG00000169245,ENSG00000169429,ENSG00000169583,ENSG00000171812,ENSG00000172638,ENSG00000173376,ENSG00000182871,ENSG00000185551,ENSG00000185650,ENSG00000186367,ENSG00000198719,ENSG00000198959,ENSG00000203883,ENSG00000219438,ENSG00000232810,ENSG00000240583,ENSG00000255346"
"GO:BP","tissue development","GO:0009888","false","1.4800532403289328e-10","9.829722661925857","1465","792","152","14387","ENSG00000001617,ENSG00000003137,ENSG00000006016,ENSG00000006611,ENSG00000010671,ENSG00000012223,ENSG00000018408,ENSG00000019991,ENSG00000021826,ENSG00000041982,ENSG00000054598,ENSG00000064300,ENSG00000066468,ENSG00000067182,ENSG00000069431,ENSG00000073756,ENSG00000074527,ENSG00000075213,ENSG00000075275,ENSG00000077092,ENSG00000078114,ENSG00000078401,ENSG00000078579,ENSG00000088002,ENSG00000090932,ENSG00000091409,ENSG00000092421,ENSG00000095587,ENSG00000100985,ENSG00000102265,ENSG00000102996,ENSG00000103449,ENSG00000104327,ENSG00000104332,ENSG00000105329,ENSG00000105427,ENSG00000105880,ENSG00000106484,ENSG00000106991,ENSG00000108821,ENSG00000110195,ENSG00000110492,ENSG00000110719,ENSG00000111087,ENSG00000111199,ENSG00000112183,ENSG00000113739,ENSG00000114251,ENSG00000115414,ENSG00000115461,ENSG00000115738,ENSG00000117318,ENSG00000118292,ENSG00000119042,ENSG00000119699,ENSG00000120332,ENSG00000120659,ENSG00000121075,ENSG00000125538,ENSG00000125730,ENSG00000125848,ENSG00000126562,ENSG00000126778,ENSG00000128052,ENSG00000128606,ENSG00000130529,ENSG00000130635,ENSG00000130700,ENSG00000132170,ENSG00000134013,ENSG00000134532,ENSG00000135111,ENSG00000135902,ENSG00000135919,ENSG00000136160,ENSG00000136997,ENSG00000137693,ENSG00000138083,ENSG00000138795,ENSG00000139219,ENSG00000139352,ENSG00000140279,ENSG00000140285,ENSG00000140795,ENSG00000143320,ENSG00000143382,ENSG00000143816,ENSG00000143869,ENSG00000144824,ENSG00000147065,ENSG00000147869,ENSG00000150457,ENSG00000151615,ENSG00000152661,ENSG00000153993,ENSG00000154133,ENSG00000154928,ENSG00000156535,ENSG00000159713,ENSG00000160224,ENSG00000162344,ENSG00000162998,ENSG00000163273,ENSG00000163346,ENSG00000163430,ENSG00000163513,ENSG00000164509,ENSG00000164692,ENSG00000165973,ENSG00000166292,ENSG00000166923,ENSG00000167767,ENSG00000168505,ENSG00000168542,ENSG00000168899,ENSG00000169245,ENSG00000170442,ENSG00000170891,ENSG00000172201,ENSG00000172638,ENSG00000173068,ENSG00000174672,ENSG00000175183,ENSG00000177706,ENSG00000180772,ENSG00000181744,ENSG00000182492,ENSG00000182871,ENSG00000183779,ENSG00000184254,ENSG00000184564,ENSG00000185155,ENSG00000185551,ENSG00000185650,ENSG00000186367,ENSG00000187486,ENSG00000196092,ENSG00000196154,ENSG00000196562,ENSG00000197321,ENSG00000198523,ENSG00000198576,ENSG00000198626,ENSG00000198719,ENSG00000198959,ENSG00000203883,ENSG00000204248,ENSG00000213694,ENSG00000214336,ENSG00000221866,ENSG00000232810,ENSG00000240583"
"GO:BP","locomotion","GO:0040011","false","2.699926743996858e-10","9.568648019214914","913","792","109","14387","ENSG00000001617,ENSG00000002586,ENSG00000006071,ENSG00000011465,ENSG00000019991,ENSG00000041982,ENSG00000064300,ENSG00000064666,ENSG00000067798,ENSG00000073756,ENSG00000075213,ENSG00000075651,ENSG00000078401,ENSG00000078579,ENSG00000081041,ENSG00000091409,ENSG00000092421,ENSG00000100985,ENSG00000102265,ENSG00000103490,ENSG00000104332,ENSG00000105329,ENSG00000106538,ENSG00000106991,ENSG00000108688,ENSG00000108691,ENSG00000108700,ENSG00000108821,ENSG00000110492,ENSG00000111087,ENSG00000111199,ENSG00000111348,ENSG00000112137,ENSG00000114251,ENSG00000115353,ENSG00000115414,ENSG00000115461,ENSG00000117525,ENSG00000119508,ENSG00000120332,ENSG00000120659,ENSG00000121966,ENSG00000123610,ENSG00000125538,ENSG00000125848,ENSG00000126458,ENSG00000128052,ENSG00000128340,ENSG00000129422,ENSG00000130203,ENSG00000130303,ENSG00000130529,ENSG00000132170,ENSG00000132386,ENSG00000135919,ENSG00000136160,ENSG00000137077,ENSG00000138772,ENSG00000138795,ENSG00000140279,ENSG00000140285,ENSG00000144476,ENSG00000144824,ENSG00000146376,ENSG00000147065,ENSG00000150594,ENSG00000151615,ENSG00000152661,ENSG00000152894,ENSG00000153993,ENSG00000154133,ENSG00000154928,ENSG00000156687,ENSG00000157404,ENSG00000160224,ENSG00000162344,ENSG00000162614,ENSG00000163191,ENSG00000163273,ENSG00000163377,ENSG00000163513,ENSG00000165197,ENSG00000165757,ENSG00000166923,ENSG00000168539,ENSG00000168542,ENSG00000169245,ENSG00000169248,ENSG00000169429,ENSG00000170775,ENSG00000174348,ENSG00000177469,ENSG00000179546,ENSG00000180720,ENSG00000180772,ENSG00000183779,ENSG00000185551,ENSG00000187098,ENSG00000196154,ENSG00000198121,ENSG00000198797,ENSG00000215397,ENSG00000221866,ENSG00000232810,ENSG00000233608,ENSG00000240583,ENSG00000271447,ENSG00000271503,ENSG00000276644"
"GO:BP","cell surface receptor signaling pathway","GO:0007166","false","9.584293531441612e-10","9.018439893918325","2079","792","193","14387","ENSG00000001617,ENSG00000002746,ENSG00000006016,ENSG00000007171,ENSG00000010671,ENSG00000011465,ENSG00000012223,ENSG00000013364,ENSG00000013588,ENSG00000014257,ENSG00000018408,ENSG00000019991,ENSG00000023445,ENSG00000049323,ENSG00000053108,ENSG00000054598,ENSG00000056558,ENSG00000064300,ENSG00000064989,ENSG00000066468,ENSG00000067182,ENSG00000068079,ENSG00000070404,ENSG00000074966,ENSG00000075213,ENSG00000075275,ENSG00000077238,ENSG00000078401,ENSG00000078579,ENSG00000079841,ENSG00000083454,ENSG00000090932,ENSG00000091409,ENSG00000092421,ENSG00000100985,ENSG00000101282,ENSG00000101489,ENSG00000101955,ENSG00000102265,ENSG00000103154,ENSG00000103449,ENSG00000103490,ENSG00000104213,ENSG00000104332,ENSG00000105329,ENSG00000105464,ENSG00000105880,ENSG00000106538,ENSG00000106991,ENSG00000108688,ENSG00000108691,ENSG00000108700,ENSG00000108821,ENSG00000110169,ENSG00000110195,ENSG00000110492,ENSG00000111087,ENSG00000111249,ENSG00000112164,ENSG00000112541,ENSG00000113763,ENSG00000114251,ENSG00000115414,ENSG00000115461,ENSG00000116183,ENSG00000116678,ENSG00000117525,ENSG00000118503,ENSG00000119508,ENSG00000119699,ENSG00000120332,ENSG00000120659,ENSG00000121966,ENSG00000123146,ENSG00000123609,ENSG00000123610,ENSG00000125538,ENSG00000125730,ENSG00000125848,ENSG00000125968,ENSG00000126778,ENSG00000127418,ENSG00000128052,ENSG00000130203,ENSG00000130529,ENSG00000130700,ENSG00000131634,ENSG00000132170,ENSG00000132256,ENSG00000135253,ENSG00000135902,ENSG00000135919,ENSG00000135926,ENSG00000136160,ENSG00000137077,ENSG00000137693,ENSG00000138795,ENSG00000139219,ENSG00000139352,ENSG00000139549,ENSG00000140279,ENSG00000140285,ENSG00000142089,ENSG00000143772,ENSG00000143816,ENSG00000143869,ENSG00000144476,ENSG00000144596,ENSG00000145451,ENSG00000145623,ENSG00000147255,ENSG00000147869,ENSG00000148053,ENSG00000149212,ENSG00000150281,ENSG00000150457,ENSG00000150594,ENSG00000150907,ENSG00000152284,ENSG00000152894,ENSG00000153294,ENSG00000153707,ENSG00000153993,ENSG00000154928,ENSG00000156535,ENSG00000156687,ENSG00000157110,ENSG00000157404,ENSG00000157613,ENSG00000160013,ENSG00000160223,ENSG00000161681,ENSG00000162344,ENSG00000162894,ENSG00000162998,ENSG00000163273,ENSG00000163346,ENSG00000163430,ENSG00000163513,ENSG00000163637,ENSG00000164082,ENSG00000164342,ENSG00000164509,ENSG00000164692,ENSG00000165197,ENSG00000165757,ENSG00000166292,ENSG00000166923,ENSG00000168542,ENSG00000168843,ENSG00000169245,ENSG00000169247,ENSG00000169248,ENSG00000169860,ENSG00000169871,ENSG00000169891,ENSG00000171631,ENSG00000172247,ENSG00000173040,ENSG00000173567,ENSG00000173805,ENSG00000175505,ENSG00000176884,ENSG00000177374,ENSG00000177706,ENSG00000179399,ENSG00000180447,ENSG00000180720,ENSG00000180772,ENSG00000180875,ENSG00000182636,ENSG00000182771,ENSG00000183779,ENSG00000185201,ENSG00000185291,ENSG00000185345,ENSG00000186827,ENSG00000187098,ENSG00000189292,ENSG00000196277,ENSG00000196562,ENSG00000197496,ENSG00000198523,ENSG00000198719,ENSG00000198768,ENSG00000213694,ENSG00000215397,ENSG00000221866,ENSG00000232810,ENSG00000243364,ENSG00000255690,ENSG00000266524,ENSG00000271503"
"GO:BP","nervous system development","GO:0007399","false","1.500052070707176e-9","8.823893665192122","2147","792","197","14387","ENSG00000001617,ENSG00000002746,ENSG00000003137,ENSG00000006071,ENSG00000006611,ENSG00000009694,ENSG00000021645,ENSG00000038427,ENSG00000041982,ENSG00000053108,ENSG00000054598,ENSG00000064300,ENSG00000066468,ENSG00000067798,ENSG00000073792,ENSG00000074527,ENSG00000075213,ENSG00000075275,ENSG00000077092,ENSG00000078401,ENSG00000078579,ENSG00000079841,ENSG00000080854,ENSG00000082397,ENSG00000083454,ENSG00000090932,ENSG00000091129,ENSG00000091409,ENSG00000092421,ENSG00000095596,ENSG00000095713,ENSG00000100095,ENSG00000101463,ENSG00000103449,ENSG00000103528,ENSG00000104332,ENSG00000105329,ENSG00000105464,ENSG00000105880,ENSG00000107282,ENSG00000108231,ENSG00000108691,ENSG00000109851,ENSG00000110195,ENSG00000110492,ENSG00000110719,ENSG00000111087,ENSG00000111199,ENSG00000111249,ENSG00000112038,ENSG00000112137,ENSG00000112893,ENSG00000113763,ENSG00000114200,ENSG00000114251,ENSG00000115414,ENSG00000115468,ENSG00000115738,ENSG00000116678,ENSG00000117318,ENSG00000119042,ENSG00000119283,ENSG00000120332,ENSG00000120885,ENSG00000121904,ENSG00000121966,ENSG00000124788,ENSG00000125538,ENSG00000125730,ENSG00000125848,ENSG00000125851,ENSG00000125968,ENSG00000126458,ENSG00000126778,ENSG00000128594,ENSG00000129159,ENSG00000130164,ENSG00000130203,ENSG00000132170,ENSG00000132386,ENSG00000132561,ENSG00000134121,ENSG00000134508,ENSG00000134532,ENSG00000135111,ENSG00000135919,ENSG00000136160,ENSG00000136944,ENSG00000137463,ENSG00000137693,ENSG00000138083,ENSG00000138162,ENSG00000138650,ENSG00000138795,ENSG00000139219,ENSG00000139352,ENSG00000139549,ENSG00000140279,ENSG00000140285,ENSG00000141337,ENSG00000141668,ENSG00000142233,ENSG00000143320,ENSG00000143355,ENSG00000143816,ENSG00000143869,ENSG00000143995,ENSG00000144476,ENSG00000145920,ENSG00000146006,ENSG00000147869,ENSG00000148053,ENSG00000150281,ENSG00000151615,ENSG00000152377,ENSG00000152894,ENSG00000153707,ENSG00000153993,ENSG00000154133,ENSG00000154654,ENSG00000154928,ENSG00000155974,ENSG00000156687,ENSG00000157087,ENSG00000157404,ENSG00000161681,ENSG00000162105,ENSG00000162344,ENSG00000162576,ENSG00000162614,ENSG00000162624,ENSG00000162670,ENSG00000162951,ENSG00000163394,ENSG00000163513,ENSG00000165197,ENSG00000165323,ENSG00000165959,ENSG00000165973,ENSG00000166206,ENSG00000168505,ENSG00000168539,ENSG00000168542,ENSG00000169247,ENSG00000169860,ENSG00000170775,ENSG00000172201,ENSG00000173376,ENSG00000173805,ENSG00000174672,ENSG00000175505,ENSG00000176884,ENSG00000177301,ENSG00000178764,ENSG00000179242,ENSG00000180772,ENSG00000181072,ENSG00000181541,ENSG00000182636,ENSG00000184254,ENSG00000184564,ENSG00000184613,ENSG00000185345,ENSG00000185551,ENSG00000185650,ENSG00000185924,ENSG00000186367,ENSG00000186417,ENSG00000186487,ENSG00000187323,ENSG00000187634,ENSG00000188162,ENSG00000188620,ENSG00000188816,ENSG00000189292,ENSG00000196092,ENSG00000196277,ENSG00000196549,ENSG00000196562,ENSG00000197747,ENSG00000197971,ENSG00000198121,ENSG00000198576,ENSG00000198719,ENSG00000198797,ENSG00000198959,ENSG00000198963,ENSG00000213171,ENSG00000214960,ENSG00000215397,ENSG00000221866,ENSG00000232810,ENSG00000240583,ENSG00000243364,ENSG00000250366,ENSG00000266074,ENSG00000266524"
"GO:BP","response to chemical","GO:0042221","false","1.7122717780641116e-9","8.766427301372746","2553","792","224","14387","ENSG00000001617,ENSG00000003137,ENSG00000006016,ENSG00000006071,ENSG00000006534,ENSG00000007171,ENSG00000008394,ENSG00000010671,ENSG00000012223,ENSG00000019991,ENSG00000021826,ENSG00000023445,ENSG00000041982,ENSG00000042286,ENSG00000048540,ENSG00000054598,ENSG00000056558,ENSG00000064300,ENSG00000064989,ENSG00000066468,ENSG00000067182,ENSG00000069431,ENSG00000071967,ENSG00000073756,ENSG00000074966,ENSG00000075213,ENSG00000075651,ENSG00000077092,ENSG00000077238,ENSG00000078401,ENSG00000081041,ENSG00000083454,ENSG00000086506,ENSG00000091592,ENSG00000091704,ENSG00000092421,ENSG00000095303,ENSG00000095596,ENSG00000100985,ENSG00000101292,ENSG00000102265,ENSG00000102996,ENSG00000103490,ENSG00000103546,ENSG00000103569,ENSG00000104332,ENSG00000104826,ENSG00000105329,ENSG00000105464,ENSG00000106538,ENSG00000106991,ENSG00000108688,ENSG00000108691,ENSG00000108700,ENSG00000108821,ENSG00000110169,ENSG00000110195,ENSG00000110492,ENSG00000110719,ENSG00000111199,ENSG00000112038,ENSG00000112164,ENSG00000113739,ENSG00000114200,ENSG00000114251,ENSG00000115353,ENSG00000115461,ENSG00000115468,ENSG00000116678,ENSG00000117318,ENSG00000117525,ENSG00000118503,ENSG00000119411,ENSG00000119508,ENSG00000119699,ENSG00000120659,ENSG00000121966,ENSG00000122679,ENSG00000123610,ENSG00000125384,ENSG00000125538,ENSG00000125848,ENSG00000126562,ENSG00000126778,ENSG00000128052,ENSG00000128340,ENSG00000129159,ENSG00000129422,ENSG00000130164,ENSG00000130203,ENSG00000130303,ENSG00000130529,ENSG00000130649,ENSG00000130700,ENSG00000130707,ENSG00000131459,ENSG00000132164,ENSG00000132170,ENSG00000132256,ENSG00000132386,ENSG00000134013,ENSG00000135902,ENSG00000136160,ENSG00000136546,ENSG00000136997,ENSG00000137077,ENSG00000137463,ENSG00000137491,ENSG00000137693,ENSG00000138795,ENSG00000139117,ENSG00000139352,ENSG00000139549,ENSG00000140279,ENSG00000140285,ENSG00000140795,ENSG00000142089,ENSG00000143772,ENSG00000143816,ENSG00000143839,ENSG00000144476,ENSG00000145103,ENSG00000145623,ENSG00000147065,ENSG00000147869,ENSG00000148053,ENSG00000148908,ENSG00000149212,ENSG00000150457,ENSG00000150594,ENSG00000150907,ENSG00000151615,ENSG00000151790,ENSG00000152661,ENSG00000152894,ENSG00000153993,ENSG00000154928,ENSG00000155897,ENSG00000157404,ENSG00000158014,ENSG00000158022,ENSG00000158270,ENSG00000159674,ENSG00000160013,ENSG00000160179,ENSG00000161681,ENSG00000162344,ENSG00000162496,ENSG00000162670,ENSG00000163273,ENSG00000163359,ENSG00000163377,ENSG00000163394,ENSG00000163513,ENSG00000164082,ENSG00000164294,ENSG00000164326,ENSG00000164342,ENSG00000164509,ENSG00000164692,ENSG00000165140,ENSG00000165197,ENSG00000165646,ENSG00000166206,ENSG00000166862,ENSG00000166923,ENSG00000167588,ENSG00000168539,ENSG00000168542,ENSG00000168671,ENSG00000169245,ENSG00000169248,ENSG00000169429,ENSG00000169860,ENSG00000169871,ENSG00000170775,ENSG00000171303,ENSG00000171631,ENSG00000172247,ENSG00000172572,ENSG00000173376,ENSG00000173662,ENSG00000174672,ENSG00000175505,ENSG00000176884,ENSG00000179954,ENSG00000180720,ENSG00000180772,ENSG00000180875,ENSG00000181019,ENSG00000181072,ENSG00000182195,ENSG00000182871,ENSG00000183779,ENSG00000185201,ENSG00000185291,ENSG00000185345,ENSG00000185551,ENSG00000185650,ENSG00000186827,ENSG00000186838,ENSG00000187486,ENSG00000188282,ENSG00000196154,ENSG00000196502,ENSG00000196549,ENSG00000196664,ENSG00000197712,ENSG00000197971,ENSG00000198121,ENSG00000198125,ENSG00000198626,ENSG00000198797,ENSG00000198835,ENSG00000198959,ENSG00000198963,ENSG00000221866,ENSG00000224389,ENSG00000232810,ENSG00000240583,ENSG00000250366,ENSG00000266524,ENSG00000271447,ENSG00000271503"
"GO:BP","response to stimulus","GO:0050896","false","2.8413477226415993e-9","8.546475614294103","6290","792","448","14387","ENSG00000000971,ENSG00000001617,ENSG00000002746,ENSG00000003137,ENSG00000006016,ENSG00000006071,ENSG00000006534,ENSG00000007171,ENSG00000008118,ENSG00000008394,ENSG00000009694,ENSG00000010671,ENSG00000011465,ENSG00000012223,ENSG00000013364,ENSG00000013588,ENSG00000014257,ENSG00000018408,ENSG00000019991,ENSG00000021300,ENSG00000021645,ENSG00000021826,ENSG00000023445,ENSG00000041982,ENSG00000042286,ENSG00000048540,ENSG00000049323,ENSG00000053108,ENSG00000054598,ENSG00000056558,ENSG00000064300,ENSG00000064666,ENSG00000064989,ENSG00000066468,ENSG00000067182,ENSG00000068079,ENSG00000069431,ENSG00000070404,ENSG00000070540,ENSG00000070601,ENSG00000071967,ENSG00000073331,ENSG00000073756,ENSG00000074771,ENSG00000074966,ENSG00000075213,ENSG00000075275,ENSG00000075651,ENSG00000076944,ENSG00000077092,ENSG00000077238,ENSG00000078098,ENSG00000078401,ENSG00000078579,ENSG00000079841,ENSG00000081041,ENSG00000083454,ENSG00000085276,ENSG00000086506,ENSG00000086717,ENSG00000090932,ENSG00000091409,ENSG00000091592,ENSG00000091704,ENSG00000091986,ENSG00000092421,ENSG00000095303,ENSG00000095596,ENSG00000100302,ENSG00000100504,ENSG00000100985,ENSG00000101000,ENSG00000101282,ENSG00000101292,ENSG00000101489,ENSG00000101955,ENSG00000102048,ENSG00000102265,ENSG00000102996,ENSG00000103154,ENSG00000103449,ENSG00000103490,ENSG00000103546,ENSG00000103569,ENSG00000104213,ENSG00000104327,ENSG00000104332,ENSG00000104518,ENSG00000104826,ENSG00000104951,ENSG00000105329,ENSG00000105464,ENSG00000105880,ENSG00000106538,ENSG00000106991,ENSG00000108688,ENSG00000108691,ENSG00000108700,ENSG00000108771,ENSG00000108821,ENSG00000109956,ENSG00000110169,ENSG00000110195,ENSG00000110492,ENSG00000110719,ENSG00000111087,ENSG00000111199,ENSG00000111249,ENSG00000111348,ENSG00000112038,ENSG00000112164,ENSG00000112183,ENSG00000112530,ENSG00000112541,ENSG00000113739,ENSG00000113763,ENSG00000114200,ENSG00000114251,ENSG00000114805,ENSG00000115252,ENSG00000115353,ENSG00000115414,ENSG00000115461,ENSG00000115468,ENSG00000115738,ENSG00000115896,ENSG00000116183,ENSG00000116299,ENSG00000116678,ENSG00000117318,ENSG00000117525,ENSG00000118292,ENSG00000118503,ENSG00000119283,ENSG00000119411,ENSG00000119508,ENSG00000119655,ENSG00000119699,ENSG00000120332,ENSG00000120645,ENSG00000120659,ENSG00000120885,ENSG00000121966,ENSG00000122679,ENSG00000123146,ENSG00000123609,ENSG00000123610,ENSG00000123892,ENSG00000125355,ENSG00000125384,ENSG00000125538,ENSG00000125730,ENSG00000125848,ENSG00000125968,ENSG00000126458,ENSG00000126562,ENSG00000126778,ENSG00000127418,ENSG00000128052,ENSG00000128340,ENSG00000128849,ENSG00000129159,ENSG00000129422,ENSG00000129993,ENSG00000130164,ENSG00000130203,ENSG00000130303,ENSG00000130529,ENSG00000130635,ENSG00000130649,ENSG00000130700,ENSG00000130707,ENSG00000130768,ENSG00000130962,ENSG00000131459,ENSG00000131634,ENSG00000132164,ENSG00000132170,ENSG00000132256,ENSG00000132386,ENSG00000132561,ENSG00000134013,ENSG00000134121,ENSG00000134532,ENSG00000135111,ENSG00000135116,ENSG00000135253,ENSG00000135902,ENSG00000135919,ENSG00000135926,ENSG00000136160,ENSG00000136546,ENSG00000136997,ENSG00000137077,ENSG00000137198,ENSG00000137331,ENSG00000137463,ENSG00000137491,ENSG00000137693,ENSG00000137699,ENSG00000137727,ENSG00000137962,ENSG00000137965,ENSG00000138100,ENSG00000138119,ENSG00000138735,ENSG00000138772,ENSG00000138795,ENSG00000139055,ENSG00000139117,ENSG00000139219,ENSG00000139269,ENSG00000139352,ENSG00000139549,ENSG00000140279,ENSG00000140285,ENSG00000140795,ENSG00000142089,ENSG00000142173,ENSG00000142279,ENSG00000143320,ENSG00000143772,ENSG00000143816,ENSG00000143839,ENSG00000143869,ENSG00000144476,ENSG00000144596,ENSG00000144824,ENSG00000145103,ENSG00000145451,ENSG00000145623,ENSG00000145819,ENSG00000145920,ENSG00000146376,ENSG00000147065,ENSG00000147255,ENSG00000147256,ENSG00000147869,ENSG00000148053,ENSG00000148908,ENSG00000149131,ENSG00000149212,ENSG00000149488,ENSG00000149527,ENSG00000150281,ENSG00000150457,ENSG00000150594,ENSG00000150907,ENSG00000151615,ENSG00000151790,ENSG00000152137,ENSG00000152284,ENSG00000152402,ENSG00000152661,ENSG00000152894,ENSG00000153029,ENSG00000153291,ENSG00000153294,ENSG00000153707,ENSG00000153993,ENSG00000154175,ENSG00000154678,ENSG00000154928,ENSG00000155367,ENSG00000155849,ENSG00000155886,ENSG00000155897,ENSG00000155926,ENSG00000155974,ENSG00000156535,ENSG00000156687,ENSG00000157110,ENSG00000157404,ENSG00000157613,ENSG00000158014,ENSG00000158022,ENSG00000158270,ENSG00000159674,ENSG00000160013,ENSG00000160179,ENSG00000160223,ENSG00000160224,ENSG00000161681,ENSG00000161835,ENSG00000162105,ENSG00000162344,ENSG00000162496,ENSG00000162595,ENSG00000162670,ENSG00000162745,ENSG00000162894,ENSG00000162998,ENSG00000163191,ENSG00000163219,ENSG00000163273,ENSG00000163346,ENSG00000163359,ENSG00000163377,ENSG00000163394,ENSG00000163430,ENSG00000163513,ENSG00000163637,ENSG00000163673,ENSG00000164082,ENSG00000164294,ENSG00000164326,ENSG00000164342,ENSG00000164509,ENSG00000164692,ENSG00000165140,ENSG00000165197,ENSG00000165646,ENSG00000165757,ENSG00000165895,ENSG00000166206,ENSG00000166292,ENSG00000166349,ENSG00000166482,ENSG00000166592,ENSG00000166801,ENSG00000166862,ENSG00000166863,ENSG00000166923,ENSG00000167588,ENSG00000168071,ENSG00000168412,ENSG00000168539,ENSG00000168542,ENSG00000168671,ENSG00000168843,ENSG00000169245,ENSG00000169247,ENSG00000169248,ENSG00000169302,ENSG00000169427,ENSG00000169429,ENSG00000169583,ENSG00000169860,ENSG00000169871,ENSG00000169891,ENSG00000170419,ENSG00000170608,ENSG00000170775,ENSG00000170891,ENSG00000171303,ENSG00000171551,ENSG00000171631,ENSG00000171819,ENSG00000172236,ENSG00000172247,ENSG00000172572,ENSG00000172985,ENSG00000173040,ENSG00000173376,ENSG00000173567,ENSG00000173662,ENSG00000173805,ENSG00000174672,ENSG00000175505,ENSG00000176884,ENSG00000177374,ENSG00000177694,ENSG00000177706,ENSG00000179399,ENSG00000179546,ENSG00000179954,ENSG00000180447,ENSG00000180720,ENSG00000180739,ENSG00000180772,ENSG00000180875,ENSG00000181019,ENSG00000181072,ENSG00000181656,ENSG00000181744,ENSG00000182195,ENSG00000182636,ENSG00000182771,ENSG00000182836,ENSG00000182871,ENSG00000183098,ENSG00000183778,ENSG00000183779,ENSG00000184254,ENSG00000184564,ENSG00000185201,ENSG00000185291,ENSG00000185345,ENSG00000185551,ENSG00000185650,ENSG00000185924,ENSG00000186197,ENSG00000186417,ENSG00000186827,ENSG00000186838,ENSG00000186897,ENSG00000187098,ENSG00000187486,ENSG00000188282,ENSG00000188783,ENSG00000189292,ENSG00000196154,ENSG00000196277,ENSG00000196502,ENSG00000196549,ENSG00000196562,ENSG00000196611,ENSG00000196664,ENSG00000197496,ENSG00000197712,ENSG00000197747,ENSG00000197766,ENSG00000197769,ENSG00000197971,ENSG00000198121,ENSG00000198125,ENSG00000198523,ENSG00000198576,ENSG00000198626,ENSG00000198719,ENSG00000198768,ENSG00000198797,ENSG00000198835,ENSG00000198915,ENSG00000198959,ENSG00000198963,ENSG00000204592,ENSG00000205413,ENSG00000213694,ENSG00000215397,ENSG00000219438,ENSG00000221866,ENSG00000224389,ENSG00000232810,ENSG00000237412,ENSG00000237988,ENSG00000240583,ENSG00000243364,ENSG00000244414,ENSG00000244731,ENSG00000250366,ENSG00000255346,ENSG00000255690,ENSG00000266524,ENSG00000271447,ENSG00000271503,ENSG00000274588,ENSG00000276644"
"GO:BP","neurogenesis","GO:0022008","false","3.4842393118511822e-9","8.45789202351308","1465","792","148","14387","ENSG00000001617,ENSG00000002746,ENSG00000006071,ENSG00000006611,ENSG00000009694,ENSG00000021645,ENSG00000038427,ENSG00000041982,ENSG00000053108,ENSG00000064300,ENSG00000066468,ENSG00000067798,ENSG00000074527,ENSG00000075213,ENSG00000075275,ENSG00000077092,ENSG00000078401,ENSG00000078579,ENSG00000079841,ENSG00000082397,ENSG00000090932,ENSG00000091129,ENSG00000091409,ENSG00000092421,ENSG00000095713,ENSG00000103449,ENSG00000103528,ENSG00000104332,ENSG00000105329,ENSG00000105880,ENSG00000108231,ENSG00000108691,ENSG00000109851,ENSG00000110195,ENSG00000110492,ENSG00000111199,ENSG00000111249,ENSG00000112038,ENSG00000112137,ENSG00000112893,ENSG00000113763,ENSG00000114200,ENSG00000114251,ENSG00000115414,ENSG00000115468,ENSG00000115738,ENSG00000116678,ENSG00000117318,ENSG00000119042,ENSG00000119283,ENSG00000120332,ENSG00000120885,ENSG00000121966,ENSG00000125538,ENSG00000125730,ENSG00000125848,ENSG00000125968,ENSG00000126458,ENSG00000126778,ENSG00000130164,ENSG00000130203,ENSG00000132170,ENSG00000132386,ENSG00000132561,ENSG00000134121,ENSG00000134532,ENSG00000135919,ENSG00000136160,ENSG00000136944,ENSG00000137463,ENSG00000137693,ENSG00000138083,ENSG00000138795,ENSG00000139352,ENSG00000140285,ENSG00000141337,ENSG00000142233,ENSG00000143320,ENSG00000143355,ENSG00000143816,ENSG00000143869,ENSG00000143995,ENSG00000148053,ENSG00000150281,ENSG00000151615,ENSG00000152377,ENSG00000152894,ENSG00000153707,ENSG00000153993,ENSG00000154133,ENSG00000154654,ENSG00000154928,ENSG00000155974,ENSG00000156687,ENSG00000157087,ENSG00000157404,ENSG00000161681,ENSG00000162344,ENSG00000162576,ENSG00000162614,ENSG00000162624,ENSG00000162670,ENSG00000163394,ENSG00000165197,ENSG00000165323,ENSG00000165959,ENSG00000168505,ENSG00000168539,ENSG00000168542,ENSG00000169247,ENSG00000169860,ENSG00000170775,ENSG00000172201,ENSG00000173376,ENSG00000173805,ENSG00000174672,ENSG00000175505,ENSG00000178764,ENSG00000179242,ENSG00000182636,ENSG00000184564,ENSG00000184613,ENSG00000185345,ENSG00000185551,ENSG00000185924,ENSG00000186367,ENSG00000186417,ENSG00000186487,ENSG00000187323,ENSG00000187634,ENSG00000188162,ENSG00000189292,ENSG00000196277,ENSG00000196549,ENSG00000197747,ENSG00000198121,ENSG00000198576,ENSG00000198719,ENSG00000198797,ENSG00000198959,ENSG00000198963,ENSG00000214960,ENSG00000215397,ENSG00000221866,ENSG00000232810,ENSG00000243364,ENSG00000250366,ENSG00000266074"
"GO:BP","angiogenesis","GO:0001525","false","5.608525874377362e-9","8.251151272210997","423","792","64","14387","ENSG00000006071,ENSG00000011465,ENSG00000021645,ENSG00000054598,ENSG00000064300,ENSG00000064989,ENSG00000066468,ENSG00000073756,ENSG00000078098,ENSG00000078401,ENSG00000091129,ENSG00000092421,ENSG00000104332,ENSG00000105329,ENSG00000106991,ENSG00000108691,ENSG00000110492,ENSG00000114251,ENSG00000115414,ENSG00000116678,ENSG00000117525,ENSG00000118503,ENSG00000120332,ENSG00000121075,ENSG00000125538,ENSG00000125730,ENSG00000125968,ENSG00000126458,ENSG00000128052,ENSG00000132170,ENSG00000132386,ENSG00000134013,ENSG00000135048,ENSG00000138772,ENSG00000138795,ENSG00000143995,ENSG00000144476,ENSG00000154133,ENSG00000154928,ENSG00000157613,ENSG00000163273,ENSG00000163513,ENSG00000164342,ENSG00000165197,ENSG00000165757,ENSG00000166292,ENSG00000166825,ENSG00000166923,ENSG00000167664,ENSG00000168505,ENSG00000169245,ENSG00000169429,ENSG00000169583,ENSG00000171812,ENSG00000173376,ENSG00000182871,ENSG00000186367,ENSG00000198719,ENSG00000198959,ENSG00000203883,ENSG00000219438,ENSG00000232810,ENSG00000240583,ENSG00000255346"
"GO:BP","positive regulation of developmental process","GO:0051094","false","6.9387927903846386e-9","8.158716081429764","1009","792","113","14387","ENSG00000003137,ENSG00000010671,ENSG00000011465,ENSG00000012223,ENSG00000018408,ENSG00000019991,ENSG00000048540,ENSG00000054598,ENSG00000064300,ENSG00000066468,ENSG00000067182,ENSG00000073756,ENSG00000077238,ENSG00000078401,ENSG00000078579,ENSG00000079841,ENSG00000088002,ENSG00000091129,ENSG00000101463,ENSG00000103528,ENSG00000104332,ENSG00000104951,ENSG00000105329,ENSG00000106538,ENSG00000106991,ENSG00000108821,ENSG00000110492,ENSG00000111087,ENSG00000111249,ENSG00000112038,ENSG00000112183,ENSG00000112893,ENSG00000114251,ENSG00000115414,ENSG00000115738,ENSG00000117525,ENSG00000119699,ENSG00000120332,ENSG00000120659,ENSG00000121966,ENSG00000125538,ENSG00000125730,ENSG00000125848,ENSG00000126458,ENSG00000126778,ENSG00000128052,ENSG00000130203,ENSG00000130529,ENSG00000130700,ENSG00000131389,ENSG00000132170,ENSG00000132386,ENSG00000134013,ENSG00000134532,ENSG00000135919,ENSG00000136997,ENSG00000137693,ENSG00000138772,ENSG00000138795,ENSG00000139352,ENSG00000140795,ENSG00000141668,ENSG00000143320,ENSG00000143772,ENSG00000143869,ENSG00000146006,ENSG00000148053,ENSG00000151615,ENSG00000152661,ENSG00000153707,ENSG00000154175,ENSG00000154928,ENSG00000155974,ENSG00000157404,ENSG00000158156,ENSG00000161681,ENSG00000162670,ENSG00000162951,ENSG00000162998,ENSG00000163273,ENSG00000163513,ENSG00000164342,ENSG00000165757,ENSG00000165973,ENSG00000166292,ENSG00000166349,ENSG00000166923,ENSG00000167664,ENSG00000169429,ENSG00000169583,ENSG00000170419,ENSG00000172201,ENSG00000172572,ENSG00000172638,ENSG00000173805,ENSG00000175505,ENSG00000177706,ENSG00000179242,ENSG00000180772,ENSG00000183779,ENSG00000184564,ENSG00000185155,ENSG00000185345,ENSG00000185650,ENSG00000196549,ENSG00000198121,ENSG00000198719,ENSG00000198797,ENSG00000198959,ENSG00000213171,ENSG00000232810,ENSG00000240583,ENSG00000266524"
"GO:BP","extracellular matrix organization","GO:0030198","true","8.127623320825613e-9","8.090036432210457","236","792","45","14387","ENSG00000054598,ENSG00000067182,ENSG00000074527,ENSG00000078098,ENSG00000080573,ENSG00000087116,ENSG00000087303,ENSG00000091986,ENSG00000095587,ENSG00000099953,ENSG00000100985,ENSG00000102996,ENSG00000105329,ENSG00000106991,ENSG00000108821,ENSG00000130635,ENSG00000132170,ENSG00000132561,ENSG00000134013,ENSG00000139219,ENSG00000139329,ENSG00000143382,ENSG00000154175,ENSG00000157613,ENSG00000162745,ENSG00000163346,ENSG00000164692,ENSG00000166106,ENSG00000166482,ENSG00000166923,ENSG00000168542,ENSG00000171812,ENSG00000171819,ENSG00000172236,ENSG00000172638,ENSG00000172987,ENSG00000173376,ENSG00000185761,ENSG00000189409,ENSG00000196562,ENSG00000196611,ENSG00000197496,ENSG00000204248,ENSG00000232810,ENSG00000271447"
"GO:BP","extracellular structure organization","GO:0043062","false","9.517862762033448e-9","8.021460561579842","237","792","45","14387","ENSG00000054598,ENSG00000067182,ENSG00000074527,ENSG00000078098,ENSG00000080573,ENSG00000087116,ENSG00000087303,ENSG00000091986,ENSG00000095587,ENSG00000099953,ENSG00000100985,ENSG00000102996,ENSG00000105329,ENSG00000106991,ENSG00000108821,ENSG00000130635,ENSG00000132170,ENSG00000132561,ENSG00000134013,ENSG00000139219,ENSG00000139329,ENSG00000143382,ENSG00000154175,ENSG00000157613,ENSG00000162745,ENSG00000163346,ENSG00000164692,ENSG00000166106,ENSG00000166482,ENSG00000166923,ENSG00000168542,ENSG00000171812,ENSG00000171819,ENSG00000172236,ENSG00000172638,ENSG00000172987,ENSG00000173376,ENSG00000185761,ENSG00000189409,ENSG00000196562,ENSG00000196611,ENSG00000197496,ENSG00000204248,ENSG00000232810,ENSG00000271447"
"GO:BP","external encapsulating structure organization","GO:0045229","false","9.517862762033448e-9","8.021460561579842","237","792","45","14387","ENSG00000054598,ENSG00000067182,ENSG00000074527,ENSG00000078098,ENSG00000080573,ENSG00000087116,ENSG00000087303,ENSG00000091986,ENSG00000095587,ENSG00000099953,ENSG00000100985,ENSG00000102996,ENSG00000105329,ENSG00000106991,ENSG00000108821,ENSG00000130635,ENSG00000132170,ENSG00000132561,ENSG00000134013,ENSG00000139219,ENSG00000139329,ENSG00000143382,ENSG00000154175,ENSG00000157613,ENSG00000162745,ENSG00000163346,ENSG00000164692,ENSG00000166106,ENSG00000166482,ENSG00000166923,ENSG00000168542,ENSG00000171812,ENSG00000171819,ENSG00000172236,ENSG00000172638,ENSG00000172987,ENSG00000173376,ENSG00000185761,ENSG00000189409,ENSG00000196562,ENSG00000196611,ENSG00000197496,ENSG00000204248,ENSG00000232810,ENSG00000271447"
"GO:BP","regulation of cell differentiation","GO:0045595","false","1.15240007220258e-8","7.938396723181297","1174","792","125","14387","ENSG00000001617,ENSG00000003137,ENSG00000006071,ENSG00000010671,ENSG00000012223,ENSG00000018408,ENSG00000019991,ENSG00000021300,ENSG00000048540,ENSG00000053108,ENSG00000054598,ENSG00000066468,ENSG00000067182,ENSG00000070404,ENSG00000073756,ENSG00000077092,ENSG00000077238,ENSG00000078401,ENSG00000078579,ENSG00000088002,ENSG00000090932,ENSG00000091129,ENSG00000099953,ENSG00000100985,ENSG00000104332,ENSG00000104951,ENSG00000105329,ENSG00000106538,ENSG00000106991,ENSG00000108821,ENSG00000110492,ENSG00000110719,ENSG00000111087,ENSG00000111199,ENSG00000111249,ENSG00000112038,ENSG00000112183,ENSG00000112893,ENSG00000114251,ENSG00000115414,ENSG00000115461,ENSG00000115738,ENSG00000117318,ENSG00000119699,ENSG00000120332,ENSG00000120659,ENSG00000121966,ENSG00000123610,ENSG00000125538,ENSG00000126458,ENSG00000126778,ENSG00000128052,ENSG00000128606,ENSG00000130164,ENSG00000130529,ENSG00000130635,ENSG00000130700,ENSG00000131389,ENSG00000132170,ENSG00000132386,ENSG00000134013,ENSG00000134532,ENSG00000135111,ENSG00000135919,ENSG00000136160,ENSG00000136997,ENSG00000137693,ENSG00000138083,ENSG00000138795,ENSG00000139352,ENSG00000140795,ENSG00000143320,ENSG00000143772,ENSG00000143816,ENSG00000143869,ENSG00000143995,ENSG00000144824,ENSG00000148053,ENSG00000150907,ENSG00000151615,ENSG00000152661,ENSG00000153707,ENSG00000154175,ENSG00000154928,ENSG00000156535,ENSG00000157404,ENSG00000158156,ENSG00000160179,ENSG00000162670,ENSG00000162998,ENSG00000163273,ENSG00000163513,ENSG00000164326,ENSG00000164342,ENSG00000165973,ENSG00000166292,ENSG00000166349,ENSG00000166923,ENSG00000169245,ENSG00000170419,ENSG00000172201,ENSG00000172572,ENSG00000172638,ENSG00000173805,ENSG00000175505,ENSG00000177706,ENSG00000178764,ENSG00000179242,ENSG00000183779,ENSG00000185155,ENSG00000185650,ENSG00000186897,ENSG00000187098,ENSG00000187323,ENSG00000196549,ENSG00000197747,ENSG00000198719,ENSG00000198797,ENSG00000198959,ENSG00000198963,ENSG00000213694,ENSG00000232810,ENSG00000233608,ENSG00000250366,ENSG00000266524"
"GO:BP","tube morphogenesis","GO:0035239","false","1.2458197872725557e-8","7.904544775536819","681","792","86","14387","ENSG00000006071,ENSG00000011465,ENSG00000021645,ENSG00000041982,ENSG00000054598,ENSG00000064300,ENSG00000064989,ENSG00000066468,ENSG00000073756,ENSG00000075275,ENSG00000078098,ENSG00000078401,ENSG00000091129,ENSG00000092421,ENSG00000103449,ENSG00000104332,ENSG00000105329,ENSG00000106991,ENSG00000108691,ENSG00000110195,ENSG00000110492,ENSG00000111087,ENSG00000114251,ENSG00000115414,ENSG00000115738,ENSG00000116678,ENSG00000117525,ENSG00000118292,ENSG00000118503,ENSG00000120332,ENSG00000121075,ENSG00000125538,ENSG00000125730,ENSG00000125968,ENSG00000126458,ENSG00000126562,ENSG00000126778,ENSG00000128052,ENSG00000130164,ENSG00000130203,ENSG00000132170,ENSG00000132386,ENSG00000134013,ENSG00000135048,ENSG00000135111,ENSG00000136997,ENSG00000137693,ENSG00000138772,ENSG00000138795,ENSG00000143869,ENSG00000143995,ENSG00000144476,ENSG00000148053,ENSG00000154133,ENSG00000154928,ENSG00000157613,ENSG00000163273,ENSG00000163513,ENSG00000164342,ENSG00000165197,ENSG00000165757,ENSG00000166292,ENSG00000166825,ENSG00000166923,ENSG00000167664,ENSG00000168505,ENSG00000168542,ENSG00000169245,ENSG00000169429,ENSG00000169583,ENSG00000171812,ENSG00000172638,ENSG00000173376,ENSG00000180772,ENSG00000182871,ENSG00000185551,ENSG00000185650,ENSG00000186367,ENSG00000198626,ENSG00000198719,ENSG00000198959,ENSG00000203883,ENSG00000219438,ENSG00000232810,ENSG00000240583,ENSG00000255346"
"GO:BP","regulation of locomotion","GO:0040012","false","1.3917544514728073e-8","7.856437380944692","804","792","96","14387","ENSG00000001617,ENSG00000002586,ENSG00000006071,ENSG00000011465,ENSG00000019991,ENSG00000041982,ENSG00000064300,ENSG00000064666,ENSG00000067798,ENSG00000073756,ENSG00000075213,ENSG00000078401,ENSG00000078579,ENSG00000091409,ENSG00000092421,ENSG00000100985,ENSG00000102265,ENSG00000103490,ENSG00000104332,ENSG00000105329,ENSG00000106538,ENSG00000106991,ENSG00000108688,ENSG00000108691,ENSG00000108700,ENSG00000108821,ENSG00000110492,ENSG00000111087,ENSG00000111199,ENSG00000111348,ENSG00000112137,ENSG00000114251,ENSG00000115353,ENSG00000115414,ENSG00000115461,ENSG00000117525,ENSG00000119508,ENSG00000120332,ENSG00000121966,ENSG00000123610,ENSG00000125538,ENSG00000126458,ENSG00000128052,ENSG00000128340,ENSG00000129422,ENSG00000130203,ENSG00000130303,ENSG00000132170,ENSG00000132386,ENSG00000135919,ENSG00000137077,ENSG00000138772,ENSG00000138795,ENSG00000140279,ENSG00000140285,ENSG00000144476,ENSG00000144824,ENSG00000146376,ENSG00000147065,ENSG00000150594,ENSG00000151615,ENSG00000152661,ENSG00000152894,ENSG00000153993,ENSG00000154133,ENSG00000156687,ENSG00000157404,ENSG00000160224,ENSG00000162344,ENSG00000162614,ENSG00000163191,ENSG00000163513,ENSG00000165197,ENSG00000165757,ENSG00000166923,ENSG00000168539,ENSG00000168542,ENSG00000169245,ENSG00000169429,ENSG00000174348,ENSG00000177469,ENSG00000179546,ENSG00000180720,ENSG00000180772,ENSG00000183779,ENSG00000185551,ENSG00000187098,ENSG00000198121,ENSG00000215397,ENSG00000221866,ENSG00000232810,ENSG00000233608,ENSG00000240583,ENSG00000271447,ENSG00000271503,ENSG00000276644"
"GO:BP","response to external stimulus","GO:0009605","false","1.8194474214251412e-8","7.740060490182095","1565","792","153","14387","ENSG00000000971,ENSG00000001617,ENSG00000006071,ENSG00000007171,ENSG00000010671,ENSG00000012223,ENSG00000019991,ENSG00000021300,ENSG00000021826,ENSG00000023445,ENSG00000041982,ENSG00000064300,ENSG00000064666,ENSG00000066468,ENSG00000067182,ENSG00000068079,ENSG00000069431,ENSG00000073331,ENSG00000073756,ENSG00000074771,ENSG00000074966,ENSG00000075213,ENSG00000075651,ENSG00000077238,ENSG00000078098,ENSG00000078401,ENSG00000081041,ENSG00000083454,ENSG00000091592,ENSG00000091986,ENSG00000092421,ENSG00000100504,ENSG00000100985,ENSG00000103490,ENSG00000104327,ENSG00000104518,ENSG00000105329,ENSG00000105464,ENSG00000106538,ENSG00000106991,ENSG00000108688,ENSG00000108691,ENSG00000108700,ENSG00000108771,ENSG00000108821,ENSG00000110169,ENSG00000110492,ENSG00000111199,ENSG00000114251,ENSG00000115353,ENSG00000115738,ENSG00000117525,ENSG00000118503,ENSG00000119411,ENSG00000119655,ENSG00000120659,ENSG00000120885,ENSG00000121966,ENSG00000123609,ENSG00000123610,ENSG00000123892,ENSG00000125355,ENSG00000125384,ENSG00000125538,ENSG00000125730,ENSG00000125848,ENSG00000128052,ENSG00000128340,ENSG00000129159,ENSG00000129422,ENSG00000130164,ENSG00000130203,ENSG00000130303,ENSG00000130529,ENSG00000130649,ENSG00000130707,ENSG00000130768,ENSG00000132170,ENSG00000132256,ENSG00000135919,ENSG00000136160,ENSG00000136546,ENSG00000137077,ENSG00000137331,ENSG00000137699,ENSG00000137965,ENSG00000138100,ENSG00000138772,ENSG00000138795,ENSG00000139352,ENSG00000140279,ENSG00000140285,ENSG00000142089,ENSG00000143839,ENSG00000144476,ENSG00000144824,ENSG00000145623,ENSG00000149131,ENSG00000149488,ENSG00000150457,ENSG00000151615,ENSG00000153029,ENSG00000153993,ENSG00000154928,ENSG00000155886,ENSG00000156535,ENSG00000157404,ENSG00000158022,ENSG00000158270,ENSG00000159674,ENSG00000160013,ENSG00000161681,ENSG00000162344,ENSG00000163377,ENSG00000164342,ENSG00000164509,ENSG00000165197,ENSG00000166862,ENSG00000166923,ENSG00000168071,ENSG00000169245,ENSG00000169248,ENSG00000169429,ENSG00000169860,ENSG00000169871,ENSG00000177694,ENSG00000179954,ENSG00000181019,ENSG00000181072,ENSG00000181656,ENSG00000182195,ENSG00000183778,ENSG00000184254,ENSG00000184564,ENSG00000185201,ENSG00000185345,ENSG00000185924,ENSG00000196154,ENSG00000196664,ENSG00000197766,ENSG00000198121,ENSG00000198626,ENSG00000204592,ENSG00000205413,ENSG00000219438,ENSG00000221866,ENSG00000224389,ENSG00000232810,ENSG00000240583,ENSG00000244731,ENSG00000255690,ENSG00000271447,ENSG00000271503"
"GO:BP","regulation of cell migration","GO:0030334","false","4.7593870566788617e-8","7.322448974809477","734","792","89","14387","ENSG00000001617,ENSG00000002586,ENSG00000006071,ENSG00000011465,ENSG00000019991,ENSG00000041982,ENSG00000064300,ENSG00000064666,ENSG00000067798,ENSG00000073756,ENSG00000075213,ENSG00000078401,ENSG00000078579,ENSG00000091409,ENSG00000092421,ENSG00000100985,ENSG00000102265,ENSG00000103490,ENSG00000104332,ENSG00000105329,ENSG00000106538,ENSG00000106991,ENSG00000108688,ENSG00000108691,ENSG00000108700,ENSG00000108821,ENSG00000110492,ENSG00000111087,ENSG00000111199,ENSG00000111348,ENSG00000112137,ENSG00000114251,ENSG00000115353,ENSG00000115414,ENSG00000115461,ENSG00000117525,ENSG00000119508,ENSG00000120332,ENSG00000121966,ENSG00000123610,ENSG00000125538,ENSG00000126458,ENSG00000128052,ENSG00000128340,ENSG00000129422,ENSG00000130203,ENSG00000130303,ENSG00000132170,ENSG00000132386,ENSG00000135919,ENSG00000137077,ENSG00000138772,ENSG00000138795,ENSG00000140285,ENSG00000144476,ENSG00000144824,ENSG00000147065,ENSG00000150594,ENSG00000152661,ENSG00000152894,ENSG00000153993,ENSG00000154133,ENSG00000156687,ENSG00000157404,ENSG00000160224,ENSG00000162344,ENSG00000162614,ENSG00000163191,ENSG00000163513,ENSG00000165197,ENSG00000165757,ENSG00000166923,ENSG00000168542,ENSG00000169245,ENSG00000169429,ENSG00000174348,ENSG00000180772,ENSG00000183779,ENSG00000185551,ENSG00000187098,ENSG00000198121,ENSG00000215397,ENSG00000221866,ENSG00000232810,ENSG00000233608,ENSG00000240583,ENSG00000271447,ENSG00000271503,ENSG00000276644"
"GO:BP","regulation of cell motility","GO:2000145","false","5.1760525685590744e-8","7.286001321574442","772","792","92","14387","ENSG00000001617,ENSG00000002586,ENSG00000006071,ENSG00000011465,ENSG00000019991,ENSG00000041982,ENSG00000064300,ENSG00000064666,ENSG00000067798,ENSG00000073756,ENSG00000075213,ENSG00000078401,ENSG00000078579,ENSG00000091409,ENSG00000092421,ENSG00000100985,ENSG00000102265,ENSG00000103490,ENSG00000104332,ENSG00000105329,ENSG00000106538,ENSG00000106991,ENSG00000108688,ENSG00000108691,ENSG00000108700,ENSG00000108821,ENSG00000110492,ENSG00000111087,ENSG00000111199,ENSG00000111348,ENSG00000112137,ENSG00000114251,ENSG00000115353,ENSG00000115414,ENSG00000115461,ENSG00000117525,ENSG00000119508,ENSG00000120332,ENSG00000121966,ENSG00000123610,ENSG00000125538,ENSG00000126458,ENSG00000128052,ENSG00000128340,ENSG00000129422,ENSG00000130203,ENSG00000130303,ENSG00000132170,ENSG00000132386,ENSG00000135919,ENSG00000137077,ENSG00000138772,ENSG00000138795,ENSG00000140279,ENSG00000140285,ENSG00000144476,ENSG00000144824,ENSG00000146376,ENSG00000147065,ENSG00000150594,ENSG00000152661,ENSG00000152894,ENSG00000153993,ENSG00000154133,ENSG00000156687,ENSG00000157404,ENSG00000160224,ENSG00000162344,ENSG00000162614,ENSG00000163191,ENSG00000163513,ENSG00000165197,ENSG00000165757,ENSG00000166923,ENSG00000168542,ENSG00000169245,ENSG00000169429,ENSG00000174348,ENSG00000177469,ENSG00000180772,ENSG00000183779,ENSG00000185551,ENSG00000187098,ENSG00000198121,ENSG00000215397,ENSG00000221866,ENSG00000232810,ENSG00000233608,ENSG00000240583,ENSG00000271447,ENSG00000271503,ENSG00000276644"
"GO:BP","cellular response to chemical stimulus","GO:0070887","false","1.3843949723119075e-7","6.858739986596315","1619","792","154","14387","ENSG00000003137,ENSG00000006071,ENSG00000006534,ENSG00000007171,ENSG00000008394,ENSG00000010671,ENSG00000012223,ENSG00000019991,ENSG00000021826,ENSG00000041982,ENSG00000042286,ENSG00000048540,ENSG00000064300,ENSG00000064989,ENSG00000066468,ENSG00000069431,ENSG00000073756,ENSG00000075651,ENSG00000077092,ENSG00000078401,ENSG00000081041,ENSG00000086506,ENSG00000095303,ENSG00000095596,ENSG00000100985,ENSG00000101292,ENSG00000102265,ENSG00000103490,ENSG00000103569,ENSG00000104332,ENSG00000104826,ENSG00000105329,ENSG00000105464,ENSG00000106538,ENSG00000106991,ENSG00000108688,ENSG00000108691,ENSG00000108700,ENSG00000108821,ENSG00000110195,ENSG00000110492,ENSG00000111199,ENSG00000112038,ENSG00000112164,ENSG00000113739,ENSG00000114200,ENSG00000114251,ENSG00000115461,ENSG00000115468,ENSG00000116678,ENSG00000117318,ENSG00000118503,ENSG00000119508,ENSG00000120659,ENSG00000121966,ENSG00000122679,ENSG00000123610,ENSG00000125384,ENSG00000125538,ENSG00000126562,ENSG00000126778,ENSG00000128052,ENSG00000128340,ENSG00000129159,ENSG00000129422,ENSG00000130164,ENSG00000130203,ENSG00000130529,ENSG00000130649,ENSG00000130700,ENSG00000130707,ENSG00000132170,ENSG00000132256,ENSG00000132386,ENSG00000135902,ENSG00000136160,ENSG00000136546,ENSG00000136997,ENSG00000137077,ENSG00000137463,ENSG00000137491,ENSG00000137693,ENSG00000138795,ENSG00000139117,ENSG00000140279,ENSG00000143772,ENSG00000143816,ENSG00000143839,ENSG00000144476,ENSG00000147065,ENSG00000147869,ENSG00000148053,ENSG00000148908,ENSG00000149212,ENSG00000150457,ENSG00000150594,ENSG00000150907,ENSG00000151615,ENSG00000152661,ENSG00000152894,ENSG00000154928,ENSG00000155897,ENSG00000157404,ENSG00000158270,ENSG00000159674,ENSG00000162496,ENSG00000162670,ENSG00000163273,ENSG00000163377,ENSG00000163394,ENSG00000164294,ENSG00000164342,ENSG00000164692,ENSG00000165140,ENSG00000165197,ENSG00000166206,ENSG00000166923,ENSG00000167588,ENSG00000168539,ENSG00000168542,ENSG00000168671,ENSG00000169245,ENSG00000169248,ENSG00000169429,ENSG00000169860,ENSG00000170775,ENSG00000171303,ENSG00000171631,ENSG00000172572,ENSG00000173376,ENSG00000174672,ENSG00000176884,ENSG00000180720,ENSG00000180772,ENSG00000181019,ENSG00000181072,ENSG00000182195,ENSG00000183779,ENSG00000185345,ENSG00000185650,ENSG00000196502,ENSG00000197712,ENSG00000198121,ENSG00000198125,ENSG00000198626,ENSG00000198797,ENSG00000198959,ENSG00000198963,ENSG00000221866,ENSG00000232810,ENSG00000240583,ENSG00000250366,ENSG00000271447,ENSG00000271503"
"GO:BP","response to endogenous stimulus","GO:0009719","false","1.4275399125245388e-7","6.84541174049238","1149","792","120","14387","ENSG00000003137,ENSG00000006071,ENSG00000007171,ENSG00000011465,ENSG00000019991,ENSG00000021826,ENSG00000041982,ENSG00000048540,ENSG00000053108,ENSG00000054598,ENSG00000064300,ENSG00000066468,ENSG00000069431,ENSG00000070404,ENSG00000077092,ENSG00000078401,ENSG00000078579,ENSG00000092421,ENSG00000095596,ENSG00000101292,ENSG00000102265,ENSG00000104332,ENSG00000104826,ENSG00000105329,ENSG00000105880,ENSG00000106538,ENSG00000106991,ENSG00000108691,ENSG00000108821,ENSG00000110195,ENSG00000111199,ENSG00000112164,ENSG00000113739,ENSG00000114200,ENSG00000114251,ENSG00000115353,ENSG00000115461,ENSG00000116678,ENSG00000119508,ENSG00000119699,ENSG00000122679,ENSG00000123610,ENSG00000125384,ENSG00000125538,ENSG00000125848,ENSG00000125968,ENSG00000127418,ENSG00000128052,ENSG00000129159,ENSG00000130164,ENSG00000130203,ENSG00000130700,ENSG00000130707,ENSG00000131634,ENSG00000132170,ENSG00000132386,ENSG00000134532,ENSG00000135253,ENSG00000136160,ENSG00000136997,ENSG00000137077,ENSG00000137463,ENSG00000137693,ENSG00000138795,ENSG00000139219,ENSG00000139352,ENSG00000139549,ENSG00000140285,ENSG00000143839,ENSG00000143869,ENSG00000147869,ENSG00000148053,ENSG00000149212,ENSG00000150457,ENSG00000150594,ENSG00000150907,ENSG00000151615,ENSG00000152894,ENSG00000154928,ENSG00000155897,ENSG00000156535,ENSG00000157404,ENSG00000157613,ENSG00000158022,ENSG00000162344,ENSG00000162496,ENSG00000163394,ENSG00000163430,ENSG00000163513,ENSG00000164692,ENSG00000165140,ENSG00000165197,ENSG00000165757,ENSG00000166292,ENSG00000166923,ENSG00000168542,ENSG00000168843,ENSG00000169429,ENSG00000169860,ENSG00000170419,ENSG00000171631,ENSG00000172572,ENSG00000173376,ENSG00000173805,ENSG00000177706,ENSG00000180447,ENSG00000180772,ENSG00000180875,ENSG00000182636,ENSG00000183779,ENSG00000185650,ENSG00000196549,ENSG00000196562,ENSG00000197496,ENSG00000197712,ENSG00000198719,ENSG00000232810,ENSG00000240583,ENSG00000266524,ENSG00000271503"
"GO:BP","signal transduction","GO:0007165","false","1.6815001363171016e-7","6.774303093141636","4275","792","324","14387","ENSG00000001617,ENSG00000002746,ENSG00000003137,ENSG00000006016,ENSG00000007171,ENSG00000008118,ENSG00000009694,ENSG00000010671,ENSG00000011465,ENSG00000012223,ENSG00000013364,ENSG00000013588,ENSG00000014257,ENSG00000018408,ENSG00000019991,ENSG00000021300,ENSG00000021645,ENSG00000023445,ENSG00000048540,ENSG00000049323,ENSG00000053108,ENSG00000054598,ENSG00000056558,ENSG00000064300,ENSG00000064989,ENSG00000066468,ENSG00000067182,ENSG00000068079,ENSG00000069431,ENSG00000070404,ENSG00000070601,ENSG00000073331,ENSG00000073756,ENSG00000074966,ENSG00000075213,ENSG00000075275,ENSG00000075651,ENSG00000077092,ENSG00000077238,ENSG00000078401,ENSG00000078579,ENSG00000079841,ENSG00000081041,ENSG00000083454,ENSG00000085276,ENSG00000090932,ENSG00000091409,ENSG00000091592,ENSG00000092421,ENSG00000095596,ENSG00000100302,ENSG00000100985,ENSG00000101282,ENSG00000101292,ENSG00000101489,ENSG00000101955,ENSG00000102048,ENSG00000102265,ENSG00000103154,ENSG00000103449,ENSG00000103490,ENSG00000104213,ENSG00000104332,ENSG00000104826,ENSG00000105329,ENSG00000105464,ENSG00000105880,ENSG00000106538,ENSG00000106991,ENSG00000108688,ENSG00000108691,ENSG00000108700,ENSG00000108771,ENSG00000108821,ENSG00000110169,ENSG00000110195,ENSG00000110492,ENSG00000111087,ENSG00000111199,ENSG00000111249,ENSG00000111348,ENSG00000112038,ENSG00000112164,ENSG00000112541,ENSG00000113739,ENSG00000113763,ENSG00000114251,ENSG00000114805,ENSG00000115252,ENSG00000115353,ENSG00000115414,ENSG00000115461,ENSG00000115896,ENSG00000116183,ENSG00000116678,ENSG00000117525,ENSG00000118292,ENSG00000118503,ENSG00000119283,ENSG00000119508,ENSG00000119699,ENSG00000120332,ENSG00000120645,ENSG00000120659,ENSG00000120885,ENSG00000121966,ENSG00000122679,ENSG00000123146,ENSG00000123609,ENSG00000123610,ENSG00000123892,ENSG00000125384,ENSG00000125538,ENSG00000125730,ENSG00000125848,ENSG00000125968,ENSG00000126458,ENSG00000126562,ENSG00000126778,ENSG00000127418,ENSG00000128052,ENSG00000128340,ENSG00000128849,ENSG00000130203,ENSG00000130303,ENSG00000130529,ENSG00000130700,ENSG00000130768,ENSG00000131634,ENSG00000132170,ENSG00000132256,ENSG00000134121,ENSG00000135116,ENSG00000135253,ENSG00000135902,ENSG00000135919,ENSG00000135926,ENSG00000136160,ENSG00000136546,ENSG00000136997,ENSG00000137077,ENSG00000137331,ENSG00000137693,ENSG00000137727,ENSG00000137962,ENSG00000138100,ENSG00000138735,ENSG00000138795,ENSG00000139219,ENSG00000139269,ENSG00000139352,ENSG00000139549,ENSG00000140279,ENSG00000140285,ENSG00000140795,ENSG00000142089,ENSG00000142173,ENSG00000142279,ENSG00000143320,ENSG00000143772,ENSG00000143816,ENSG00000143839,ENSG00000143869,ENSG00000144476,ENSG00000144596,ENSG00000145451,ENSG00000145623,ENSG00000145819,ENSG00000146376,ENSG00000147255,ENSG00000147256,ENSG00000147869,ENSG00000148053,ENSG00000148908,ENSG00000149212,ENSG00000149527,ENSG00000150281,ENSG00000150457,ENSG00000150594,ENSG00000150907,ENSG00000151615,ENSG00000152284,ENSG00000152402,ENSG00000152661,ENSG00000152894,ENSG00000153294,ENSG00000153707,ENSG00000153993,ENSG00000154678,ENSG00000154928,ENSG00000155367,ENSG00000155849,ENSG00000155886,ENSG00000155897,ENSG00000155926,ENSG00000155974,ENSG00000156535,ENSG00000156687,ENSG00000157110,ENSG00000157404,ENSG00000157613,ENSG00000158022,ENSG00000158270,ENSG00000160013,ENSG00000160223,ENSG00000161681,ENSG00000161835,ENSG00000162105,ENSG00000162344,ENSG00000162496,ENSG00000162595,ENSG00000162745,ENSG00000162894,ENSG00000162998,ENSG00000163191,ENSG00000163219,ENSG00000163273,ENSG00000163346,ENSG00000163377,ENSG00000163394,ENSG00000163430,ENSG00000163513,ENSG00000163637,ENSG00000163673,ENSG00000164082,ENSG00000164326,ENSG00000164342,ENSG00000164509,ENSG00000164692,ENSG00000165140,ENSG00000165197,ENSG00000165757,ENSG00000165895,ENSG00000166206,ENSG00000166292,ENSG00000166592,ENSG00000166862,ENSG00000166863,ENSG00000166923,ENSG00000168412,ENSG00000168539,ENSG00000168542,ENSG00000168843,ENSG00000169245,ENSG00000169247,ENSG00000169248,ENSG00000169302,ENSG00000169429,ENSG00000169583,ENSG00000169860,ENSG00000169871,ENSG00000169891,ENSG00000170775,ENSG00000170891,ENSG00000171551,ENSG00000171631,ENSG00000172247,ENSG00000172572,ENSG00000172985,ENSG00000173040,ENSG00000173376,ENSG00000173567,ENSG00000173662,ENSG00000173805,ENSG00000174672,ENSG00000175505,ENSG00000176884,ENSG00000177374,ENSG00000177706,ENSG00000179399,ENSG00000179546,ENSG00000180447,ENSG00000180720,ENSG00000180739,ENSG00000180772,ENSG00000180875,ENSG00000181072,ENSG00000181656,ENSG00000181744,ENSG00000182636,ENSG00000182771,ENSG00000182836,ENSG00000183098,ENSG00000183779,ENSG00000185201,ENSG00000185291,ENSG00000185345,ENSG00000185551,ENSG00000185650,ENSG00000186197,ENSG00000186417,ENSG00000186827,ENSG00000186897,ENSG00000187098,ENSG00000187486,ENSG00000189292,ENSG00000196154,ENSG00000196277,ENSG00000196562,ENSG00000196664,ENSG00000197496,ENSG00000197712,ENSG00000197971,ENSG00000198121,ENSG00000198523,ENSG00000198576,ENSG00000198626,ENSG00000198719,ENSG00000198768,ENSG00000198915,ENSG00000198959,ENSG00000198963,ENSG00000204592,ENSG00000213694,ENSG00000215397,ENSG00000219438,ENSG00000221866,ENSG00000232810,ENSG00000237988,ENSG00000243364,ENSG00000255690,ENSG00000266524,ENSG00000271503,ENSG00000274588"
"GO:BP","G protein-coupled receptor signaling pathway","GO:0007186","false","2.9084239008690936e-7","6.5363422950648555","541","792","71","14387","ENSG00000009694,ENSG00000013588,ENSG00000014257,ENSG00000054598,ENSG00000064989,ENSG00000070601,ENSG00000075275,ENSG00000078401,ENSG00000101292,ENSG00000103154,ENSG00000104213,ENSG00000104826,ENSG00000108688,ENSG00000108691,ENSG00000108700,ENSG00000112038,ENSG00000112164,ENSG00000114251,ENSG00000115353,ENSG00000121966,ENSG00000122679,ENSG00000123146,ENSG00000125384,ENSG00000125730,ENSG00000126778,ENSG00000128340,ENSG00000130203,ENSG00000132170,ENSG00000136160,ENSG00000137077,ENSG00000144476,ENSG00000148908,ENSG00000149527,ENSG00000150594,ENSG00000153294,ENSG00000155897,ENSG00000160013,ENSG00000163394,ENSG00000164082,ENSG00000164326,ENSG00000166863,ENSG00000168412,ENSG00000168539,ENSG00000169245,ENSG00000169248,ENSG00000169429,ENSG00000169860,ENSG00000170775,ENSG00000171551,ENSG00000171631,ENSG00000172572,ENSG00000173567,ENSG00000173662,ENSG00000179546,ENSG00000180720,ENSG00000180739,ENSG00000180772,ENSG00000181072,ENSG00000181656,ENSG00000182771,ENSG00000196277,ENSG00000197712,ENSG00000198121,ENSG00000198523,ENSG00000198959,ENSG00000198963,ENSG00000213694,ENSG00000219438,ENSG00000237988,ENSG00000271503,ENSG00000274588"
"GO:BP","response to oxygen-containing compound","GO:1901700","false","6.453760128062582e-7","6.190187180393957","1216","792","123","14387","ENSG00000003137,ENSG00000006071,ENSG00000007171,ENSG00000008394,ENSG00000010671,ENSG00000012223,ENSG00000019991,ENSG00000021826,ENSG00000041982,ENSG00000064300,ENSG00000064989,ENSG00000066468,ENSG00000069431,ENSG00000078401,ENSG00000083454,ENSG00000091592,ENSG00000095596,ENSG00000100985,ENSG00000102265,ENSG00000102996,ENSG00000103490,ENSG00000103569,ENSG00000104332,ENSG00000105329,ENSG00000105464,ENSG00000106538,ENSG00000108688,ENSG00000108691,ENSG00000108821,ENSG00000110195,ENSG00000111199,ENSG00000112038,ENSG00000112164,ENSG00000113739,ENSG00000114200,ENSG00000114251,ENSG00000115353,ENSG00000115461,ENSG00000117318,ENSG00000118503,ENSG00000119508,ENSG00000119699,ENSG00000122679,ENSG00000125384,ENSG00000125538,ENSG00000126778,ENSG00000128052,ENSG00000130164,ENSG00000130203,ENSG00000130529,ENSG00000130700,ENSG00000130707,ENSG00000132170,ENSG00000132256,ENSG00000132386,ENSG00000135902,ENSG00000136160,ENSG00000137077,ENSG00000137463,ENSG00000137693,ENSG00000139352,ENSG00000139549,ENSG00000140279,ENSG00000143816,ENSG00000143839,ENSG00000145103,ENSG00000147065,ENSG00000148053,ENSG00000148908,ENSG00000149212,ENSG00000150594,ENSG00000150907,ENSG00000151615,ENSG00000151790,ENSG00000152661,ENSG00000152894,ENSG00000154928,ENSG00000155897,ENSG00000157404,ENSG00000158270,ENSG00000159674,ENSG00000160013,ENSG00000162344,ENSG00000162670,ENSG00000163273,ENSG00000163359,ENSG00000163513,ENSG00000164082,ENSG00000165140,ENSG00000167588,ENSG00000168539,ENSG00000168542,ENSG00000168671,ENSG00000169245,ENSG00000169429,ENSG00000169860,ENSG00000170775,ENSG00000171631,ENSG00000172572,ENSG00000174672,ENSG00000176884,ENSG00000180720,ENSG00000180772,ENSG00000181019,ENSG00000181072,ENSG00000182195,ENSG00000182871,ENSG00000183779,ENSG00000185345,ENSG00000185551,ENSG00000185650,ENSG00000187486,ENSG00000196664,ENSG00000197712,ENSG00000198121,ENSG00000198125,ENSG00000198797,ENSG00000198959,ENSG00000198963,ENSG00000232810,ENSG00000240583,ENSG00000250366,ENSG00000266524"
"GO:BP","skeletal system development","GO:0001501","false","6.885941251624527e-7","6.162036686859944","403","792","58","14387","ENSG00000003137,ENSG00000012223,ENSG00000038427,ENSG00000054598,ENSG00000066468,ENSG00000077092,ENSG00000078401,ENSG00000083454,ENSG00000090932,ENSG00000100985,ENSG00000102265,ENSG00000104332,ENSG00000105329,ENSG00000105880,ENSG00000108821,ENSG00000110492,ENSG00000111199,ENSG00000114251,ENSG00000116183,ENSG00000116678,ENSG00000119042,ENSG00000120332,ENSG00000120549,ENSG00000120659,ENSG00000121075,ENSG00000126778,ENSG00000127418,ENSG00000128052,ENSG00000128606,ENSG00000134013,ENSG00000134532,ENSG00000135111,ENSG00000139219,ENSG00000143816,ENSG00000147869,ENSG00000152661,ENSG00000162496,ENSG00000162998,ENSG00000163273,ENSG00000163346,ENSG00000163513,ENSG00000164692,ENSG00000164946,ENSG00000166923,ENSG00000168542,ENSG00000170891,ENSG00000173068,ENSG00000177706,ENSG00000182492,ENSG00000182871,ENSG00000188783,ENSG00000196092,ENSG00000196562,ENSG00000197496,ENSG00000198959,ENSG00000204248,ENSG00000204335,ENSG00000266524"
"GO:BP","anatomical structure formation involved in morphogenesis","GO:0048646","false","7.5104974586225e-7","6.124331296500527","899","792","99","14387","ENSG00000006071,ENSG00000011465,ENSG00000021645,ENSG00000054598,ENSG00000064300,ENSG00000064989,ENSG00000066468,ENSG00000073756,ENSG00000075275,ENSG00000077238,ENSG00000078098,ENSG00000078114,ENSG00000078401,ENSG00000082397,ENSG00000090932,ENSG00000091129,ENSG00000092421,ENSG00000100985,ENSG00000102996,ENSG00000103449,ENSG00000104327,ENSG00000104332,ENSG00000105329,ENSG00000105880,ENSG00000106991,ENSG00000108691,ENSG00000108821,ENSG00000110195,ENSG00000110492,ENSG00000110719,ENSG00000114251,ENSG00000115414,ENSG00000116678,ENSG00000117525,ENSG00000118503,ENSG00000120332,ENSG00000121075,ENSG00000125538,ENSG00000125730,ENSG00000125968,ENSG00000126458,ENSG00000126778,ENSG00000128052,ENSG00000130635,ENSG00000130700,ENSG00000132170,ENSG00000132386,ENSG00000134013,ENSG00000135048,ENSG00000135111,ENSG00000137693,ENSG00000138772,ENSG00000138795,ENSG00000139219,ENSG00000140795,ENSG00000143869,ENSG00000143995,ENSG00000144476,ENSG00000150457,ENSG00000152104,ENSG00000152661,ENSG00000154133,ENSG00000154928,ENSG00000156535,ENSG00000157613,ENSG00000163273,ENSG00000163513,ENSG00000164342,ENSG00000165197,ENSG00000165323,ENSG00000165757,ENSG00000166106,ENSG00000166292,ENSG00000166825,ENSG00000166923,ENSG00000167664,ENSG00000168505,ENSG00000168542,ENSG00000169245,ENSG00000169429,ENSG00000169583,ENSG00000169908,ENSG00000171812,ENSG00000173376,ENSG00000175183,ENSG00000177706,ENSG00000179431,ENSG00000182871,ENSG00000184254,ENSG00000185155,ENSG00000186367,ENSG00000198523,ENSG00000198719,ENSG00000198959,ENSG00000203883,ENSG00000219438,ENSG00000232810,ENSG00000240583,ENSG00000255346"
"GO:BP","inflammatory response","GO:0006954","true","8.222942114141233e-7","6.08497276697026","553","792","71","14387","ENSG00000003137,ENSG00000007171,ENSG00000010671,ENSG00000019991,ENSG00000023445,ENSG00000041982,ENSG00000067182,ENSG00000068079,ENSG00000073756,ENSG00000077238,ENSG00000081041,ENSG00000091592,ENSG00000100985,ENSG00000102265,ENSG00000103490,ENSG00000104518,ENSG00000105329,ENSG00000106538,ENSG00000108688,ENSG00000108691,ENSG00000108700,ENSG00000110492,ENSG00000110719,ENSG00000111199,ENSG00000114251,ENSG00000115353,ENSG00000115414,ENSG00000117525,ENSG00000118503,ENSG00000120659,ENSG00000120885,ENSG00000121966,ENSG00000123146,ENSG00000123609,ENSG00000123610,ENSG00000125384,ENSG00000125538,ENSG00000125730,ENSG00000126562,ENSG00000130164,ENSG00000130203,ENSG00000130707,ENSG00000130768,ENSG00000132170,ENSG00000136160,ENSG00000137077,ENSG00000137331,ENSG00000145623,ENSG00000150457,ENSG00000154175,ENSG00000155897,ENSG00000157404,ENSG00000160013,ENSG00000163346,ENSG00000164342,ENSG00000164509,ENSG00000165646,ENSG00000169245,ENSG00000169248,ENSG00000169429,ENSG00000180772,ENSG00000186827,ENSG00000196664,ENSG00000197712,ENSG00000204592,ENSG00000213694,ENSG00000224389,ENSG00000232810,ENSG00000244731,ENSG00000255690,ENSG00000271503"
"GO:BP","response to growth factor","GO:0070848","false","8.556370387667199e-7","6.067710423979146","601","792","75","14387","ENSG00000011465,ENSG00000019991,ENSG00000021826,ENSG00000041982,ENSG00000053108,ENSG00000054598,ENSG00000064300,ENSG00000066468,ENSG00000070404,ENSG00000078401,ENSG00000078579,ENSG00000092421,ENSG00000104332,ENSG00000105329,ENSG00000105880,ENSG00000106991,ENSG00000108691,ENSG00000108821,ENSG00000110195,ENSG00000114251,ENSG00000119699,ENSG00000123610,ENSG00000125538,ENSG00000125848,ENSG00000125968,ENSG00000127418,ENSG00000128052,ENSG00000129159,ENSG00000130700,ENSG00000131634,ENSG00000132170,ENSG00000134532,ENSG00000135253,ENSG00000136997,ENSG00000138795,ENSG00000139219,ENSG00000139352,ENSG00000140285,ENSG00000143869,ENSG00000147869,ENSG00000148053,ENSG00000150457,ENSG00000152894,ENSG00000154928,ENSG00000156535,ENSG00000157404,ENSG00000157613,ENSG00000162344,ENSG00000163430,ENSG00000163513,ENSG00000164692,ENSG00000165197,ENSG00000165757,ENSG00000166292,ENSG00000166923,ENSG00000168542,ENSG00000168843,ENSG00000169429,ENSG00000169860,ENSG00000170419,ENSG00000172572,ENSG00000173376,ENSG00000173805,ENSG00000177706,ENSG00000180447,ENSG00000180772,ENSG00000180875,ENSG00000182636,ENSG00000183779,ENSG00000185650,ENSG00000196562,ENSG00000197496,ENSG00000198719,ENSG00000266524,ENSG00000271503"
"GO:BP","positive regulation of multicellular organismal process","GO:0051240","false","0.0000013937697169645723","5.855808975817023","1189","792","120","14387","ENSG00000006071,ENSG00000007171,ENSG00000010671,ENSG00000012223,ENSG00000018408,ENSG00000019991,ENSG00000054598,ENSG00000064300,ENSG00000066468,ENSG00000073756,ENSG00000074966,ENSG00000077238,ENSG00000078401,ENSG00000079841,ENSG00000091592,ENSG00000101463,ENSG00000103490,ENSG00000104518,ENSG00000104951,ENSG00000105329,ENSG00000106991,ENSG00000108691,ENSG00000108771,ENSG00000108821,ENSG00000110492,ENSG00000111087,ENSG00000111199,ENSG00000111249,ENSG00000112038,ENSG00000112893,ENSG00000114251,ENSG00000115353,ENSG00000115414,ENSG00000115738,ENSG00000116678,ENSG00000117525,ENSG00000119508,ENSG00000119699,ENSG00000120332,ENSG00000120659,ENSG00000120885,ENSG00000121966,ENSG00000125538,ENSG00000125730,ENSG00000125848,ENSG00000126458,ENSG00000126778,ENSG00000128052,ENSG00000130203,ENSG00000130529,ENSG00000130700,ENSG00000132170,ENSG00000132386,ENSG00000134013,ENSG00000134532,ENSG00000135919,ENSG00000135926,ENSG00000136160,ENSG00000136997,ENSG00000137077,ENSG00000137693,ENSG00000138772,ENSG00000138795,ENSG00000139329,ENSG00000139352,ENSG00000141668,ENSG00000143320,ENSG00000143772,ENSG00000146006,ENSG00000148053,ENSG00000150594,ENSG00000151615,ENSG00000152661,ENSG00000153707,ENSG00000154175,ENSG00000154928,ENSG00000157404,ENSG00000159674,ENSG00000160223,ENSG00000160224,ENSG00000162951,ENSG00000163513,ENSG00000164326,ENSG00000164342,ENSG00000165757,ENSG00000165973,ENSG00000165995,ENSG00000166349,ENSG00000166923,ENSG00000167664,ENSG00000168071,ENSG00000169429,ENSG00000169583,ENSG00000169860,ENSG00000169871,ENSG00000172201,ENSG00000172247,ENSG00000173805,ENSG00000175505,ENSG00000177706,ENSG00000179242,ENSG00000180772,ENSG00000183779,ENSG00000184564,ENSG00000185650,ENSG00000186827,ENSG00000188282,ENSG00000196549,ENSG00000196562,ENSG00000196664,ENSG00000197971,ENSG00000198626,ENSG00000198719,ENSG00000198959,ENSG00000204592,ENSG00000213171,ENSG00000232810,ENSG00000240583,ENSG00000255346,ENSG00000271503"
"GO:BP","regulation of multicellular organismal development","GO:2000026","false","0.0000022403148205899317","5.649690948077486","1062","792","110","14387","ENSG00000001617,ENSG00000003137,ENSG00000006071,ENSG00000010671,ENSG00000011465,ENSG00000012223,ENSG00000018408,ENSG00000053108,ENSG00000054598,ENSG00000064300,ENSG00000066468,ENSG00000067182,ENSG00000070404,ENSG00000077092,ENSG00000077238,ENSG00000078401,ENSG00000078579,ENSG00000083454,ENSG00000088002,ENSG00000090932,ENSG00000092421,ENSG00000100985,ENSG00000101463,ENSG00000104332,ENSG00000104951,ENSG00000105329,ENSG00000106991,ENSG00000110492,ENSG00000111087,ENSG00000111249,ENSG00000112038,ENSG00000112893,ENSG00000114251,ENSG00000115414,ENSG00000115738,ENSG00000117525,ENSG00000118503,ENSG00000120332,ENSG00000120659,ENSG00000121966,ENSG00000123610,ENSG00000125538,ENSG00000125730,ENSG00000125848,ENSG00000126458,ENSG00000126778,ENSG00000128052,ENSG00000128606,ENSG00000130164,ENSG00000130529,ENSG00000132170,ENSG00000132386,ENSG00000134013,ENSG00000134532,ENSG00000135048,ENSG00000135111,ENSG00000135919,ENSG00000136997,ENSG00000137693,ENSG00000138772,ENSG00000138795,ENSG00000139352,ENSG00000141668,ENSG00000143320,ENSG00000143772,ENSG00000143816,ENSG00000143995,ENSG00000144824,ENSG00000146006,ENSG00000148053,ENSG00000151615,ENSG00000153707,ENSG00000154928,ENSG00000156535,ENSG00000157404,ENSG00000157613,ENSG00000162951,ENSG00000162998,ENSG00000163513,ENSG00000164326,ENSG00000164342,ENSG00000165757,ENSG00000165973,ENSG00000166292,ENSG00000166349,ENSG00000166923,ENSG00000167664,ENSG00000168505,ENSG00000169245,ENSG00000169429,ENSG00000169583,ENSG00000171819,ENSG00000172201,ENSG00000173805,ENSG00000175505,ENSG00000177706,ENSG00000179242,ENSG00000184564,ENSG00000185650,ENSG00000187098,ENSG00000187323,ENSG00000196549,ENSG00000197747,ENSG00000198719,ENSG00000198959,ENSG00000213171,ENSG00000213694,ENSG00000219438,ENSG00000232810,ENSG00000240583"
"GO:BP","circulatory system process","GO:0003013","false","0.000002411608799528052","5.6176931401411085","438","792","60","14387","ENSG00000006071,ENSG00000007171,ENSG00000018408,ENSG00000021826,ENSG00000048740,ENSG00000054598,ENSG00000069431,ENSG00000073756,ENSG00000078401,ENSG00000080709,ENSG00000095303,ENSG00000105329,ENSG00000106991,ENSG00000111199,ENSG00000112164,ENSG00000115353,ENSG00000115738,ENSG00000116678,ENSG00000122679,ENSG00000126562,ENSG00000130203,ENSG00000130529,ENSG00000131389,ENSG00000132170,ENSG00000136160,ENSG00000136546,ENSG00000137331,ENSG00000137491,ENSG00000137693,ENSG00000138119,ENSG00000139155,ENSG00000143839,ENSG00000144596,ENSG00000149131,ENSG00000150594,ENSG00000152049,ENSG00000152661,ENSG00000157087,ENSG00000157103,ENSG00000163273,ENSG00000164326,ENSG00000164692,ENSG00000165895,ENSG00000165995,ENSG00000166825,ENSG00000166863,ENSG00000169245,ENSG00000169860,ENSG00000171303,ENSG00000172572,ENSG00000179546,ENSG00000180772,ENSG00000181072,ENSG00000185551,ENSG00000196549,ENSG00000197496,ENSG00000198523,ENSG00000198626,ENSG00000198719,ENSG00000232810"
"GO:BP","epithelium development","GO:0060429","false","0.0000025318864129053627","5.596555781812243","879","792","96","14387","ENSG00000003137,ENSG00000006016,ENSG00000006611,ENSG00000018408,ENSG00000019991,ENSG00000021826,ENSG00000041982,ENSG00000054598,ENSG00000064300,ENSG00000066468,ENSG00000067182,ENSG00000074527,ENSG00000075275,ENSG00000077092,ENSG00000078401,ENSG00000078579,ENSG00000088002,ENSG00000090932,ENSG00000100985,ENSG00000103449,ENSG00000104327,ENSG00000104332,ENSG00000105329,ENSG00000105427,ENSG00000105880,ENSG00000106991,ENSG00000110195,ENSG00000110492,ENSG00000111087,ENSG00000114251,ENSG00000115461,ENSG00000115738,ENSG00000117318,ENSG00000118292,ENSG00000120659,ENSG00000121075,ENSG00000125538,ENSG00000125730,ENSG00000125848,ENSG00000126562,ENSG00000126778,ENSG00000128052,ENSG00000130635,ENSG00000130700,ENSG00000132170,ENSG00000135111,ENSG00000135919,ENSG00000136160,ENSG00000136997,ENSG00000137693,ENSG00000138083,ENSG00000138795,ENSG00000139219,ENSG00000139352,ENSG00000140285,ENSG00000143382,ENSG00000143869,ENSG00000144824,ENSG00000147065,ENSG00000147869,ENSG00000150457,ENSG00000152661,ENSG00000154133,ENSG00000156535,ENSG00000160224,ENSG00000162998,ENSG00000163273,ENSG00000163430,ENSG00000163513,ENSG00000164509,ENSG00000166292,ENSG00000166923,ENSG00000167767,ENSG00000168505,ENSG00000169245,ENSG00000170442,ENSG00000172201,ENSG00000174672,ENSG00000177706,ENSG00000180772,ENSG00000182871,ENSG00000183779,ENSG00000184254,ENSG00000184564,ENSG00000185551,ENSG00000185650,ENSG00000186367,ENSG00000198626,ENSG00000198719,ENSG00000198959,ENSG00000203883,ENSG00000213694,ENSG00000214336,ENSG00000221866,ENSG00000232810,ENSG00000240583"
"GO:BP","cell development","GO:0048468","false","0.000002844494752615306","5.545994863060674","2187","792","188","14387","ENSG00000001617,ENSG00000002746,ENSG00000003137,ENSG00000006071,ENSG00000006611,ENSG00000009694,ENSG00000010671,ENSG00000012223,ENSG00000021645,ENSG00000041982,ENSG00000049249,ENSG00000053108,ENSG00000054598,ENSG00000064300,ENSG00000064666,ENSG00000066468,ENSG00000067182,ENSG00000070404,ENSG00000074527,ENSG00000075213,ENSG00000077092,ENSG00000077238,ENSG00000078114,ENSG00000078401,ENSG00000079841,ENSG00000082397,ENSG00000083454,ENSG00000085276,ENSG00000090932,ENSG00000091129,ENSG00000091409,ENSG00000092421,ENSG00000095713,ENSG00000100985,ENSG00000101489,ENSG00000103528,ENSG00000104332,ENSG00000104892,ENSG00000104951,ENSG00000105329,ENSG00000105880,ENSG00000106991,ENSG00000108231,ENSG00000110195,ENSG00000110492,ENSG00000110719,ENSG00000111087,ENSG00000111199,ENSG00000111249,ENSG00000112038,ENSG00000112137,ENSG00000112530,ENSG00000112893,ENSG00000113763,ENSG00000114251,ENSG00000115414,ENSG00000115468,ENSG00000115738,ENSG00000116678,ENSG00000119042,ENSG00000119283,ENSG00000120332,ENSG00000120659,ENSG00000120885,ENSG00000121966,ENSG00000123610,ENSG00000125538,ENSG00000125730,ENSG00000125848,ENSG00000126458,ENSG00000126778,ENSG00000128052,ENSG00000128340,ENSG00000128606,ENSG00000129993,ENSG00000130164,ENSG00000130203,ENSG00000132170,ENSG00000132386,ENSG00000132561,ENSG00000134121,ENSG00000135111,ENSG00000135253,ENSG00000135919,ENSG00000136160,ENSG00000136997,ENSG00000137077,ENSG00000137463,ENSG00000137693,ENSG00000138083,ENSG00000138795,ENSG00000139352,ENSG00000139549,ENSG00000140795,ENSG00000143320,ENSG00000143355,ENSG00000143382,ENSG00000143772,ENSG00000143839,ENSG00000143869,ENSG00000143995,ENSG00000147065,ENSG00000148053,ENSG00000150281,ENSG00000151615,ENSG00000152377,ENSG00000152894,ENSG00000153029,ENSG00000153707,ENSG00000153993,ENSG00000154133,ENSG00000154654,ENSG00000154928,ENSG00000155974,ENSG00000156042,ENSG00000156535,ENSG00000156687,ENSG00000157404,ENSG00000160223,ENSG00000160224,ENSG00000161681,ENSG00000162344,ENSG00000162576,ENSG00000162595,ENSG00000162614,ENSG00000162624,ENSG00000162998,ENSG00000163273,ENSG00000163346,ENSG00000163394,ENSG00000163513,ENSG00000164326,ENSG00000164342,ENSG00000164509,ENSG00000165323,ENSG00000165643,ENSG00000165959,ENSG00000166349,ENSG00000168505,ENSG00000169247,ENSG00000170775,ENSG00000172201,ENSG00000172572,ENSG00000172638,ENSG00000173376,ENSG00000173805,ENSG00000174672,ENSG00000175183,ENSG00000175505,ENSG00000177045,ENSG00000177706,ENSG00000179242,ENSG00000182636,ENSG00000182871,ENSG00000184564,ENSG00000184613,ENSG00000185155,ENSG00000185345,ENSG00000185650,ENSG00000185924,ENSG00000185955,ENSG00000186367,ENSG00000186417,ENSG00000186487,ENSG00000187098,ENSG00000187323,ENSG00000187634,ENSG00000188162,ENSG00000189292,ENSG00000196092,ENSG00000196277,ENSG00000196549,ENSG00000196562,ENSG00000197747,ENSG00000198121,ENSG00000198125,ENSG00000198523,ENSG00000198576,ENSG00000198719,ENSG00000198959,ENSG00000198963,ENSG00000203883,ENSG00000213694,ENSG00000214960,ENSG00000221866,ENSG00000232810,ENSG00000243364,ENSG00000250366"
"GO:BP","regulation of hormone levels","GO:0010817","false","0.0000031729103977428297","5.498542192102332","385","792","55","14387","ENSG00000003137,ENSG00000006071,ENSG00000007171,ENSG00000010671,ENSG00000078401,ENSG00000095596,ENSG00000103316,ENSG00000104332,ENSG00000104826,ENSG00000110719,ENSG00000111199,ENSG00000112164,ENSG00000113739,ENSG00000114200,ENSG00000115353,ENSG00000120659,ENSG00000125538,ENSG00000125851,ENSG00000126562,ENSG00000130529,ENSG00000132170,ENSG00000135111,ENSG00000135697,ENSG00000136160,ENSG00000139155,ENSG00000140279,ENSG00000143320,ENSG00000143839,ENSG00000145103,ENSG00000147606,ENSG00000150594,ENSG00000150907,ENSG00000152661,ENSG00000155897,ENSG00000162496,ENSG00000163394,ENSG00000164326,ENSG00000165646,ENSG00000166825,ENSG00000169427,ENSG00000169860,ENSG00000174672,ENSG00000175426,ENSG00000184254,ENSG00000185345,ENSG00000187486,ENSG00000196502,ENSG00000196549,ENSG00000197580,ENSG00000198682,ENSG00000203797,ENSG00000232810,ENSG00000240583,ENSG00000250366,ENSG00000271503"
"GO:BP","positive regulation of cell population proliferation","GO:0008284","false","0.000004172791509729081","5.379573313931039","658","792","78","14387","ENSG00000006016,ENSG00000010671,ENSG00000012223,ENSG00000018408,ENSG00000041982,ENSG00000064300,ENSG00000064989,ENSG00000066468,ENSG00000078401,ENSG00000078579,ENSG00000100985,ENSG00000102265,ENSG00000103490,ENSG00000104332,ENSG00000105329,ENSG00000105880,ENSG00000110492,ENSG00000110719,ENSG00000111087,ENSG00000114251,ENSG00000115353,ENSG00000115414,ENSG00000115461,ENSG00000115738,ENSG00000116678,ENSG00000117525,ENSG00000118503,ENSG00000119508,ENSG00000119699,ENSG00000125538,ENSG00000126778,ENSG00000128052,ENSG00000128340,ENSG00000130303,ENSG00000130529,ENSG00000135111,ENSG00000136160,ENSG00000136997,ENSG00000137693,ENSG00000138795,ENSG00000139352,ENSG00000140285,ENSG00000143995,ENSG00000145623,ENSG00000148053,ENSG00000150281,ENSG00000150594,ENSG00000152661,ENSG00000157404,ENSG00000160223,ENSG00000162105,ENSG00000162344,ENSG00000163346,ENSG00000163513,ENSG00000164509,ENSG00000165197,ENSG00000165757,ENSG00000166923,ENSG00000167664,ENSG00000168071,ENSG00000169245,ENSG00000170419,ENSG00000171631,ENSG00000172201,ENSG00000172987,ENSG00000174807,ENSG00000175505,ENSG00000181541,ENSG00000183779,ENSG00000185291,ENSG00000186827,ENSG00000188816,ENSG00000198719,ENSG00000204592,ENSG00000213694,ENSG00000232810,ENSG00000240583,ENSG00000271503"
"GO:BP","sensory organ development","GO:0007423","false","0.000005842163390829295","5.233426301052427","459","792","61","14387","ENSG00000003137,ENSG00000006611,ENSG00000054598,ENSG00000066468,ENSG00000074771,ENSG00000075275,ENSG00000077092,ENSG00000078401,ENSG00000078579,ENSG00000101489,ENSG00000104327,ENSG00000105329,ENSG00000105880,ENSG00000110719,ENSG00000112893,ENSG00000114251,ENSG00000126778,ENSG00000128052,ENSG00000130635,ENSG00000132386,ENSG00000135111,ENSG00000138083,ENSG00000138795,ENSG00000139219,ENSG00000139352,ENSG00000140279,ENSG00000141337,ENSG00000143816,ENSG00000143995,ENSG00000148053,ENSG00000151615,ENSG00000154928,ENSG00000157404,ENSG00000160111,ENSG00000162998,ENSG00000163513,ENSG00000165323,ENSG00000168505,ENSG00000170891,ENSG00000171303,ENSG00000171812,ENSG00000171819,ENSG00000173068,ENSG00000177045,ENSG00000178764,ENSG00000179431,ENSG00000181541,ENSG00000184254,ENSG00000184564,ENSG00000186367,ENSG00000187098,ENSG00000187634,ENSG00000188158,ENSG00000188162,ENSG00000188620,ENSG00000188816,ENSG00000196092,ENSG00000198719,ENSG00000198963,ENSG00000237412,ENSG00000240583"
"GO:BP","positive regulation of cell differentiation","GO:0045597","false","0.000006190609252964724","5.208266607493601","651","792","77","14387","ENSG00000003137,ENSG00000010671,ENSG00000012223,ENSG00000018408,ENSG00000019991,ENSG00000048540,ENSG00000054598,ENSG00000073756,ENSG00000077238,ENSG00000078401,ENSG00000078579,ENSG00000088002,ENSG00000091129,ENSG00000104332,ENSG00000104951,ENSG00000105329,ENSG00000106538,ENSG00000106991,ENSG00000108821,ENSG00000110492,ENSG00000111249,ENSG00000112038,ENSG00000112183,ENSG00000112893,ENSG00000115414,ENSG00000115738,ENSG00000119699,ENSG00000120659,ENSG00000121966,ENSG00000125538,ENSG00000126458,ENSG00000126778,ENSG00000128052,ENSG00000130529,ENSG00000130700,ENSG00000131389,ENSG00000132170,ENSG00000132386,ENSG00000134013,ENSG00000134532,ENSG00000135919,ENSG00000137693,ENSG00000138795,ENSG00000139352,ENSG00000140795,ENSG00000143320,ENSG00000143772,ENSG00000143869,ENSG00000148053,ENSG00000151615,ENSG00000152661,ENSG00000153707,ENSG00000154175,ENSG00000157404,ENSG00000158156,ENSG00000162670,ENSG00000162998,ENSG00000163273,ENSG00000163513,ENSG00000165973,ENSG00000166292,ENSG00000166349,ENSG00000170419,ENSG00000172201,ENSG00000172572,ENSG00000172638,ENSG00000173805,ENSG00000175505,ENSG00000177706,ENSG00000179242,ENSG00000183779,ENSG00000185650,ENSG00000196549,ENSG00000198797,ENSG00000198959,ENSG00000232810,ENSG00000266524"
"GO:BP","chemotaxis","GO:0006935","false","0.000007261471919139489","5.138975337761716","296","792","46","14387","ENSG00000001617,ENSG00000019991,ENSG00000075213,ENSG00000075651,ENSG00000078401,ENSG00000081041,ENSG00000092421,ENSG00000105329,ENSG00000106538,ENSG00000106991,ENSG00000108688,ENSG00000108691,ENSG00000108700,ENSG00000110492,ENSG00000111199,ENSG00000114251,ENSG00000117525,ENSG00000120659,ENSG00000121966,ENSG00000123610,ENSG00000125538,ENSG00000125848,ENSG00000128052,ENSG00000128340,ENSG00000129422,ENSG00000130529,ENSG00000136160,ENSG00000137077,ENSG00000138795,ENSG00000140285,ENSG00000144476,ENSG00000151615,ENSG00000153993,ENSG00000154928,ENSG00000157404,ENSG00000163377,ENSG00000165197,ENSG00000166923,ENSG00000169245,ENSG00000169248,ENSG00000169429,ENSG00000196154,ENSG00000198121,ENSG00000221866,ENSG00000271447,ENSG00000271503"
"GO:BP","taxis","GO:0042330","false","0.000007261471919139489","5.138975337761716","296","792","46","14387","ENSG00000001617,ENSG00000019991,ENSG00000075213,ENSG00000075651,ENSG00000078401,ENSG00000081041,ENSG00000092421,ENSG00000105329,ENSG00000106538,ENSG00000106991,ENSG00000108688,ENSG00000108691,ENSG00000108700,ENSG00000110492,ENSG00000111199,ENSG00000114251,ENSG00000117525,ENSG00000120659,ENSG00000121966,ENSG00000123610,ENSG00000125538,ENSG00000125848,ENSG00000128052,ENSG00000128340,ENSG00000129422,ENSG00000130529,ENSG00000136160,ENSG00000137077,ENSG00000138795,ENSG00000140285,ENSG00000144476,ENSG00000151615,ENSG00000153993,ENSG00000154928,ENSG00000157404,ENSG00000163377,ENSG00000165197,ENSG00000166923,ENSG00000169245,ENSG00000169248,ENSG00000169429,ENSG00000196154,ENSG00000198121,ENSG00000221866,ENSG00000271447,ENSG00000271503"
"GO:BP","cellular response to stimulus","GO:0051716","false","0.00000824155085228912","5.083991057329939","5363","792","380","14387","ENSG00000001617,ENSG00000002746,ENSG00000003137,ENSG00000006016,ENSG00000006071,ENSG00000006534,ENSG00000007171,ENSG00000008118,ENSG00000008394,ENSG00000009694,ENSG00000010671,ENSG00000011465,ENSG00000012223,ENSG00000013364,ENSG00000013588,ENSG00000014257,ENSG00000018408,ENSG00000019991,ENSG00000021300,ENSG00000021645,ENSG00000021826,ENSG00000023445,ENSG00000041982,ENSG00000042286,ENSG00000048540,ENSG00000049323,ENSG00000053108,ENSG00000054598,ENSG00000056558,ENSG00000064300,ENSG00000064666,ENSG00000064989,ENSG00000066468,ENSG00000067182,ENSG00000068079,ENSG00000069431,ENSG00000070404,ENSG00000070540,ENSG00000070601,ENSG00000073331,ENSG00000073756,ENSG00000074966,ENSG00000075213,ENSG00000075275,ENSG00000075651,ENSG00000077092,ENSG00000077238,ENSG00000078401,ENSG00000078579,ENSG00000079841,ENSG00000081041,ENSG00000083454,ENSG00000085276,ENSG00000086506,ENSG00000090932,ENSG00000091409,ENSG00000091592,ENSG00000092421,ENSG00000095303,ENSG00000095596,ENSG00000100302,ENSG00000100985,ENSG00000101282,ENSG00000101292,ENSG00000101489,ENSG00000101955,ENSG00000102048,ENSG00000102265,ENSG00000103154,ENSG00000103449,ENSG00000103490,ENSG00000103569,ENSG00000104213,ENSG00000104332,ENSG00000104826,ENSG00000105329,ENSG00000105464,ENSG00000105880,ENSG00000106538,ENSG00000106991,ENSG00000108688,ENSG00000108691,ENSG00000108700,ENSG00000108771,ENSG00000108821,ENSG00000110169,ENSG00000110195,ENSG00000110492,ENSG00000111087,ENSG00000111199,ENSG00000111249,ENSG00000111348,ENSG00000112038,ENSG00000112164,ENSG00000112183,ENSG00000112530,ENSG00000112541,ENSG00000113739,ENSG00000113763,ENSG00000114200,ENSG00000114251,ENSG00000114805,ENSG00000115252,ENSG00000115353,ENSG00000115414,ENSG00000115461,ENSG00000115468,ENSG00000115738,ENSG00000115896,ENSG00000116183,ENSG00000116299,ENSG00000116678,ENSG00000117318,ENSG00000117525,ENSG00000118292,ENSG00000118503,ENSG00000119283,ENSG00000119508,ENSG00000119699,ENSG00000120332,ENSG00000120645,ENSG00000120659,ENSG00000120885,ENSG00000121966,ENSG00000122679,ENSG00000123146,ENSG00000123609,ENSG00000123610,ENSG00000123892,ENSG00000125384,ENSG00000125538,ENSG00000125730,ENSG00000125848,ENSG00000125968,ENSG00000126458,ENSG00000126562,ENSG00000126778,ENSG00000127418,ENSG00000128052,ENSG00000128340,ENSG00000128849,ENSG00000129159,ENSG00000129422,ENSG00000130164,ENSG00000130203,ENSG00000130303,ENSG00000130529,ENSG00000130649,ENSG00000130700,ENSG00000130707,ENSG00000130768,ENSG00000131634,ENSG00000132170,ENSG00000132256,ENSG00000132386,ENSG00000132561,ENSG00000134121,ENSG00000135111,ENSG00000135116,ENSG00000135253,ENSG00000135902,ENSG00000135919,ENSG00000135926,ENSG00000136160,ENSG00000136546,ENSG00000136997,ENSG00000137077,ENSG00000137331,ENSG00000137463,ENSG00000137491,ENSG00000137693,ENSG00000137727,ENSG00000137962,ENSG00000138100,ENSG00000138735,ENSG00000138795,ENSG00000139055,ENSG00000139117,ENSG00000139219,ENSG00000139269,ENSG00000139352,ENSG00000139549,ENSG00000140279,ENSG00000140285,ENSG00000140795,ENSG00000142089,ENSG00000142173,ENSG00000142279,ENSG00000143320,ENSG00000143772,ENSG00000143816,ENSG00000143839,ENSG00000143869,ENSG00000144476,ENSG00000144596,ENSG00000145451,ENSG00000145623,ENSG00000145819,ENSG00000146376,ENSG00000147065,ENSG00000147255,ENSG00000147256,ENSG00000147869,ENSG00000148053,ENSG00000148908,ENSG00000149212,ENSG00000149527,ENSG00000150281,ENSG00000150457,ENSG00000150594,ENSG00000150907,ENSG00000151615,ENSG00000152137,ENSG00000152284,ENSG00000152402,ENSG00000152661,ENSG00000152894,ENSG00000153294,ENSG00000153707,ENSG00000153993,ENSG00000154678,ENSG00000154928,ENSG00000155367,ENSG00000155849,ENSG00000155886,ENSG00000155897,ENSG00000155926,ENSG00000155974,ENSG00000156535,ENSG00000156687,ENSG00000157110,ENSG00000157404,ENSG00000157613,ENSG00000158022,ENSG00000158270,ENSG00000159674,ENSG00000160013,ENSG00000160179,ENSG00000160223,ENSG00000161681,ENSG00000161835,ENSG00000162105,ENSG00000162344,ENSG00000162496,ENSG00000162595,ENSG00000162670,ENSG00000162745,ENSG00000162894,ENSG00000162998,ENSG00000163191,ENSG00000163219,ENSG00000163273,ENSG00000163346,ENSG00000163377,ENSG00000163394,ENSG00000163430,ENSG00000163513,ENSG00000163637,ENSG00000163673,ENSG00000164082,ENSG00000164294,ENSG00000164326,ENSG00000164342,ENSG00000164509,ENSG00000164692,ENSG00000165140,ENSG00000165197,ENSG00000165757,ENSG00000165895,ENSG00000166206,ENSG00000166292,ENSG00000166482,ENSG00000166592,ENSG00000166801,ENSG00000166862,ENSG00000166863,ENSG00000166923,ENSG00000167588,ENSG00000168412,ENSG00000168539,ENSG00000168542,ENSG00000168671,ENSG00000168843,ENSG00000169245,ENSG00000169247,ENSG00000169248,ENSG00000169302,ENSG00000169427,ENSG00000169429,ENSG00000169583,ENSG00000169860,ENSG00000169871,ENSG00000169891,ENSG00000170608,ENSG00000170775,ENSG00000170891,ENSG00000171303,ENSG00000171551,ENSG00000171631,ENSG00000172247,ENSG00000172572,ENSG00000172985,ENSG00000173040,ENSG00000173376,ENSG00000173567,ENSG00000173662,ENSG00000173805,ENSG00000174672,ENSG00000175505,ENSG00000176884,ENSG00000177374,ENSG00000177706,ENSG00000179399,ENSG00000179546,ENSG00000180447,ENSG00000180720,ENSG00000180739,ENSG00000180772,ENSG00000180875,ENSG00000181019,ENSG00000181072,ENSG00000181656,ENSG00000181744,ENSG00000182195,ENSG00000182636,ENSG00000182771,ENSG00000182836,ENSG00000183098,ENSG00000183779,ENSG00000185201,ENSG00000185291,ENSG00000185345,ENSG00000185551,ENSG00000185650,ENSG00000185924,ENSG00000186197,ENSG00000186417,ENSG00000186827,ENSG00000186897,ENSG00000187098,ENSG00000187486,ENSG00000188783,ENSG00000189292,ENSG00000196154,ENSG00000196277,ENSG00000196502,ENSG00000196549,ENSG00000196562,ENSG00000196611,ENSG00000196664,ENSG00000197496,ENSG00000197712,ENSG00000197769,ENSG00000197971,ENSG00000198121,ENSG00000198125,ENSG00000198523,ENSG00000198576,ENSG00000198626,ENSG00000198719,ENSG00000198768,ENSG00000198797,ENSG00000198915,ENSG00000198959,ENSG00000198963,ENSG00000204592,ENSG00000213694,ENSG00000215397,ENSG00000219438,ENSG00000221866,ENSG00000232810,ENSG00000237988,ENSG00000240583,ENSG00000243364,ENSG00000250366,ENSG00000255690,ENSG00000266524,ENSG00000271447,ENSG00000271503,ENSG00000274588"
"GO:BP","muscle cell proliferation","GO:0033002","false","0.000011890458016057357","4.924801416195838","145","792","30","14387","ENSG00000019991,ENSG00000054598,ENSG00000064989,ENSG00000066468,ENSG00000078401,ENSG00000078579,ENSG00000100985,ENSG00000105329,ENSG00000111087,ENSG00000115353,ENSG00000115461,ENSG00000115738,ENSG00000118503,ENSG00000119508,ENSG00000119699,ENSG00000126778,ENSG00000130203,ENSG00000132170,ENSG00000137693,ENSG00000152661,ENSG00000154928,ENSG00000160013,ENSG00000163273,ENSG00000171631,ENSG00000172638,ENSG00000177045,ENSG00000181744,ENSG00000219438,ENSG00000232810,ENSG00000271503"
"GO:BP","cellular response to growth factor stimulus","GO:0071363","false","0.00001753686559574638","4.756048026483902","579","792","70","14387","ENSG00000011465,ENSG00000019991,ENSG00000021826,ENSG00000053108,ENSG00000054598,ENSG00000064300,ENSG00000066468,ENSG00000070404,ENSG00000078401,ENSG00000078579,ENSG00000092421,ENSG00000104332,ENSG00000105329,ENSG00000105880,ENSG00000106991,ENSG00000108691,ENSG00000108821,ENSG00000110195,ENSG00000114251,ENSG00000119699,ENSG00000123610,ENSG00000125538,ENSG00000125848,ENSG00000125968,ENSG00000127418,ENSG00000128052,ENSG00000130700,ENSG00000131634,ENSG00000132170,ENSG00000134532,ENSG00000135253,ENSG00000138795,ENSG00000139219,ENSG00000140285,ENSG00000143869,ENSG00000147869,ENSG00000148053,ENSG00000150457,ENSG00000152894,ENSG00000154928,ENSG00000156535,ENSG00000157404,ENSG00000157613,ENSG00000162344,ENSG00000163430,ENSG00000163513,ENSG00000164692,ENSG00000165197,ENSG00000165757,ENSG00000166292,ENSG00000166923,ENSG00000168542,ENSG00000168843,ENSG00000169429,ENSG00000170419,ENSG00000172572,ENSG00000173376,ENSG00000173805,ENSG00000177706,ENSG00000180447,ENSG00000180772,ENSG00000180875,ENSG00000182636,ENSG00000183779,ENSG00000185650,ENSG00000196562,ENSG00000197496,ENSG00000198719,ENSG00000266524,ENSG00000271503"
"GO:BP","nervous system process","GO:0050877","false","0.000033579880161741516","4.473920858084428","777","792","85","14387","ENSG00000006071,ENSG00000006611,ENSG00000014257,ENSG00000021645,ENSG00000079841,ENSG00000083454,ENSG00000086717,ENSG00000091129,ENSG00000101489,ENSG00000103316,ENSG00000104327,ENSG00000105464,ENSG00000108691,ENSG00000108821,ENSG00000109956,ENSG00000110492,ENSG00000111249,ENSG00000112038,ENSG00000112164,ENSG00000114200,ENSG00000115353,ENSG00000124788,ENSG00000126778,ENSG00000130164,ENSG00000130203,ENSG00000132386,ENSG00000134121,ENSG00000135902,ENSG00000135919,ENSG00000138083,ENSG00000138795,ENSG00000139219,ENSG00000139329,ENSG00000139352,ENSG00000144488,ENSG00000145451,ENSG00000148053,ENSG00000149488,ENSG00000150594,ENSG00000151615,ENSG00000154928,ENSG00000155886,ENSG00000155897,ENSG00000157087,ENSG00000157103,ENSG00000157404,ENSG00000160349,ENSG00000161681,ENSG00000162105,ENSG00000162496,ENSG00000163377,ENSG00000164326,ENSG00000165995,ENSG00000166292,ENSG00000166349,ENSG00000166862,ENSG00000168539,ENSG00000169427,ENSG00000171303,ENSG00000173662,ENSG00000176884,ENSG00000177301,ENSG00000180772,ENSG00000181656,ENSG00000182636,ENSG00000182871,ENSG00000184254,ENSG00000184564,ENSG00000185101,ENSG00000185345,ENSG00000186367,ENSG00000187486,ENSG00000188162,ENSG00000188620,ENSG00000196277,ENSG00000196549,ENSG00000197971,ENSG00000198515,ENSG00000198523,ENSG00000198576,ENSG00000198963,ENSG00000203797,ENSG00000204248,ENSG00000232810,ENSG00000240583"
"GO:BP","cell chemotaxis","GO:0060326","false","0.00006073908096004473","4.216531783655832","192","792","34","14387","ENSG00000019991,ENSG00000078401,ENSG00000081041,ENSG00000106538,ENSG00000106991,ENSG00000108688,ENSG00000108691,ENSG00000108700,ENSG00000110492,ENSG00000111199,ENSG00000114251,ENSG00000120659,ENSG00000121966,ENSG00000123610,ENSG00000125538,ENSG00000128052,ENSG00000128340,ENSG00000129422,ENSG00000130529,ENSG00000136160,ENSG00000137077,ENSG00000138795,ENSG00000144476,ENSG00000154928,ENSG00000157404,ENSG00000163377,ENSG00000165197,ENSG00000166923,ENSG00000169245,ENSG00000169248,ENSG00000169429,ENSG00000198121,ENSG00000271447,ENSG00000271503"
"GO:BP","blood circulation","GO:0008015","false","0.00006347397982649486","4.197404270513859","371","792","51","14387","ENSG00000006071,ENSG00000007171,ENSG00000021826,ENSG00000048740,ENSG00000054598,ENSG00000069431,ENSG00000073756,ENSG00000078401,ENSG00000080709,ENSG00000095303,ENSG00000105329,ENSG00000106991,ENSG00000111199,ENSG00000112164,ENSG00000115353,ENSG00000115738,ENSG00000126562,ENSG00000130203,ENSG00000130529,ENSG00000132170,ENSG00000136160,ENSG00000136546,ENSG00000137331,ENSG00000138119,ENSG00000143839,ENSG00000144596,ENSG00000149131,ENSG00000150594,ENSG00000152049,ENSG00000152661,ENSG00000157087,ENSG00000163273,ENSG00000164326,ENSG00000164692,ENSG00000165895,ENSG00000165995,ENSG00000166825,ENSG00000166863,ENSG00000169245,ENSG00000169860,ENSG00000171303,ENSG00000172572,ENSG00000179546,ENSG00000180772,ENSG00000181072,ENSG00000185551,ENSG00000196549,ENSG00000198523,ENSG00000198626,ENSG00000198719,ENSG00000232810"
"GO:BP","chemical synaptic transmission","GO:0007268","false","0.00008598954417344435","4.065554353219683","613","792","71","14387","ENSG00000006071,ENSG00000021645,ENSG00000064300,ENSG00000064692,ENSG00000076944,ENSG00000078401,ENSG00000079841,ENSG00000083454,ENSG00000089169,ENSG00000100302,ENSG00000101489,ENSG00000103546,ENSG00000104327,ENSG00000105464,ENSG00000107282,ENSG00000108231,ENSG00000108691,ENSG00000111249,ENSG00000114200,ENSG00000114251,ENSG00000115353,ENSG00000115896,ENSG00000125538,ENSG00000128594,ENSG00000130203,ENSG00000131389,ENSG00000135902,ENSG00000135919,ENSG00000138119,ENSG00000141668,ENSG00000145451,ENSG00000145920,ENSG00000146006,ENSG00000148053,ENSG00000150594,ENSG00000153707,ENSG00000154928,ENSG00000155886,ENSG00000155897,ENSG00000156564,ENSG00000157103,ENSG00000157404,ENSG00000161681,ENSG00000162105,ENSG00000162951,ENSG00000164082,ENSG00000164326,ENSG00000165646,ENSG00000165917,ENSG00000165970,ENSG00000165995,ENSG00000166206,ENSG00000166862,ENSG00000168539,ENSG00000169860,ENSG00000171303,ENSG00000173805,ENSG00000176884,ENSG00000179546,ENSG00000180720,ENSG00000181019,ENSG00000181072,ENSG00000182771,ENSG00000185345,ENSG00000185666,ENSG00000187323,ENSG00000196277,ENSG00000196549,ENSG00000197971,ENSG00000198576,ENSG00000232810"
"GO:BP","anterograde trans-synaptic signaling","GO:0098916","false","0.00008598954417344435","4.065554353219683","613","792","71","14387","ENSG00000006071,ENSG00000021645,ENSG00000064300,ENSG00000064692,ENSG00000076944,ENSG00000078401,ENSG00000079841,ENSG00000083454,ENSG00000089169,ENSG00000100302,ENSG00000101489,ENSG00000103546,ENSG00000104327,ENSG00000105464,ENSG00000107282,ENSG00000108231,ENSG00000108691,ENSG00000111249,ENSG00000114200,ENSG00000114251,ENSG00000115353,ENSG00000115896,ENSG00000125538,ENSG00000128594,ENSG00000130203,ENSG00000131389,ENSG00000135902,ENSG00000135919,ENSG00000138119,ENSG00000141668,ENSG00000145451,ENSG00000145920,ENSG00000146006,ENSG00000148053,ENSG00000150594,ENSG00000153707,ENSG00000154928,ENSG00000155886,ENSG00000155897,ENSG00000156564,ENSG00000157103,ENSG00000157404,ENSG00000161681,ENSG00000162105,ENSG00000162951,ENSG00000164082,ENSG00000164326,ENSG00000165646,ENSG00000165917,ENSG00000165970,ENSG00000165995,ENSG00000166206,ENSG00000166862,ENSG00000168539,ENSG00000169860,ENSG00000171303,ENSG00000173805,ENSG00000176884,ENSG00000179546,ENSG00000180720,ENSG00000181019,ENSG00000181072,ENSG00000182771,ENSG00000185345,ENSG00000185666,ENSG00000187323,ENSG00000196277,ENSG00000196549,ENSG00000197971,ENSG00000198576,ENSG00000232810"
"GO:BP","humoral immune response","GO:0006959","true","0.00009220664064940033","4.035237800274606","97","792","23","14387","ENSG00000000971,ENSG00000012223,ENSG00000106538,ENSG00000108688,ENSG00000108691,ENSG00000108700,ENSG00000110169,ENSG00000120885,ENSG00000125538,ENSG00000125730,ENSG00000137077,ENSG00000149131,ENSG00000159674,ENSG00000160224,ENSG00000162894,ENSG00000169429,ENSG00000197766,ENSG00000204592,ENSG00000224389,ENSG00000232810,ENSG00000244414,ENSG00000244731,ENSG00000271503"
"GO:BP","mesenchyme development","GO:0060485","false","0.00009980252655313943","4.000858464181591","256","792","40","14387","ENSG00000001617,ENSG00000018408,ENSG00000019991,ENSG00000054598,ENSG00000066468,ENSG00000075213,ENSG00000078401,ENSG00000090932,ENSG00000092421,ENSG00000104332,ENSG00000105329,ENSG00000106991,ENSG00000108821,ENSG00000110195,ENSG00000110492,ENSG00000112183,ENSG00000114251,ENSG00000115414,ENSG00000119699,ENSG00000125538,ENSG00000126778,ENSG00000130700,ENSG00000134013,ENSG00000135111,ENSG00000136160,ENSG00000136997,ENSG00000137693,ENSG00000138795,ENSG00000144824,ENSG00000153993,ENSG00000162344,ENSG00000162998,ENSG00000163513,ENSG00000166292,ENSG00000166923,ENSG00000168505,ENSG00000173068,ENSG00000183779,ENSG00000185650,ENSG00000196154"
"GO:BP","cellular response to oxygen-containing compound","GO:1901701","false","0.00010303436702017624","3.9870178925980593","901","792","93","14387","ENSG00000003137,ENSG00000006071,ENSG00000007171,ENSG00000008394,ENSG00000010671,ENSG00000012223,ENSG00000019991,ENSG00000021826,ENSG00000041982,ENSG00000064300,ENSG00000064989,ENSG00000066468,ENSG00000069431,ENSG00000078401,ENSG00000100985,ENSG00000103490,ENSG00000103569,ENSG00000104332,ENSG00000105329,ENSG00000105464,ENSG00000106538,ENSG00000108688,ENSG00000108691,ENSG00000108821,ENSG00000110195,ENSG00000112038,ENSG00000112164,ENSG00000114251,ENSG00000115461,ENSG00000117318,ENSG00000118503,ENSG00000119508,ENSG00000122679,ENSG00000125384,ENSG00000125538,ENSG00000126778,ENSG00000128052,ENSG00000130164,ENSG00000130529,ENSG00000130700,ENSG00000130707,ENSG00000132170,ENSG00000132256,ENSG00000132386,ENSG00000135902,ENSG00000136160,ENSG00000137463,ENSG00000137693,ENSG00000143816,ENSG00000147065,ENSG00000148053,ENSG00000148908,ENSG00000149212,ENSG00000150594,ENSG00000150907,ENSG00000151615,ENSG00000152661,ENSG00000152894,ENSG00000154928,ENSG00000155897,ENSG00000157404,ENSG00000158270,ENSG00000159674,ENSG00000162670,ENSG00000163273,ENSG00000165140,ENSG00000167588,ENSG00000168539,ENSG00000168671,ENSG00000169245,ENSG00000169429,ENSG00000169860,ENSG00000170775,ENSG00000171631,ENSG00000172572,ENSG00000174672,ENSG00000180720,ENSG00000180772,ENSG00000181019,ENSG00000181072,ENSG00000182195,ENSG00000183779,ENSG00000185345,ENSG00000185650,ENSG00000197712,ENSG00000198121,ENSG00000198125,ENSG00000198797,ENSG00000198959,ENSG00000198963,ENSG00000232810,ENSG00000240583,ENSG00000250366"
"GO:BP","regulation of cell communication","GO:0010646","false","0.00010403298800805426","3.982828927641437","2831","792","223","14387","ENSG00000002746,ENSG00000003137,ENSG00000006071,ENSG00000007171,ENSG00000009694,ENSG00000010671,ENSG00000011465,ENSG00000012223,ENSG00000013364,ENSG00000013588,ENSG00000014257,ENSG00000018408,ENSG00000019991,ENSG00000021645,ENSG00000023445,ENSG00000048540,ENSG00000053108,ENSG00000056558,ENSG00000064300,ENSG00000064692,ENSG00000066468,ENSG00000067182,ENSG00000068079,ENSG00000070404,ENSG00000070601,ENSG00000073331,ENSG00000073756,ENSG00000074966,ENSG00000075213,ENSG00000078401,ENSG00000078579,ENSG00000079841,ENSG00000083454,ENSG00000085276,ENSG00000090932,ENSG00000091409,ENSG00000092421,ENSG00000095596,ENSG00000100302,ENSG00000100985,ENSG00000101282,ENSG00000101489,ENSG00000101955,ENSG00000102265,ENSG00000103154,ENSG00000103449,ENSG00000103490,ENSG00000104327,ENSG00000104332,ENSG00000105329,ENSG00000105464,ENSG00000105880,ENSG00000106991,ENSG00000107282,ENSG00000108231,ENSG00000108691,ENSG00000108771,ENSG00000108821,ENSG00000110169,ENSG00000110195,ENSG00000110492,ENSG00000110719,ENSG00000111087,ENSG00000111199,ENSG00000111249,ENSG00000111348,ENSG00000112038,ENSG00000112541,ENSG00000114200,ENSG00000114251,ENSG00000115353,ENSG00000115414,ENSG00000115461,ENSG00000115896,ENSG00000117525,ENSG00000118503,ENSG00000119283,ENSG00000119699,ENSG00000120332,ENSG00000120645,ENSG00000120659,ENSG00000120885,ENSG00000121966,ENSG00000122679,ENSG00000123609,ENSG00000123610,ENSG00000125538,ENSG00000125730,ENSG00000126458,ENSG00000128052,ENSG00000128594,ENSG00000128849,ENSG00000130203,ENSG00000130303,ENSG00000130529,ENSG00000130700,ENSG00000130768,ENSG00000131389,ENSG00000131634,ENSG00000132170,ENSG00000132256,ENSG00000135253,ENSG00000135919,ENSG00000135926,ENSG00000136160,ENSG00000136997,ENSG00000137077,ENSG00000137331,ENSG00000137693,ENSG00000137727,ENSG00000137962,ENSG00000138119,ENSG00000138795,ENSG00000139219,ENSG00000139352,ENSG00000139549,ENSG00000140285,ENSG00000141668,ENSG00000142279,ENSG00000143772,ENSG00000143839,ENSG00000143869,ENSG00000144476,ENSG00000145103,ENSG00000145819,ENSG00000145920,ENSG00000146006,ENSG00000146376,ENSG00000147255,ENSG00000147869,ENSG00000148053,ENSG00000148908,ENSG00000149212,ENSG00000150457,ENSG00000150594,ENSG00000150907,ENSG00000152284,ENSG00000152402,ENSG00000152661,ENSG00000153707,ENSG00000154928,ENSG00000155886,ENSG00000155897,ENSG00000155926,ENSG00000156535,ENSG00000156564,ENSG00000157404,ENSG00000157613,ENSG00000160013,ENSG00000161681,ENSG00000162105,ENSG00000162344,ENSG00000162496,ENSG00000162894,ENSG00000162951,ENSG00000162998,ENSG00000163219,ENSG00000163346,ENSG00000163377,ENSG00000163394,ENSG00000163430,ENSG00000163513,ENSG00000164082,ENSG00000164326,ENSG00000164342,ENSG00000165140,ENSG00000165757,ENSG00000165895,ENSG00000165917,ENSG00000166292,ENSG00000166862,ENSG00000166923,ENSG00000168539,ENSG00000168542,ENSG00000168843,ENSG00000169247,ENSG00000169427,ENSG00000169429,ENSG00000169860,ENSG00000169871,ENSG00000170775,ENSG00000171631,ENSG00000172247,ENSG00000172572,ENSG00000172985,ENSG00000173805,ENSG00000174672,ENSG00000176884,ENSG00000177374,ENSG00000177706,ENSG00000179399,ENSG00000180447,ENSG00000180772,ENSG00000180875,ENSG00000181072,ENSG00000181744,ENSG00000182771,ENSG00000183098,ENSG00000183779,ENSG00000185345,ENSG00000185666,ENSG00000186897,ENSG00000187323,ENSG00000187486,ENSG00000189292,ENSG00000196154,ENSG00000196277,ENSG00000196549,ENSG00000196562,ENSG00000196664,ENSG00000197496,ENSG00000198121,ENSG00000198576,ENSG00000198626,ENSG00000198719,ENSG00000198768,ENSG00000198915,ENSG00000198959,ENSG00000203797,ENSG00000215397,ENSG00000232810,ENSG00000250366,ENSG00000271503"
"GO:BP","cell adhesion","GO:0007155","true","0.00010480658500303932","3.9796114297507676","1078","792","106","14387","ENSG00000002586,ENSG00000021645,ENSG00000038427,ENSG00000041982,ENSG00000070404,ENSG00000074527,ENSG00000075275,ENSG00000077238,ENSG00000078098,ENSG00000080573,ENSG00000080854,ENSG00000083857,ENSG00000087303,ENSG00000091128,ENSG00000091129,ENSG00000091409,ENSG00000091986,ENSG00000092421,ENSG00000101955,ENSG00000103490,ENSG00000104332,ENSG00000104951,ENSG00000105329,ENSG00000106991,ENSG00000107282,ENSG00000108691,ENSG00000108821,ENSG00000110195,ENSG00000110492,ENSG00000111199,ENSG00000113805,ENSG00000114251,ENSG00000115414,ENSG00000119508,ENSG00000120332,ENSG00000120659,ENSG00000121966,ENSG00000123146,ENSG00000123610,ENSG00000124466,ENSG00000125538,ENSG00000125848,ENSG00000126458,ENSG00000128052,ENSG00000128340,ENSG00000128594,ENSG00000130635,ENSG00000130700,ENSG00000130707,ENSG00000134121,ENSG00000135919,ENSG00000137077,ENSG00000137699,ENSG00000138650,ENSG00000138795,ENSG00000142173,ENSG00000143772,ENSG00000144476,ENSG00000144824,ENSG00000145012,ENSG00000147065,ENSG00000152377,ENSG00000152894,ENSG00000153707,ENSG00000154133,ENSG00000154175,ENSG00000154654,ENSG00000154928,ENSG00000157404,ENSG00000159674,ENSG00000160223,ENSG00000162576,ENSG00000162614,ENSG00000163191,ENSG00000163346,ENSG00000163359,ENSG00000163513,ENSG00000164176,ENSG00000164946,ENSG00000165194,ENSG00000165323,ENSG00000165757,ENSG00000166349,ENSG00000166482,ENSG00000166923,ENSG00000167664,ENSG00000168071,ENSG00000168542,ENSG00000169429,ENSG00000171812,ENSG00000172638,ENSG00000173376,ENSG00000179242,ENSG00000182871,ENSG00000183779,ENSG00000183853,ENSG00000185650,ENSG00000186417,ENSG00000187323,ENSG00000197747,ENSG00000197971,ENSG00000198719,ENSG00000198959,ENSG00000204592,ENSG00000232810,ENSG00000271503"
"GO:BP","synaptic signaling","GO:0099536","false","0.00010522128894366633","3.9778963824695466","641","792","73","14387","ENSG00000006071,ENSG00000021645,ENSG00000064300,ENSG00000064692,ENSG00000076944,ENSG00000078401,ENSG00000079841,ENSG00000083454,ENSG00000089169,ENSG00000100302,ENSG00000101489,ENSG00000103546,ENSG00000104327,ENSG00000105464,ENSG00000107282,ENSG00000108231,ENSG00000108691,ENSG00000111249,ENSG00000112038,ENSG00000114200,ENSG00000114251,ENSG00000115353,ENSG00000115896,ENSG00000125538,ENSG00000128594,ENSG00000130203,ENSG00000131389,ENSG00000135902,ENSG00000135919,ENSG00000138119,ENSG00000141668,ENSG00000145451,ENSG00000145920,ENSG00000146006,ENSG00000148053,ENSG00000148908,ENSG00000150594,ENSG00000153707,ENSG00000154928,ENSG00000155886,ENSG00000155897,ENSG00000156564,ENSG00000157103,ENSG00000157404,ENSG00000161681,ENSG00000162105,ENSG00000162951,ENSG00000164082,ENSG00000164326,ENSG00000165646,ENSG00000165917,ENSG00000165970,ENSG00000165995,ENSG00000166206,ENSG00000166862,ENSG00000168539,ENSG00000169860,ENSG00000171303,ENSG00000173805,ENSG00000176884,ENSG00000179546,ENSG00000180720,ENSG00000181019,ENSG00000181072,ENSG00000182771,ENSG00000185345,ENSG00000185666,ENSG00000187323,ENSG00000196277,ENSG00000196549,ENSG00000197971,ENSG00000198576,ENSG00000232810"
"GO:BP","secretion by cell","GO:0032940","false","0.00010787238672890967","3.9670897121848343","654","792","74","14387","ENSG00000006071,ENSG00000007171,ENSG00000010671,ENSG00000021645,ENSG00000064692,ENSG00000067182,ENSG00000073756,ENSG00000076944,ENSG00000077238,ENSG00000078401,ENSG00000078579,ENSG00000079841,ENSG00000089169,ENSG00000103528,ENSG00000104332,ENSG00000104518,ENSG00000105329,ENSG00000107282,ENSG00000108700,ENSG00000110719,ENSG00000111199,ENSG00000112038,ENSG00000112164,ENSG00000115353,ENSG00000119508,ENSG00000119699,ENSG00000120659,ENSG00000125538,ENSG00000126562,ENSG00000128340,ENSG00000130203,ENSG00000130529,ENSG00000132170,ENSG00000135111,ENSG00000135919,ENSG00000136160,ENSG00000138119,ENSG00000138772,ENSG00000140285,ENSG00000143839,ENSG00000145103,ENSG00000145920,ENSG00000148053,ENSG00000150594,ENSG00000150907,ENSG00000152661,ENSG00000155897,ENSG00000157404,ENSG00000157613,ENSG00000160179,ENSG00000163394,ENSG00000164082,ENSG00000164326,ENSG00000164674,ENSG00000165646,ENSG00000167964,ENSG00000169427,ENSG00000169860,ENSG00000173805,ENSG00000174672,ENSG00000177301,ENSG00000177469,ENSG00000185345,ENSG00000185666,ENSG00000187486,ENSG00000188282,ENSG00000196277,ENSG00000197747,ENSG00000198959,ENSG00000205436,ENSG00000232810,ENSG00000240583,ENSG00000250366,ENSG00000271503"
"GO:BP","trans-synaptic signaling","GO:0099537","false","0.0001220319691898577","3.913526380604277","618","792","71","14387","ENSG00000006071,ENSG00000021645,ENSG00000064300,ENSG00000064692,ENSG00000076944,ENSG00000078401,ENSG00000079841,ENSG00000083454,ENSG00000089169,ENSG00000100302,ENSG00000101489,ENSG00000103546,ENSG00000104327,ENSG00000105464,ENSG00000107282,ENSG00000108231,ENSG00000108691,ENSG00000111249,ENSG00000114200,ENSG00000114251,ENSG00000115353,ENSG00000115896,ENSG00000125538,ENSG00000128594,ENSG00000130203,ENSG00000131389,ENSG00000135902,ENSG00000135919,ENSG00000138119,ENSG00000141668,ENSG00000145451,ENSG00000145920,ENSG00000146006,ENSG00000148053,ENSG00000150594,ENSG00000153707,ENSG00000154928,ENSG00000155886,ENSG00000155897,ENSG00000156564,ENSG00000157103,ENSG00000157404,ENSG00000161681,ENSG00000162105,ENSG00000162951,ENSG00000164082,ENSG00000164326,ENSG00000165646,ENSG00000165917,ENSG00000165970,ENSG00000165995,ENSG00000166206,ENSG00000166862,ENSG00000168539,ENSG00000169860,ENSG00000171303,ENSG00000173805,ENSG00000176884,ENSG00000179546,ENSG00000180720,ENSG00000181019,ENSG00000181072,ENSG00000182771,ENSG00000185345,ENSG00000185666,ENSG00000187323,ENSG00000196277,ENSG00000196549,ENSG00000197971,ENSG00000198576,ENSG00000232810"
"GO:BP","negative regulation of cell population proliferation","GO:0008285","false","0.00012913993978848535","3.888939420419994","520","792","63","14387","ENSG00000006071,ENSG00000009694,ENSG00000010671,ENSG00000049249,ENSG00000064300,ENSG00000066468,ENSG00000068079,ENSG00000077092,ENSG00000078098,ENSG00000088002,ENSG00000090530,ENSG00000101955,ENSG00000104332,ENSG00000104951,ENSG00000105329,ENSG00000106991,ENSG00000108691,ENSG00000108700,ENSG00000112038,ENSG00000114200,ENSG00000114251,ENSG00000115461,ENSG00000118503,ENSG00000119699,ENSG00000120332,ENSG00000123609,ENSG00000125538,ENSG00000127418,ENSG00000129993,ENSG00000130203,ENSG00000132170,ENSG00000132386,ENSG00000135111,ENSG00000135919,ENSG00000136997,ENSG00000143816,ENSG00000144476,ENSG00000147869,ENSG00000152104,ENSG00000152894,ENSG00000154175,ENSG00000154928,ENSG00000156535,ENSG00000160013,ENSG00000162998,ENSG00000163191,ENSG00000163273,ENSG00000165959,ENSG00000165973,ENSG00000166923,ENSG00000169429,ENSG00000172638,ENSG00000174348,ENSG00000177045,ENSG00000182195,ENSG00000182871,ENSG00000185551,ENSG00000186897,ENSG00000198719,ENSG00000204592,ENSG00000219438,ENSG00000232810,ENSG00000276644"
"GO:BP","response to bacterium","GO:0009617","false","0.0001466819951214131","3.8336231915371255","380","792","51","14387","ENSG00000006071,ENSG00000007171,ENSG00000010671,ENSG00000012223,ENSG00000021826,ENSG00000066468,ENSG00000067182,ENSG00000078401,ENSG00000081041,ENSG00000091592,ENSG00000091986,ENSG00000100504,ENSG00000100985,ENSG00000103490,ENSG00000104518,ENSG00000106538,ENSG00000108691,ENSG00000108771,ENSG00000114251,ENSG00000118503,ENSG00000125355,ENSG00000125384,ENSG00000125538,ENSG00000125730,ENSG00000130649,ENSG00000130707,ENSG00000132256,ENSG00000136160,ENSG00000136546,ENSG00000137965,ENSG00000138772,ENSG00000143839,ENSG00000153029,ENSG00000158270,ENSG00000159674,ENSG00000160013,ENSG00000162344,ENSG00000164342,ENSG00000165197,ENSG00000169245,ENSG00000169429,ENSG00000177694,ENSG00000179954,ENSG00000181019,ENSG00000182195,ENSG00000183778,ENSG00000197766,ENSG00000204592,ENSG00000224389,ENSG00000232810,ENSG00000240583"
"GO:BP","regulation of anatomical structure morphogenesis","GO:0022603","false","0.00015352742338376734","3.8138140386851447","672","792","75","14387","ENSG00000001617,ENSG00000002746,ENSG00000006071,ENSG00000011465,ENSG00000019991,ENSG00000053108,ENSG00000054598,ENSG00000064300,ENSG00000066468,ENSG00000074527,ENSG00000078401,ENSG00000079841,ENSG00000082397,ENSG00000092421,ENSG00000099260,ENSG00000103528,ENSG00000104332,ENSG00000105329,ENSG00000106991,ENSG00000108688,ENSG00000108691,ENSG00000110492,ENSG00000111249,ENSG00000114251,ENSG00000115414,ENSG00000117525,ENSG00000118503,ENSG00000120332,ENSG00000125538,ENSG00000125730,ENSG00000126458,ENSG00000126778,ENSG00000128052,ENSG00000128340,ENSG00000130700,ENSG00000132170,ENSG00000132386,ENSG00000135048,ENSG00000135926,ENSG00000138772,ENSG00000140285,ENSG00000142279,ENSG00000143320,ENSG00000144824,ENSG00000146376,ENSG00000147065,ENSG00000148053,ENSG00000151615,ENSG00000152661,ENSG00000153707,ENSG00000155974,ENSG00000157404,ENSG00000157613,ENSG00000163513,ENSG00000164342,ENSG00000165757,ENSG00000166923,ENSG00000167664,ENSG00000169245,ENSG00000169429,ENSG00000169583,ENSG00000169860,ENSG00000174672,ENSG00000176293,ENSG00000179242,ENSG00000180772,ENSG00000185345,ENSG00000187323,ENSG00000198121,ENSG00000198576,ENSG00000198719,ENSG00000198959,ENSG00000219438,ENSG00000232810,ENSG00000240583"
"GO:BP","regulation of signaling","GO:0023051","false","0.00019035546537907403","3.7204346494516707","2834","792","222","14387","ENSG00000002746,ENSG00000003137,ENSG00000006071,ENSG00000007171,ENSG00000009694,ENSG00000010671,ENSG00000011465,ENSG00000012223,ENSG00000013364,ENSG00000013588,ENSG00000014257,ENSG00000018408,ENSG00000019991,ENSG00000021645,ENSG00000023445,ENSG00000048540,ENSG00000053108,ENSG00000056558,ENSG00000064300,ENSG00000064692,ENSG00000066468,ENSG00000067182,ENSG00000068079,ENSG00000070404,ENSG00000070601,ENSG00000073331,ENSG00000073756,ENSG00000074966,ENSG00000075213,ENSG00000078401,ENSG00000078579,ENSG00000079841,ENSG00000083454,ENSG00000085276,ENSG00000090932,ENSG00000091409,ENSG00000092421,ENSG00000095596,ENSG00000100302,ENSG00000100985,ENSG00000101282,ENSG00000101489,ENSG00000101955,ENSG00000102265,ENSG00000103154,ENSG00000103449,ENSG00000103490,ENSG00000104327,ENSG00000104332,ENSG00000105329,ENSG00000105464,ENSG00000105880,ENSG00000106991,ENSG00000107282,ENSG00000108231,ENSG00000108691,ENSG00000108771,ENSG00000108821,ENSG00000110169,ENSG00000110195,ENSG00000110492,ENSG00000110719,ENSG00000111087,ENSG00000111199,ENSG00000111249,ENSG00000111348,ENSG00000112038,ENSG00000112541,ENSG00000114200,ENSG00000114251,ENSG00000115353,ENSG00000115414,ENSG00000115461,ENSG00000115896,ENSG00000117525,ENSG00000118503,ENSG00000119283,ENSG00000119699,ENSG00000120332,ENSG00000120645,ENSG00000120659,ENSG00000120885,ENSG00000121966,ENSG00000122679,ENSG00000123609,ENSG00000123610,ENSG00000125538,ENSG00000125730,ENSG00000126458,ENSG00000128052,ENSG00000128594,ENSG00000128849,ENSG00000130164,ENSG00000130203,ENSG00000130303,ENSG00000130529,ENSG00000130700,ENSG00000130768,ENSG00000131389,ENSG00000131634,ENSG00000132170,ENSG00000132256,ENSG00000135253,ENSG00000135919,ENSG00000135926,ENSG00000136160,ENSG00000136997,ENSG00000137077,ENSG00000137331,ENSG00000137693,ENSG00000137727,ENSG00000137962,ENSG00000138119,ENSG00000138795,ENSG00000139219,ENSG00000139352,ENSG00000139549,ENSG00000140285,ENSG00000141668,ENSG00000142279,ENSG00000143772,ENSG00000143839,ENSG00000143869,ENSG00000144476,ENSG00000145103,ENSG00000145819,ENSG00000145920,ENSG00000146006,ENSG00000146376,ENSG00000147255,ENSG00000147869,ENSG00000148053,ENSG00000148908,ENSG00000149212,ENSG00000150457,ENSG00000150594,ENSG00000150907,ENSG00000152284,ENSG00000152402,ENSG00000152661,ENSG00000153707,ENSG00000154928,ENSG00000155886,ENSG00000155897,ENSG00000155926,ENSG00000156535,ENSG00000156564,ENSG00000157404,ENSG00000157613,ENSG00000160013,ENSG00000161681,ENSG00000162105,ENSG00000162344,ENSG00000162496,ENSG00000162894,ENSG00000162951,ENSG00000162998,ENSG00000163219,ENSG00000163346,ENSG00000163377,ENSG00000163394,ENSG00000163430,ENSG00000163513,ENSG00000164082,ENSG00000164326,ENSG00000164342,ENSG00000165140,ENSG00000165757,ENSG00000165895,ENSG00000165917,ENSG00000166292,ENSG00000166862,ENSG00000166923,ENSG00000168539,ENSG00000168542,ENSG00000168843,ENSG00000169247,ENSG00000169427,ENSG00000169429,ENSG00000169860,ENSG00000169871,ENSG00000170775,ENSG00000171631,ENSG00000172247,ENSG00000172572,ENSG00000172985,ENSG00000173805,ENSG00000174672,ENSG00000176884,ENSG00000177374,ENSG00000177706,ENSG00000179399,ENSG00000180447,ENSG00000180772,ENSG00000180875,ENSG00000181072,ENSG00000181744,ENSG00000182771,ENSG00000183098,ENSG00000183779,ENSG00000185345,ENSG00000185666,ENSG00000186897,ENSG00000187323,ENSG00000187486,ENSG00000189292,ENSG00000196154,ENSG00000196277,ENSG00000196549,ENSG00000196562,ENSG00000196664,ENSG00000197496,ENSG00000198121,ENSG00000198576,ENSG00000198719,ENSG00000198768,ENSG00000198915,ENSG00000198959,ENSG00000215397,ENSG00000232810,ENSG00000250366,ENSG00000271503"
"GO:BP","bone development","GO:0060348","false","0.00021120913645424408","3.6752872990840615","172","792","31","14387","ENSG00000003137,ENSG00000012223,ENSG00000054598,ENSG00000066468,ENSG00000077092,ENSG00000083454,ENSG00000105329,ENSG00000105880,ENSG00000108821,ENSG00000111199,ENSG00000116183,ENSG00000116678,ENSG00000120332,ENSG00000120659,ENSG00000128052,ENSG00000128606,ENSG00000139219,ENSG00000147869,ENSG00000152661,ENSG00000162496,ENSG00000163273,ENSG00000163513,ENSG00000164946,ENSG00000166923,ENSG00000168542,ENSG00000173068,ENSG00000177706,ENSG00000182492,ENSG00000196562,ENSG00000198959,ENSG00000204335"
"GO:BP","cellular response to endogenous stimulus","GO:0071495","false","0.00021501983024645315","3.667521485342684","982","792","98","14387","ENSG00000003137,ENSG00000011465,ENSG00000019991,ENSG00000021826,ENSG00000041982,ENSG00000048540,ENSG00000053108,ENSG00000054598,ENSG00000064300,ENSG00000066468,ENSG00000070404,ENSG00000077092,ENSG00000078401,ENSG00000078579,ENSG00000092421,ENSG00000095596,ENSG00000101292,ENSG00000104332,ENSG00000104826,ENSG00000105329,ENSG00000105880,ENSG00000106538,ENSG00000106991,ENSG00000108691,ENSG00000108821,ENSG00000110195,ENSG00000112164,ENSG00000114251,ENSG00000116678,ENSG00000119508,ENSG00000119699,ENSG00000122679,ENSG00000123610,ENSG00000125384,ENSG00000125538,ENSG00000125848,ENSG00000125968,ENSG00000127418,ENSG00000128052,ENSG00000130700,ENSG00000130707,ENSG00000131634,ENSG00000132170,ENSG00000132386,ENSG00000134532,ENSG00000135253,ENSG00000137463,ENSG00000138795,ENSG00000139219,ENSG00000140285,ENSG00000143839,ENSG00000143869,ENSG00000147869,ENSG00000148053,ENSG00000149212,ENSG00000150457,ENSG00000150594,ENSG00000150907,ENSG00000151615,ENSG00000152894,ENSG00000154928,ENSG00000155897,ENSG00000156535,ENSG00000157404,ENSG00000157613,ENSG00000162344,ENSG00000162496,ENSG00000163394,ENSG00000163430,ENSG00000163513,ENSG00000164692,ENSG00000165140,ENSG00000165197,ENSG00000165757,ENSG00000166292,ENSG00000166923,ENSG00000168542,ENSG00000168843,ENSG00000169429,ENSG00000170419,ENSG00000171631,ENSG00000172572,ENSG00000173376,ENSG00000173805,ENSG00000177706,ENSG00000180447,ENSG00000180772,ENSG00000180875,ENSG00000182636,ENSG00000183779,ENSG00000185650,ENSG00000196562,ENSG00000197496,ENSG00000197712,ENSG00000198719,ENSG00000240583,ENSG00000266524,ENSG00000271503"
"GO:BP","negative regulation of developmental process","GO:0051093","false","0.000229428968604626","3.6393517472418706","691","792","76","14387","ENSG00000001617,ENSG00000006071,ENSG00000011465,ENSG00000012223,ENSG00000018408,ENSG00000053108,ENSG00000054598,ENSG00000064300,ENSG00000070404,ENSG00000077092,ENSG00000077238,ENSG00000090932,ENSG00000092421,ENSG00000095587,ENSG00000099953,ENSG00000100985,ENSG00000104332,ENSG00000105329,ENSG00000110492,ENSG00000111199,ENSG00000113739,ENSG00000114251,ENSG00000115461,ENSG00000115738,ENSG00000117318,ENSG00000120332,ENSG00000123610,ENSG00000125538,ENSG00000128606,ENSG00000130164,ENSG00000130529,ENSG00000130635,ENSG00000132170,ENSG00000132386,ENSG00000134013,ENSG00000135111,ENSG00000136160,ENSG00000136997,ENSG00000137463,ENSG00000137693,ENSG00000138083,ENSG00000138795,ENSG00000139352,ENSG00000143772,ENSG00000143816,ENSG00000143995,ENSG00000147869,ENSG00000150907,ENSG00000151615,ENSG00000154928,ENSG00000157404,ENSG00000157613,ENSG00000160179,ENSG00000162998,ENSG00000163273,ENSG00000164326,ENSG00000164342,ENSG00000165323,ENSG00000166923,ENSG00000169245,ENSG00000171819,ENSG00000172201,ENSG00000178764,ENSG00000185155,ENSG00000185345,ENSG00000185650,ENSG00000185924,ENSG00000186897,ENSG00000187323,ENSG00000198719,ENSG00000198963,ENSG00000213694,ENSG00000219438,ENSG00000232810,ENSG00000233608,ENSG00000250366"
"GO:BP","regulation of blood pressure","GO:0008217","false","0.0002833269324563003","3.5477121404064604","128","792","26","14387","ENSG00000007171,ENSG00000069431,ENSG00000073756,ENSG00000078401,ENSG00000095303,ENSG00000106991,ENSG00000112164,ENSG00000115353,ENSG00000115738,ENSG00000126562,ENSG00000132170,ENSG00000136160,ENSG00000137331,ENSG00000143839,ENSG00000144596,ENSG00000164326,ENSG00000164692,ENSG00000165895,ENSG00000166825,ENSG00000166863,ENSG00000171303,ENSG00000180772,ENSG00000185551,ENSG00000196549,ENSG00000198719,ENSG00000232810"
"GO:BP","response to organophosphorus","GO:0046683","false","0.0003312487949065836","3.4798456930290915","87","792","21","14387","ENSG00000021826,ENSG00000069431,ENSG00000083454,ENSG00000103569,ENSG00000108821,ENSG00000115461,ENSG00000125538,ENSG00000130529,ENSG00000130707,ENSG00000140279,ENSG00000143839,ENSG00000165140,ENSG00000167588,ENSG00000169860,ENSG00000171631,ENSG00000172572,ENSG00000185650,ENSG00000187486,ENSG00000196664,ENSG00000198121,ENSG00000240583"
"GO:BP","epithelial cell proliferation","GO:0050673","false","0.00036366514403849543","3.439298322473384","322","792","45","14387","ENSG00000010671,ENSG00000019991,ENSG00000064300,ENSG00000066468,ENSG00000078098,ENSG00000104332,ENSG00000105329,ENSG00000105880,ENSG00000106991,ENSG00000108691,ENSG00000110492,ENSG00000111087,ENSG00000114251,ENSG00000115353,ENSG00000115461,ENSG00000115738,ENSG00000117525,ENSG00000118292,ENSG00000118503,ENSG00000119508,ENSG00000120659,ENSG00000126778,ENSG00000128052,ENSG00000130203,ENSG00000132170,ENSG00000132386,ENSG00000134013,ENSG00000136160,ENSG00000136997,ENSG00000137693,ENSG00000140285,ENSG00000152894,ENSG00000156535,ENSG00000157404,ENSG00000165757,ENSG00000171812,ENSG00000183779,ENSG00000185551,ENSG00000185650,ENSG00000188816,ENSG00000196562,ENSG00000232810,ENSG00000255346,ENSG00000271503,ENSG00000276644"
"GO:BP","behavior","GO:0007610","false","0.0004436509129303217","3.3529586204671564","512","792","61","14387","ENSG00000006071,ENSG00000021645,ENSG00000075275,ENSG00000100302,ENSG00000104327,ENSG00000105464,ENSG00000107282,ENSG00000109956,ENSG00000110492,ENSG00000111249,ENSG00000112038,ENSG00000112164,ENSG00000114200,ENSG00000115353,ENSG00000115738,ENSG00000116678,ENSG00000119508,ENSG00000124788,ENSG00000130164,ENSG00000130203,ENSG00000132386,ENSG00000134121,ENSG00000135919,ENSG00000136160,ENSG00000143839,ENSG00000143995,ENSG00000148053,ENSG00000155886,ENSG00000155897,ENSG00000157103,ENSG00000157404,ENSG00000161681,ENSG00000162105,ENSG00000162670,ENSG00000162951,ENSG00000164082,ENSG00000164326,ENSG00000165646,ENSG00000166349,ENSG00000168412,ENSG00000169860,ENSG00000170775,ENSG00000172247,ENSG00000176884,ENSG00000177301,ENSG00000179546,ENSG00000180772,ENSG00000181656,ENSG00000182771,ENSG00000184254,ENSG00000184564,ENSG00000185345,ENSG00000186367,ENSG00000188162,ENSG00000196092,ENSG00000196549,ENSG00000198523,ENSG00000198576,ENSG00000203797,ENSG00000266074,ENSG00000276644"
"GO:BP","mesenchymal cell differentiation","GO:0048762","false","0.0005116648195243329","3.2910144427341526","208","792","34","14387","ENSG00000001617,ENSG00000018408,ENSG00000019991,ENSG00000054598,ENSG00000066468,ENSG00000075213,ENSG00000078401,ENSG00000092421,ENSG00000104332,ENSG00000105329,ENSG00000106991,ENSG00000108821,ENSG00000110195,ENSG00000110492,ENSG00000114251,ENSG00000115414,ENSG00000119699,ENSG00000125538,ENSG00000126778,ENSG00000130700,ENSG00000134013,ENSG00000135111,ENSG00000136160,ENSG00000138795,ENSG00000144824,ENSG00000153993,ENSG00000162344,ENSG00000162998,ENSG00000163513,ENSG00000166292,ENSG00000166923,ENSG00000168505,ENSG00000183779,ENSG00000196154"
"GO:BP","regulation of vasculature development","GO:1901342","false","0.0006146869549347758","3.211346003505072","230","792","36","14387","ENSG00000006071,ENSG00000011465,ENSG00000054598,ENSG00000092421,ENSG00000104332,ENSG00000105329,ENSG00000106991,ENSG00000110492,ENSG00000114251,ENSG00000117525,ENSG00000118503,ENSG00000120332,ENSG00000121966,ENSG00000125538,ENSG00000125730,ENSG00000126458,ENSG00000128052,ENSG00000132170,ENSG00000132386,ENSG00000135048,ENSG00000138772,ENSG00000157613,ENSG00000163513,ENSG00000164342,ENSG00000165757,ENSG00000166923,ENSG00000167664,ENSG00000169245,ENSG00000169429,ENSG00000169583,ENSG00000171819,ENSG00000198719,ENSG00000198959,ENSG00000219438,ENSG00000232810,ENSG00000240583"
"GO:BP","response to nitrogen compound","GO:1901698","false","0.000619418048503072","3.208016144392385","733","792","78","14387","ENSG00000006071,ENSG00000021826,ENSG00000064300,ENSG00000066468,ENSG00000069431,ENSG00000078401,ENSG00000083454,ENSG00000091592,ENSG00000100985,ENSG00000102265,ENSG00000103569,ENSG00000105329,ENSG00000105464,ENSG00000106538,ENSG00000108821,ENSG00000110195,ENSG00000111199,ENSG00000112038,ENSG00000112164,ENSG00000113739,ENSG00000114200,ENSG00000115461,ENSG00000118503,ENSG00000119508,ENSG00000122679,ENSG00000125538,ENSG00000126778,ENSG00000128052,ENSG00000129159,ENSG00000130529,ENSG00000130700,ENSG00000130707,ENSG00000132170,ENSG00000135902,ENSG00000136160,ENSG00000137463,ENSG00000139352,ENSG00000140279,ENSG00000143839,ENSG00000148053,ENSG00000148908,ENSG00000149212,ENSG00000150594,ENSG00000150907,ENSG00000151615,ENSG00000151790,ENSG00000152661,ENSG00000154928,ENSG00000155897,ENSG00000157404,ENSG00000158270,ENSG00000164082,ENSG00000164326,ENSG00000164342,ENSG00000165140,ENSG00000165646,ENSG00000166206,ENSG00000167588,ENSG00000168539,ENSG00000168542,ENSG00000169860,ENSG00000171631,ENSG00000172572,ENSG00000176884,ENSG00000180720,ENSG00000180772,ENSG00000181072,ENSG00000182195,ENSG00000185345,ENSG00000185650,ENSG00000187486,ENSG00000196664,ENSG00000197712,ENSG00000198626,ENSG00000198959,ENSG00000232810,ENSG00000240583,ENSG00000266524"
"GO:BP","export from cell","GO:0140352","false","0.0006640249347276824","3.177815612181202","708","792","76","14387","ENSG00000006071,ENSG00000007171,ENSG00000010671,ENSG00000021645,ENSG00000064692,ENSG00000067182,ENSG00000073756,ENSG00000076944,ENSG00000077238,ENSG00000078401,ENSG00000078579,ENSG00000079841,ENSG00000089169,ENSG00000103528,ENSG00000104332,ENSG00000104518,ENSG00000105329,ENSG00000107282,ENSG00000108700,ENSG00000110719,ENSG00000111199,ENSG00000112038,ENSG00000112164,ENSG00000115353,ENSG00000119508,ENSG00000119699,ENSG00000120659,ENSG00000125538,ENSG00000126562,ENSG00000128340,ENSG00000130203,ENSG00000130529,ENSG00000132170,ENSG00000135111,ENSG00000135919,ENSG00000136160,ENSG00000138119,ENSG00000138772,ENSG00000140285,ENSG00000143839,ENSG00000145103,ENSG00000145920,ENSG00000148053,ENSG00000150594,ENSG00000150907,ENSG00000152049,ENSG00000152661,ENSG00000155897,ENSG00000157404,ENSG00000157613,ENSG00000158014,ENSG00000160179,ENSG00000163394,ENSG00000164082,ENSG00000164326,ENSG00000164674,ENSG00000165646,ENSG00000167964,ENSG00000169427,ENSG00000169860,ENSG00000173805,ENSG00000174672,ENSG00000177301,ENSG00000177469,ENSG00000185345,ENSG00000185666,ENSG00000187486,ENSG00000188282,ENSG00000196277,ENSG00000197747,ENSG00000198959,ENSG00000205436,ENSG00000232810,ENSG00000240583,ENSG00000250366,ENSG00000271503"
"GO:BP","negative regulation of multicellular organismal process","GO:0051241","false","0.0008038678272048743","3.0948153525380713","777","792","81","14387","ENSG00000001617,ENSG00000006071,ENSG00000010671,ENSG00000011465,ENSG00000012223,ENSG00000019991,ENSG00000053108,ENSG00000054598,ENSG00000064300,ENSG00000067182,ENSG00000067798,ENSG00000070404,ENSG00000077092,ENSG00000077238,ENSG00000078098,ENSG00000078401,ENSG00000090932,ENSG00000092421,ENSG00000101000,ENSG00000102265,ENSG00000103490,ENSG00000104332,ENSG00000104951,ENSG00000105329,ENSG00000108771,ENSG00000110492,ENSG00000111348,ENSG00000113739,ENSG00000114251,ENSG00000115414,ENSG00000115461,ENSG00000115738,ENSG00000115896,ENSG00000118503,ENSG00000119699,ENSG00000123609,ENSG00000123610,ENSG00000125538,ENSG00000125968,ENSG00000126562,ENSG00000128606,ENSG00000130164,ENSG00000130203,ENSG00000130303,ENSG00000130529,ENSG00000130700,ENSG00000132170,ENSG00000132386,ENSG00000134013,ENSG00000135919,ENSG00000136997,ENSG00000138795,ENSG00000143816,ENSG00000149131,ENSG00000150594,ENSG00000150907,ENSG00000151615,ENSG00000152661,ENSG00000154175,ENSG00000157613,ENSG00000158022,ENSG00000162998,ENSG00000164326,ENSG00000164342,ENSG00000164509,ENSG00000165895,ENSG00000166923,ENSG00000169245,ENSG00000169427,ENSG00000171819,ENSG00000172201,ENSG00000179954,ENSG00000180772,ENSG00000187323,ENSG00000197496,ENSG00000198523,ENSG00000198719,ENSG00000204592,ENSG00000219438,ENSG00000232810,ENSG00000266524"
"GO:BP","generation of neurons","GO:0048699","false","0.0008381721416830651","3.0766667779025325","1262","792","116","14387","ENSG00000001617,ENSG00000002746,ENSG00000006611,ENSG00000009694,ENSG00000021645,ENSG00000041982,ENSG00000053108,ENSG00000064300,ENSG00000066468,ENSG00000074527,ENSG00000075213,ENSG00000075275,ENSG00000078401,ENSG00000078579,ENSG00000079841,ENSG00000082397,ENSG00000091129,ENSG00000091409,ENSG00000092421,ENSG00000095713,ENSG00000103449,ENSG00000103528,ENSG00000104332,ENSG00000105329,ENSG00000105880,ENSG00000108231,ENSG00000109851,ENSG00000110195,ENSG00000110492,ENSG00000111199,ENSG00000111249,ENSG00000112137,ENSG00000113763,ENSG00000114200,ENSG00000114251,ENSG00000115414,ENSG00000115468,ENSG00000115738,ENSG00000117318,ENSG00000119042,ENSG00000119283,ENSG00000120332,ENSG00000125730,ENSG00000125848,ENSG00000125968,ENSG00000126778,ENSG00000130203,ENSG00000132386,ENSG00000132561,ENSG00000134121,ENSG00000134532,ENSG00000136160,ENSG00000136944,ENSG00000137463,ENSG00000138083,ENSG00000138795,ENSG00000139352,ENSG00000143320,ENSG00000143355,ENSG00000143816,ENSG00000143869,ENSG00000143995,ENSG00000148053,ENSG00000150281,ENSG00000151615,ENSG00000152377,ENSG00000152894,ENSG00000153707,ENSG00000153993,ENSG00000154133,ENSG00000154654,ENSG00000154928,ENSG00000155974,ENSG00000156687,ENSG00000157087,ENSG00000161681,ENSG00000162614,ENSG00000162624,ENSG00000162670,ENSG00000163394,ENSG00000165197,ENSG00000165323,ENSG00000165959,ENSG00000168505,ENSG00000168542,ENSG00000170775,ENSG00000172201,ENSG00000173376,ENSG00000174672,ENSG00000178764,ENSG00000179242,ENSG00000182636,ENSG00000184564,ENSG00000184613,ENSG00000185345,ENSG00000185551,ENSG00000185924,ENSG00000186367,ENSG00000186417,ENSG00000186487,ENSG00000187323,ENSG00000187634,ENSG00000188162,ENSG00000189292,ENSG00000196277,ENSG00000198121,ENSG00000198576,ENSG00000198719,ENSG00000198797,ENSG00000198963,ENSG00000214960,ENSG00000215397,ENSG00000221866,ENSG00000243364,ENSG00000250366,ENSG00000266074"
"GO:BP","response to lipid","GO:0033993","false","0.000875165327555125","3.0579098966205227","622","792","69","14387","ENSG00000003137,ENSG00000006071,ENSG00000007171,ENSG00000008394,ENSG00000010671,ENSG00000012223,ENSG00000021826,ENSG00000041982,ENSG00000048540,ENSG00000066468,ENSG00000078401,ENSG00000095596,ENSG00000100985,ENSG00000102996,ENSG00000103490,ENSG00000104332,ENSG00000105329,ENSG00000108691,ENSG00000108821,ENSG00000113739,ENSG00000114200,ENSG00000114251,ENSG00000115353,ENSG00000117318,ENSG00000118503,ENSG00000119508,ENSG00000119699,ENSG00000122679,ENSG00000125384,ENSG00000125538,ENSG00000130164,ENSG00000130707,ENSG00000132170,ENSG00000132256,ENSG00000132386,ENSG00000136160,ENSG00000137077,ENSG00000137463,ENSG00000137693,ENSG00000139352,ENSG00000139549,ENSG00000143816,ENSG00000143839,ENSG00000145103,ENSG00000147065,ENSG00000150907,ENSG00000151615,ENSG00000155897,ENSG00000158022,ENSG00000159674,ENSG00000160013,ENSG00000160179,ENSG00000162670,ENSG00000163513,ENSG00000165140,ENSG00000169245,ENSG00000169429,ENSG00000171631,ENSG00000172572,ENSG00000181019,ENSG00000182195,ENSG00000183779,ENSG00000185551,ENSG00000185650,ENSG00000198121,ENSG00000198797,ENSG00000198963,ENSG00000232810,ENSG00000240583"
"GO:BP","positive regulation of inflammatory response","GO:0050729","false","0.0009630226182699172","3.016363512590461","92","792","21","14387","ENSG00000010671,ENSG00000067182,ENSG00000068079,ENSG00000073756,ENSG00000091592,ENSG00000103490,ENSG00000104518,ENSG00000105329,ENSG00000110492,ENSG00000111199,ENSG00000114251,ENSG00000120659,ENSG00000123609,ENSG00000125538,ENSG00000125730,ENSG00000130164,ENSG00000145623,ENSG00000164342,ENSG00000196664,ENSG00000204592,ENSG00000232810"
"GO:BP","response to fibroblast growth factor","GO:0071774","false","0.0010622473996571792","2.97377432337417","118","792","24","14387","ENSG00000021826,ENSG00000041982,ENSG00000064300,ENSG00000066468,ENSG00000078579,ENSG00000108691,ENSG00000108821,ENSG00000114251,ENSG00000125848,ENSG00000127418,ENSG00000128052,ENSG00000129159,ENSG00000140285,ENSG00000148053,ENSG00000154928,ENSG00000157404,ENSG00000157613,ENSG00000162344,ENSG00000169429,ENSG00000173376,ENSG00000177706,ENSG00000185650,ENSG00000196562,ENSG00000271503"
"GO:BP","morphogenesis of a branching epithelium","GO:0061138","false","0.0010685915832739318","2.971188250845685","136","792","26","14387","ENSG00000019991,ENSG00000041982,ENSG00000066468,ENSG00000074527,ENSG00000075275,ENSG00000078401,ENSG00000103449,ENSG00000104332,ENSG00000105329,ENSG00000106991,ENSG00000110492,ENSG00000114251,ENSG00000126778,ENSG00000128052,ENSG00000135111,ENSG00000136997,ENSG00000137693,ENSG00000138795,ENSG00000140285,ENSG00000143869,ENSG00000163513,ENSG00000166923,ENSG00000168505,ENSG00000180772,ENSG00000198959,ENSG00000232810"
"GO:BP","modulation of chemical synaptic transmission","GO:0050804","false","0.0011834269360530187","2.92685854994319","416","792","52","14387","ENSG00000021645,ENSG00000064300,ENSG00000064692,ENSG00000078401,ENSG00000079841,ENSG00000101489,ENSG00000104327,ENSG00000105464,ENSG00000107282,ENSG00000108231,ENSG00000108691,ENSG00000111249,ENSG00000114200,ENSG00000114251,ENSG00000115353,ENSG00000115896,ENSG00000125538,ENSG00000128594,ENSG00000130203,ENSG00000131389,ENSG00000135919,ENSG00000138119,ENSG00000141668,ENSG00000145920,ENSG00000146006,ENSG00000148053,ENSG00000150594,ENSG00000153707,ENSG00000154928,ENSG00000155886,ENSG00000155897,ENSG00000156564,ENSG00000157404,ENSG00000161681,ENSG00000162105,ENSG00000162951,ENSG00000164082,ENSG00000165917,ENSG00000166862,ENSG00000168539,ENSG00000169860,ENSG00000173805,ENSG00000176884,ENSG00000181072,ENSG00000182771,ENSG00000185345,ENSG00000185666,ENSG00000187323,ENSG00000196277,ENSG00000196549,ENSG00000198576,ENSG00000232810"
"GO:BP","secretion","GO:0046903","false","0.0012007207707350066","2.920557976634037","731","792","77","14387","ENSG00000006071,ENSG00000007171,ENSG00000010671,ENSG00000021645,ENSG00000064692,ENSG00000067182,ENSG00000073756,ENSG00000076944,ENSG00000077238,ENSG00000078401,ENSG00000078579,ENSG00000079841,ENSG00000089169,ENSG00000103528,ENSG00000104332,ENSG00000104518,ENSG00000105329,ENSG00000107282,ENSG00000108700,ENSG00000110719,ENSG00000111199,ENSG00000112038,ENSG00000112164,ENSG00000115353,ENSG00000119508,ENSG00000119699,ENSG00000120659,ENSG00000125538,ENSG00000126562,ENSG00000128340,ENSG00000130203,ENSG00000130529,ENSG00000132170,ENSG00000135111,ENSG00000135919,ENSG00000136160,ENSG00000138119,ENSG00000138772,ENSG00000140285,ENSG00000143839,ENSG00000145103,ENSG00000145920,ENSG00000147606,ENSG00000148053,ENSG00000150594,ENSG00000150907,ENSG00000152661,ENSG00000155897,ENSG00000157404,ENSG00000157613,ENSG00000160179,ENSG00000163394,ENSG00000164082,ENSG00000164326,ENSG00000164674,ENSG00000165646,ENSG00000167964,ENSG00000168539,ENSG00000169427,ENSG00000169860,ENSG00000173805,ENSG00000174672,ENSG00000177301,ENSG00000177469,ENSG00000185345,ENSG00000185666,ENSG00000187486,ENSG00000188282,ENSG00000196187,ENSG00000196277,ENSG00000197747,ENSG00000198959,ENSG00000205436,ENSG00000232810,ENSG00000240583,ENSG00000250366,ENSG00000271503"
"GO:BP","regulation of trans-synaptic signaling","GO:0099177","false","0.0012825804587516408","2.891915381229151","417","792","52","14387","ENSG00000021645,ENSG00000064300,ENSG00000064692,ENSG00000078401,ENSG00000079841,ENSG00000101489,ENSG00000104327,ENSG00000105464,ENSG00000107282,ENSG00000108231,ENSG00000108691,ENSG00000111249,ENSG00000114200,ENSG00000114251,ENSG00000115353,ENSG00000115896,ENSG00000125538,ENSG00000128594,ENSG00000130203,ENSG00000131389,ENSG00000135919,ENSG00000138119,ENSG00000141668,ENSG00000145920,ENSG00000146006,ENSG00000148053,ENSG00000150594,ENSG00000153707,ENSG00000154928,ENSG00000155886,ENSG00000155897,ENSG00000156564,ENSG00000157404,ENSG00000161681,ENSG00000162105,ENSG00000162951,ENSG00000164082,ENSG00000165917,ENSG00000166862,ENSG00000168539,ENSG00000169860,ENSG00000173805,ENSG00000176884,ENSG00000181072,ENSG00000182771,ENSG00000185345,ENSG00000185666,ENSG00000187323,ENSG00000196277,ENSG00000196549,ENSG00000198576,ENSG00000232810"
"GO:BP","positive regulation of cell communication","GO:0010647","false","0.0013399440111915484","2.8729133480072515","1403","792","125","14387","ENSG00000006071,ENSG00000009694,ENSG00000010671,ENSG00000011465,ENSG00000012223,ENSG00000014257,ENSG00000019991,ENSG00000023445,ENSG00000048540,ENSG00000064300,ENSG00000066468,ENSG00000067182,ENSG00000068079,ENSG00000073331,ENSG00000074966,ENSG00000075213,ENSG00000078401,ENSG00000078579,ENSG00000079841,ENSG00000083454,ENSG00000100302,ENSG00000100985,ENSG00000101282,ENSG00000101955,ENSG00000103154,ENSG00000103449,ENSG00000103490,ENSG00000104332,ENSG00000105329,ENSG00000105464,ENSG00000105880,ENSG00000106991,ENSG00000108231,ENSG00000108691,ENSG00000108771,ENSG00000108821,ENSG00000110169,ENSG00000111087,ENSG00000111199,ENSG00000111249,ENSG00000112038,ENSG00000114251,ENSG00000115353,ENSG00000115414,ENSG00000115461,ENSG00000117525,ENSG00000118503,ENSG00000119699,ENSG00000120659,ENSG00000121966,ENSG00000122679,ENSG00000123609,ENSG00000125538,ENSG00000125730,ENSG00000128052,ENSG00000130203,ENSG00000130303,ENSG00000130529,ENSG00000130700,ENSG00000132170,ENSG00000132256,ENSG00000135253,ENSG00000135919,ENSG00000136160,ENSG00000136997,ENSG00000137077,ENSG00000137693,ENSG00000138795,ENSG00000139352,ENSG00000139549,ENSG00000140285,ENSG00000143772,ENSG00000143869,ENSG00000144476,ENSG00000145103,ENSG00000146006,ENSG00000148053,ENSG00000150457,ENSG00000150594,ENSG00000152402,ENSG00000152661,ENSG00000155886,ENSG00000155897,ENSG00000157404,ENSG00000161681,ENSG00000162105,ENSG00000162344,ENSG00000162951,ENSG00000163346,ENSG00000163513,ENSG00000164082,ENSG00000164326,ENSG00000164342,ENSG00000165757,ENSG00000165917,ENSG00000166292,ENSG00000166862,ENSG00000166923,ENSG00000168542,ENSG00000169860,ENSG00000169871,ENSG00000170775,ENSG00000171631,ENSG00000172247,ENSG00000172985,ENSG00000173805,ENSG00000176884,ENSG00000177374,ENSG00000179399,ENSG00000180772,ENSG00000185345,ENSG00000189292,ENSG00000196154,ENSG00000196549,ENSG00000196562,ENSG00000196664,ENSG00000197496,ENSG00000198121,ENSG00000198576,ENSG00000198719,ENSG00000198915,ENSG00000198959,ENSG00000232810,ENSG00000250366,ENSG00000271503"
"GO:BP","regulation of biological quality","GO:0065008","false","0.0013408924221572141","2.8726060635634676","2280","792","183","14387","ENSG00000001617,ENSG00000003137,ENSG00000006071,ENSG00000006611,ENSG00000007171,ENSG00000009694,ENSG00000010671,ENSG00000011465,ENSG00000021645,ENSG00000021826,ENSG00000053108,ENSG00000054598,ENSG00000069431,ENSG00000073756,ENSG00000073792,ENSG00000075213,ENSG00000078098,ENSG00000078401,ENSG00000079841,ENSG00000080709,ENSG00000082397,ENSG00000083454,ENSG00000091129,ENSG00000095303,ENSG00000095596,ENSG00000099260,ENSG00000101000,ENSG00000101463,ENSG00000101489,ENSG00000103316,ENSG00000103490,ENSG00000103528,ENSG00000104327,ENSG00000104332,ENSG00000104826,ENSG00000105329,ENSG00000105464,ENSG00000106991,ENSG00000108231,ENSG00000108688,ENSG00000108691,ENSG00000110719,ENSG00000111199,ENSG00000111249,ENSG00000112038,ENSG00000112164,ENSG00000112183,ENSG00000113739,ENSG00000114200,ENSG00000114251,ENSG00000115353,ENSG00000115414,ENSG00000115738,ENSG00000117525,ENSG00000120659,ENSG00000120885,ENSG00000121966,ENSG00000123892,ENSG00000125384,ENSG00000125538,ENSG00000125848,ENSG00000125851,ENSG00000126562,ENSG00000126778,ENSG00000128052,ENSG00000128340,ENSG00000129159,ENSG00000130203,ENSG00000130529,ENSG00000130962,ENSG00000132170,ENSG00000132854,ENSG00000135111,ENSG00000135697,ENSG00000135902,ENSG00000135919,ENSG00000136160,ENSG00000136546,ENSG00000137077,ENSG00000137331,ENSG00000139155,ENSG00000140279,ENSG00000140285,ENSG00000140795,ENSG00000141668,ENSG00000143320,ENSG00000143839,ENSG00000144476,ENSG00000144596,ENSG00000145103,ENSG00000145451,ENSG00000145920,ENSG00000146006,ENSG00000146376,ENSG00000147065,ENSG00000147606,ENSG00000148053,ENSG00000149131,ENSG00000150594,ENSG00000150907,ENSG00000151615,ENSG00000152049,ENSG00000152527,ENSG00000152661,ENSG00000153707,ENSG00000154928,ENSG00000155886,ENSG00000155897,ENSG00000155974,ENSG00000156564,ENSG00000157404,ENSG00000158156,ENSG00000160013,ENSG00000160179,ENSG00000161681,ENSG00000161835,ENSG00000162105,ENSG00000162496,ENSG00000162951,ENSG00000163273,ENSG00000163377,ENSG00000163394,ENSG00000164082,ENSG00000164326,ENSG00000164692,ENSG00000165646,ENSG00000165895,ENSG00000165917,ENSG00000165995,ENSG00000166825,ENSG00000166862,ENSG00000166863,ENSG00000168418,ENSG00000168539,ENSG00000168542,ENSG00000169427,ENSG00000169860,ENSG00000170091,ENSG00000171303,ENSG00000171819,ENSG00000172572,ENSG00000174672,ENSG00000175426,ENSG00000176884,ENSG00000177272,ENSG00000177301,ENSG00000179242,ENSG00000179546,ENSG00000180772,ENSG00000181656,ENSG00000182771,ENSG00000183098,ENSG00000183853,ENSG00000184254,ENSG00000184564,ENSG00000184838,ENSG00000185101,ENSG00000185345,ENSG00000185551,ENSG00000185561,ENSG00000185650,ENSG00000187323,ENSG00000187486,ENSG00000196502,ENSG00000196549,ENSG00000197321,ENSG00000197580,ENSG00000198121,ENSG00000198523,ENSG00000198576,ENSG00000198626,ENSG00000198682,ENSG00000198719,ENSG00000203797,ENSG00000213171,ENSG00000213694,ENSG00000221866,ENSG00000232810,ENSG00000237412,ENSG00000240583,ENSG00000250366,ENSG00000271503,ENSG00000274588"
"GO:BP","osteoblast differentiation","GO:0001649","false","0.0014298730232753336","2.8447025273876014","196","792","32","14387","ENSG00000011028,ENSG00000012223,ENSG00000018408,ENSG00000019991,ENSG00000038427,ENSG00000041982,ENSG00000066468,ENSG00000104332,ENSG00000105880,ENSG00000108821,ENSG00000110719,ENSG00000111087,ENSG00000115461,ENSG00000117318,ENSG00000119042,ENSG00000120332,ENSG00000123610,ENSG00000130529,ENSG00000132170,ENSG00000137693,ENSG00000138795,ENSG00000139549,ENSG00000157613,ENSG00000163273,ENSG00000165973,ENSG00000166923,ENSG00000172201,ENSG00000177706,ENSG00000198963,ENSG00000232810,ENSG00000233608,ENSG00000266524"
"GO:BP","leukocyte chemotaxis","GO:0030595","false","0.001462881687384543","2.8347907966318955","138","792","26","14387","ENSG00000078401,ENSG00000106538,ENSG00000108688,ENSG00000108691,ENSG00000108700,ENSG00000110492,ENSG00000111199,ENSG00000114251,ENSG00000120659,ENSG00000121966,ENSG00000123610,ENSG00000125538,ENSG00000128340,ENSG00000129422,ENSG00000130529,ENSG00000136160,ENSG00000137077,ENSG00000157404,ENSG00000163377,ENSG00000165197,ENSG00000166923,ENSG00000169245,ENSG00000169248,ENSG00000169429,ENSG00000271447,ENSG00000271503"
"GO:BP","sensory organ morphogenesis","GO:0090596","false","0.0015230417958593803","2.817288178435441","217","792","34","14387","ENSG00000003137,ENSG00000006611,ENSG00000066468,ENSG00000075275,ENSG00000077092,ENSG00000078401,ENSG00000104327,ENSG00000105880,ENSG00000112893,ENSG00000114251,ENSG00000126778,ENSG00000128052,ENSG00000130635,ENSG00000135111,ENSG00000138083,ENSG00000139219,ENSG00000143816,ENSG00000143995,ENSG00000148053,ENSG00000154928,ENSG00000162998,ENSG00000165323,ENSG00000168505,ENSG00000171812,ENSG00000178764,ENSG00000179431,ENSG00000184254,ENSG00000184564,ENSG00000187634,ENSG00000188620,ENSG00000188816,ENSG00000198719,ENSG00000198963,ENSG00000240583"
"GO:BP","epithelial cell differentiation","GO:0030855","false","0.001679041627998736","2.774938536389628","481","792","57","14387","ENSG00000003137,ENSG00000006611,ENSG00000018408,ENSG00000021826,ENSG00000054598,ENSG00000066468,ENSG00000067182,ENSG00000077092,ENSG00000078401,ENSG00000078579,ENSG00000088002,ENSG00000100985,ENSG00000103449,ENSG00000105329,ENSG00000105427,ENSG00000105880,ENSG00000111087,ENSG00000114251,ENSG00000115738,ENSG00000117318,ENSG00000125538,ENSG00000126778,ENSG00000128052,ENSG00000130700,ENSG00000132170,ENSG00000135111,ENSG00000136160,ENSG00000137693,ENSG00000138083,ENSG00000138795,ENSG00000139352,ENSG00000143382,ENSG00000143869,ENSG00000147065,ENSG00000150457,ENSG00000154133,ENSG00000156535,ENSG00000162998,ENSG00000163273,ENSG00000163430,ENSG00000164509,ENSG00000166292,ENSG00000166923,ENSG00000167767,ENSG00000170442,ENSG00000177706,ENSG00000182871,ENSG00000183779,ENSG00000184564,ENSG00000185551,ENSG00000185650,ENSG00000186367,ENSG00000198719,ENSG00000203883,ENSG00000213694,ENSG00000214336,ENSG00000232810"
"GO:BP","positive regulation of signaling","GO:0023056","false","0.0017170545974927052","2.76521589528007","1409","792","125","14387","ENSG00000006071,ENSG00000009694,ENSG00000010671,ENSG00000011465,ENSG00000012223,ENSG00000014257,ENSG00000019991,ENSG00000023445,ENSG00000048540,ENSG00000064300,ENSG00000066468,ENSG00000067182,ENSG00000068079,ENSG00000073331,ENSG00000074966,ENSG00000075213,ENSG00000078401,ENSG00000078579,ENSG00000079841,ENSG00000083454,ENSG00000100302,ENSG00000100985,ENSG00000101282,ENSG00000101955,ENSG00000103154,ENSG00000103449,ENSG00000103490,ENSG00000104332,ENSG00000105329,ENSG00000105464,ENSG00000105880,ENSG00000106991,ENSG00000108231,ENSG00000108691,ENSG00000108771,ENSG00000108821,ENSG00000110169,ENSG00000111087,ENSG00000111199,ENSG00000111249,ENSG00000112038,ENSG00000114251,ENSG00000115353,ENSG00000115414,ENSG00000115461,ENSG00000117525,ENSG00000118503,ENSG00000119699,ENSG00000120659,ENSG00000121966,ENSG00000122679,ENSG00000123609,ENSG00000125538,ENSG00000125730,ENSG00000128052,ENSG00000130203,ENSG00000130303,ENSG00000130529,ENSG00000130700,ENSG00000132170,ENSG00000132256,ENSG00000135253,ENSG00000135919,ENSG00000136160,ENSG00000136997,ENSG00000137077,ENSG00000137693,ENSG00000138795,ENSG00000139352,ENSG00000139549,ENSG00000140285,ENSG00000143772,ENSG00000143869,ENSG00000144476,ENSG00000145103,ENSG00000146006,ENSG00000148053,ENSG00000150457,ENSG00000150594,ENSG00000152402,ENSG00000152661,ENSG00000155886,ENSG00000155897,ENSG00000157404,ENSG00000161681,ENSG00000162105,ENSG00000162344,ENSG00000162951,ENSG00000163346,ENSG00000163513,ENSG00000164082,ENSG00000164326,ENSG00000164342,ENSG00000165757,ENSG00000165917,ENSG00000166292,ENSG00000166862,ENSG00000166923,ENSG00000168542,ENSG00000169860,ENSG00000169871,ENSG00000170775,ENSG00000171631,ENSG00000172247,ENSG00000172985,ENSG00000173805,ENSG00000176884,ENSG00000177374,ENSG00000179399,ENSG00000180772,ENSG00000185345,ENSG00000189292,ENSG00000196154,ENSG00000196549,ENSG00000196562,ENSG00000196664,ENSG00000197496,ENSG00000198121,ENSG00000198576,ENSG00000198719,ENSG00000198915,ENSG00000198959,ENSG00000232810,ENSG00000250366,ENSG00000271503"
"GO:BP","enzyme-linked receptor protein signaling pathway","GO:0007167","false","0.0017751580355993743","2.7507629772942113","791","792","81","14387","ENSG00000011465,ENSG00000013364,ENSG00000013588,ENSG00000018408,ENSG00000019991,ENSG00000049323,ENSG00000053108,ENSG00000054598,ENSG00000064300,ENSG00000066468,ENSG00000070404,ENSG00000078579,ENSG00000092421,ENSG00000100985,ENSG00000104213,ENSG00000104332,ENSG00000105329,ENSG00000105880,ENSG00000106538,ENSG00000106991,ENSG00000108821,ENSG00000110195,ENSG00000112541,ENSG00000114251,ENSG00000115461,ENSG00000117525,ENSG00000119508,ENSG00000119699,ENSG00000123610,ENSG00000125538,ENSG00000125848,ENSG00000125968,ENSG00000127418,ENSG00000128052,ENSG00000131634,ENSG00000132170,ENSG00000135253,ENSG00000138795,ENSG00000140285,ENSG00000143869,ENSG00000147255,ENSG00000147869,ENSG00000148053,ENSG00000149212,ENSG00000150457,ENSG00000150594,ENSG00000150907,ENSG00000152894,ENSG00000153707,ENSG00000154928,ENSG00000156535,ENSG00000157110,ENSG00000157404,ENSG00000157613,ENSG00000160013,ENSG00000162344,ENSG00000163273,ENSG00000163430,ENSG00000163513,ENSG00000164509,ENSG00000164692,ENSG00000165197,ENSG00000165757,ENSG00000166292,ENSG00000166923,ENSG00000168542,ENSG00000168843,ENSG00000169247,ENSG00000169891,ENSG00000173805,ENSG00000177706,ENSG00000180772,ENSG00000180875,ENSG00000182636,ENSG00000183779,ENSG00000189292,ENSG00000196562,ENSG00000197496,ENSG00000198719,ENSG00000243364,ENSG00000266524"
"GO:BP","response to purine-containing compound","GO:0014074","false","0.0019462789498233173","2.7107949144854744","104","792","22","14387","ENSG00000021826,ENSG00000069431,ENSG00000083454,ENSG00000103569,ENSG00000108821,ENSG00000115461,ENSG00000125538,ENSG00000130529,ENSG00000130707,ENSG00000132170,ENSG00000140279,ENSG00000143839,ENSG00000165140,ENSG00000167588,ENSG00000169860,ENSG00000171631,ENSG00000172572,ENSG00000185650,ENSG00000187486,ENSG00000196664,ENSG00000198626,ENSG00000240583"
"GO:BP","positive regulation of cell motility","GO:2000147","false","0.002057292606289642","2.6867039347226283","435","792","53","14387","ENSG00000001617,ENSG00000002586,ENSG00000019991,ENSG00000073756,ENSG00000075213,ENSG00000078401,ENSG00000091409,ENSG00000092421,ENSG00000100985,ENSG00000103490,ENSG00000105329,ENSG00000106538,ENSG00000108688,ENSG00000108691,ENSG00000108700,ENSG00000108821,ENSG00000110492,ENSG00000111087,ENSG00000111199,ENSG00000114251,ENSG00000115353,ENSG00000115414,ENSG00000115461,ENSG00000117525,ENSG00000119508,ENSG00000121966,ENSG00000123610,ENSG00000125538,ENSG00000126458,ENSG00000128052,ENSG00000128340,ENSG00000137077,ENSG00000138772,ENSG00000138795,ENSG00000140279,ENSG00000140285,ENSG00000144476,ENSG00000150594,ENSG00000153993,ENSG00000157404,ENSG00000163191,ENSG00000163513,ENSG00000165197,ENSG00000165757,ENSG00000169245,ENSG00000169429,ENSG00000177469,ENSG00000183779,ENSG00000198121,ENSG00000232810,ENSG00000233608,ENSG00000240583,ENSG00000271503"
"GO:BP","adenylate cyclase-modulating G protein-coupled receptor signaling pathway","GO:0007188","false","0.002075432239822522","2.682891441206954","169","792","29","14387","ENSG00000064989,ENSG00000078401,ENSG00000112038,ENSG00000112164,ENSG00000122679,ENSG00000123146,ENSG00000125384,ENSG00000150594,ENSG00000153294,ENSG00000155897,ENSG00000160013,ENSG00000164082,ENSG00000168412,ENSG00000168539,ENSG00000169245,ENSG00000169248,ENSG00000169860,ENSG00000170775,ENSG00000172572,ENSG00000173567,ENSG00000179546,ENSG00000180720,ENSG00000180739,ENSG00000181072,ENSG00000181656,ENSG00000196277,ENSG00000198121,ENSG00000198523,ENSG00000213694"
"GO:BP","negative regulation of cell differentiation","GO:0045596","false","0.0021887283420501677","2.6598081383269503","497","792","58","14387","ENSG00000001617,ENSG00000006071,ENSG00000012223,ENSG00000018408,ENSG00000053108,ENSG00000070404,ENSG00000077092,ENSG00000077238,ENSG00000090932,ENSG00000099953,ENSG00000100985,ENSG00000104332,ENSG00000105329,ENSG00000110492,ENSG00000111199,ENSG00000114251,ENSG00000115461,ENSG00000115738,ENSG00000117318,ENSG00000120332,ENSG00000123610,ENSG00000125538,ENSG00000128606,ENSG00000130164,ENSG00000130529,ENSG00000130635,ENSG00000132170,ENSG00000135111,ENSG00000136160,ENSG00000136997,ENSG00000137693,ENSG00000138083,ENSG00000139352,ENSG00000143772,ENSG00000143816,ENSG00000143995,ENSG00000150907,ENSG00000151615,ENSG00000154928,ENSG00000160179,ENSG00000162998,ENSG00000163273,ENSG00000164326,ENSG00000164342,ENSG00000166923,ENSG00000169245,ENSG00000172201,ENSG00000178764,ENSG00000185155,ENSG00000185650,ENSG00000186897,ENSG00000187323,ENSG00000198719,ENSG00000198963,ENSG00000213694,ENSG00000232810,ENSG00000233608,ENSG00000250366"
"GO:BP","metal ion transport","GO:0030001","true","0.0022393856352539523","2.649871111940604","611","792","67","14387","ENSG00000006071,ENSG00000012223,ENSG00000063127,ENSG00000064989,ENSG00000069431,ENSG00000071967,ENSG00000078401,ENSG00000080709,ENSG00000083454,ENSG00000103546,ENSG00000105329,ENSG00000105464,ENSG00000107147,ENSG00000108691,ENSG00000108700,ENSG00000110169,ENSG00000111199,ENSG00000112038,ENSG00000113739,ENSG00000114805,ENSG00000115896,ENSG00000119411,ENSG00000122679,ENSG00000126562,ENSG00000129159,ENSG00000130433,ENSG00000130529,ENSG00000131389,ENSG00000132164,ENSG00000135919,ENSG00000135926,ENSG00000136160,ENSG00000136546,ENSG00000137077,ENSG00000140675,ENSG00000149488,ENSG00000149527,ENSG00000150594,ENSG00000152049,ENSG00000155886,ENSG00000157087,ENSG00000157103,ENSG00000158014,ENSG00000163293,ENSG00000165970,ENSG00000165995,ENSG00000166592,ENSG00000166862,ENSG00000168418,ENSG00000169245,ENSG00000169248,ENSG00000169427,ENSG00000171227,ENSG00000171303,ENSG00000171631,ENSG00000175497,ENSG00000176884,ENSG00000177272,ENSG00000177301,ENSG00000185101,ENSG00000185760,ENSG00000187486,ENSG00000198515,ENSG00000198523,ENSG00000198626,ENSG00000240583,ENSG00000271503"
"GO:BP","regulation of nervous system development","GO:0051960","false","0.002627478066856078","2.5804609006025303","355","792","46","14387","ENSG00000001617,ENSG00000006071,ENSG00000053108,ENSG00000077092,ENSG00000090932,ENSG00000101463,ENSG00000105329,ENSG00000110492,ENSG00000111249,ENSG00000112038,ENSG00000112893,ENSG00000114251,ENSG00000115414,ENSG00000115738,ENSG00000121966,ENSG00000125538,ENSG00000125848,ENSG00000130164,ENSG00000132170,ENSG00000132386,ENSG00000135919,ENSG00000137693,ENSG00000138795,ENSG00000139352,ENSG00000141668,ENSG00000143320,ENSG00000146006,ENSG00000148053,ENSG00000151615,ENSG00000153707,ENSG00000154928,ENSG00000157404,ENSG00000162951,ENSG00000168505,ENSG00000172201,ENSG00000173805,ENSG00000175505,ENSG00000179242,ENSG00000184564,ENSG00000187323,ENSG00000196549,ENSG00000197747,ENSG00000198719,ENSG00000198959,ENSG00000213171,ENSG00000232810"
"GO:BP","ossification","GO:0001503","false","0.003018717306512013","2.5201775554003345","345","792","45","14387","ENSG00000011028,ENSG00000012223,ENSG00000018408,ENSG00000019991,ENSG00000038427,ENSG00000041982,ENSG00000054598,ENSG00000066468,ENSG00000070404,ENSG00000104332,ENSG00000105329,ENSG00000105880,ENSG00000108821,ENSG00000110492,ENSG00000110719,ENSG00000111087,ENSG00000114251,ENSG00000115353,ENSG00000115461,ENSG00000117318,ENSG00000119042,ENSG00000120332,ENSG00000120659,ENSG00000123610,ENSG00000128606,ENSG00000130529,ENSG00000132170,ENSG00000137693,ENSG00000138795,ENSG00000139219,ENSG00000139549,ENSG00000140279,ENSG00000147869,ENSG00000157613,ENSG00000162496,ENSG00000163273,ENSG00000164692,ENSG00000165973,ENSG00000166923,ENSG00000172201,ENSG00000177706,ENSG00000198963,ENSG00000232810,ENSG00000233608,ENSG00000266524"
"GO:BP","morphogenesis of a branching structure","GO:0001763","false","0.003117014985387041","2.5062611098003957","143","792","26","14387","ENSG00000019991,ENSG00000041982,ENSG00000066468,ENSG00000074527,ENSG00000075275,ENSG00000078401,ENSG00000103449,ENSG00000104332,ENSG00000105329,ENSG00000106991,ENSG00000110492,ENSG00000114251,ENSG00000126778,ENSG00000128052,ENSG00000135111,ENSG00000136997,ENSG00000137693,ENSG00000138795,ENSG00000140285,ENSG00000143869,ENSG00000163513,ENSG00000166923,ENSG00000168505,ENSG00000180772,ENSG00000198959,ENSG00000232810"
"GO:BP","regulation of smooth muscle cell proliferation","GO:0048660","false","0.0031235591086875496","2.50535027126624","98","792","21","14387","ENSG00000064989,ENSG00000066468,ENSG00000078401,ENSG00000100985,ENSG00000105329,ENSG00000115353,ENSG00000115461,ENSG00000115738,ENSG00000118503,ENSG00000119508,ENSG00000119699,ENSG00000130203,ENSG00000132170,ENSG00000152661,ENSG00000160013,ENSG00000163273,ENSG00000171631,ENSG00000172638,ENSG00000219438,ENSG00000232810,ENSG00000271503"
"GO:BP","signal release","GO:0023061","false","0.003249297433526913","2.488210532475531","381","792","48","14387","ENSG00000006071,ENSG00000007171,ENSG00000010671,ENSG00000021645,ENSG00000064692,ENSG00000073756,ENSG00000076944,ENSG00000078401,ENSG00000078579,ENSG00000079841,ENSG00000089169,ENSG00000104332,ENSG00000110719,ENSG00000111199,ENSG00000112038,ENSG00000112164,ENSG00000115353,ENSG00000120659,ENSG00000125538,ENSG00000126562,ENSG00000130529,ENSG00000132170,ENSG00000135111,ENSG00000136160,ENSG00000138119,ENSG00000143839,ENSG00000145103,ENSG00000145920,ENSG00000150594,ENSG00000150907,ENSG00000152661,ENSG00000155897,ENSG00000163394,ENSG00000164082,ENSG00000164326,ENSG00000165646,ENSG00000169427,ENSG00000169860,ENSG00000174672,ENSG00000177301,ENSG00000185345,ENSG00000185666,ENSG00000187486,ENSG00000198959,ENSG00000232810,ENSG00000240583,ENSG00000250366,ENSG00000271503"
"GO:BP","positive regulation of cell migration","GO:0030335","false","0.004157473660274134","2.381170493577796","420","792","51","14387","ENSG00000001617,ENSG00000002586,ENSG00000019991,ENSG00000073756,ENSG00000075213,ENSG00000078401,ENSG00000091409,ENSG00000092421,ENSG00000100985,ENSG00000103490,ENSG00000105329,ENSG00000106538,ENSG00000108688,ENSG00000108691,ENSG00000108700,ENSG00000108821,ENSG00000110492,ENSG00000111087,ENSG00000111199,ENSG00000114251,ENSG00000115353,ENSG00000115414,ENSG00000115461,ENSG00000117525,ENSG00000119508,ENSG00000121966,ENSG00000123610,ENSG00000125538,ENSG00000126458,ENSG00000128052,ENSG00000128340,ENSG00000137077,ENSG00000138772,ENSG00000138795,ENSG00000140285,ENSG00000144476,ENSG00000150594,ENSG00000153993,ENSG00000157404,ENSG00000163191,ENSG00000163513,ENSG00000165197,ENSG00000165757,ENSG00000169245,ENSG00000169429,ENSG00000183779,ENSG00000198121,ENSG00000232810,ENSG00000233608,ENSG00000240583,ENSG00000271503"
"GO:BP","regulation of biological process","GO:0050789","false","0.0043368745271509775","2.362823142516727","8732","792","550","14387","ENSG00000000971,ENSG00000001617,ENSG00000002586,ENSG00000002746,ENSG00000003137,ENSG00000006016,ENSG00000006071,ENSG00000006611,ENSG00000007171,ENSG00000008118,ENSG00000008311,ENSG00000009694,ENSG00000010671,ENSG00000011465,ENSG00000012223,ENSG00000013364,ENSG00000013588,ENSG00000014257,ENSG00000018408,ENSG00000019991,ENSG00000021300,ENSG00000021645,ENSG00000023445,ENSG00000041982,ENSG00000042286,ENSG00000048540,ENSG00000048740,ENSG00000049249,ENSG00000049323,ENSG00000053108,ENSG00000054598,ENSG00000056558,ENSG00000064300,ENSG00000064666,ENSG00000064692,ENSG00000064989,ENSG00000066468,ENSG00000067182,ENSG00000067798,ENSG00000068079,ENSG00000069431,ENSG00000070404,ENSG00000070540,ENSG00000070601,ENSG00000073331,ENSG00000073756,ENSG00000073792,ENSG00000074527,ENSG00000074966,ENSG00000075213,ENSG00000075275,ENSG00000075651,ENSG00000076944,ENSG00000077092,ENSG00000077238,ENSG00000078098,ENSG00000078401,ENSG00000078579,ENSG00000079841,ENSG00000080709,ENSG00000081041,ENSG00000082397,ENSG00000083454,ENSG00000083857,ENSG00000085276,ENSG00000086717,ENSG00000088002,ENSG00000089169,ENSG00000090530,ENSG00000090932,ENSG00000091129,ENSG00000091409,ENSG00000091592,ENSG00000091986,ENSG00000092421,ENSG00000095303,ENSG00000095587,ENSG00000095596,ENSG00000099260,ENSG00000099399,ENSG00000099953,ENSG00000100302,ENSG00000100979,ENSG00000100985,ENSG00000101000,ENSG00000101282,ENSG00000101292,ENSG00000101463,ENSG00000101489,ENSG00000101955,ENSG00000102048,ENSG00000102265,ENSG00000103154,ENSG00000103316,ENSG00000103449,ENSG00000103490,ENSG00000103528,ENSG00000103546,ENSG00000104213,ENSG00000104327,ENSG00000104332,ENSG00000104518,ENSG00000104826,ENSG00000104951,ENSG00000105329,ENSG00000105464,ENSG00000105880,ENSG00000106538,ENSG00000106991,ENSG00000107105,ENSG00000107165,ENSG00000107282,ENSG00000108231,ENSG00000108688,ENSG00000108691,ENSG00000108700,ENSG00000108771,ENSG00000108821,ENSG00000109851,ENSG00000110169,ENSG00000110195,ENSG00000110492,ENSG00000110719,ENSG00000111087,ENSG00000111199,ENSG00000111249,ENSG00000111348,ENSG00000112038,ENSG00000112137,ENSG00000112164,ENSG00000112183,ENSG00000112541,ENSG00000112893,ENSG00000113739,ENSG00000113763,ENSG00000114200,ENSG00000114251,ENSG00000114805,ENSG00000115252,ENSG00000115353,ENSG00000115414,ENSG00000115461,ENSG00000115468,ENSG00000115738,ENSG00000115896,ENSG00000116183,ENSG00000116299,ENSG00000116678,ENSG00000117318,ENSG00000117525,ENSG00000118292,ENSG00000118503,ENSG00000119042,ENSG00000119283,ENSG00000119403,ENSG00000119508,ENSG00000119655,ENSG00000119699,ENSG00000120332,ENSG00000120645,ENSG00000120659,ENSG00000120885,ENSG00000121075,ENSG00000121966,ENSG00000122035,ENSG00000122679,ENSG00000123146,ENSG00000123609,ENSG00000123610,ENSG00000123892,ENSG00000124260,ENSG00000124466,ENSG00000124788,ENSG00000125384,ENSG00000125538,ENSG00000125730,ENSG00000125848,ENSG00000125968,ENSG00000126458,ENSG00000126562,ENSG00000126778,ENSG00000127418,ENSG00000127586,ENSG00000128052,ENSG00000128340,ENSG00000128594,ENSG00000128606,ENSG00000128849,ENSG00000129159,ENSG00000129422,ENSG00000129993,ENSG00000130164,ENSG00000130203,ENSG00000130303,ENSG00000130433,ENSG00000130529,ENSG00000130635,ENSG00000130700,ENSG00000130707,ENSG00000130768,ENSG00000131389,ENSG00000131634,ENSG00000132170,ENSG00000132256,ENSG00000132386,ENSG00000132854,ENSG00000134013,ENSG00000134121,ENSG00000134508,ENSG00000134532,ENSG00000135048,ENSG00000135111,ENSG00000135116,ENSG00000135253,ENSG00000135899,ENSG00000135902,ENSG00000135919,ENSG00000135926,ENSG00000136160,ENSG00000136546,ENSG00000136944,ENSG00000136997,ENSG00000137077,ENSG00000137331,ENSG00000137441,ENSG00000137463,ENSG00000137693,ENSG00000137699,ENSG00000137727,ENSG00000137962,ENSG00000138083,ENSG00000138100,ENSG00000138119,ENSG00000138395,ENSG00000138735,ENSG00000138772,ENSG00000138795,ENSG00000139155,ENSG00000139219,ENSG00000139269,ENSG00000139329,ENSG00000139352,ENSG00000139549,ENSG00000140279,ENSG00000140285,ENSG00000140795,ENSG00000141668,ENSG00000142089,ENSG00000142173,ENSG00000142279,ENSG00000143320,ENSG00000143355,ENSG00000143382,ENSG00000143772,ENSG00000143816,ENSG00000143839,ENSG00000143869,ENSG00000143995,ENSG00000144476,ENSG00000144596,ENSG00000144824,ENSG00000145103,ENSG00000145451,ENSG00000145623,ENSG00000145819,ENSG00000145920,ENSG00000146006,ENSG00000146285,ENSG00000146376,ENSG00000147065,ENSG00000147255,ENSG00000147256,ENSG00000147869,ENSG00000148053,ENSG00000148175,ENSG00000148908,ENSG00000149131,ENSG00000149212,ENSG00000149488,ENSG00000149527,ENSG00000150281,ENSG00000150457,ENSG00000150594,ENSG00000150750,ENSG00000150907,ENSG00000151615,ENSG00000152049,ENSG00000152104,ENSG00000152137,ENSG00000152284,ENSG00000152377,ENSG00000152402,ENSG00000152467,ENSG00000152527,ENSG00000152661,ENSG00000152894,ENSG00000153029,ENSG00000153291,ENSG00000153294,ENSG00000153707,ENSG00000153993,ENSG00000154133,ENSG00000154175,ENSG00000154678,ENSG00000154928,ENSG00000155158,ENSG00000155367,ENSG00000155849,ENSG00000155886,ENSG00000155897,ENSG00000155926,ENSG00000155974,ENSG00000156509,ENSG00000156535,ENSG00000156564,ENSG00000156687,ENSG00000157087,ENSG00000157103,ENSG00000157110,ENSG00000157404,ENSG00000157613,ENSG00000158022,ENSG00000158156,ENSG00000158270,ENSG00000159674,ENSG00000159713,ENSG00000160013,ENSG00000160179,ENSG00000160223,ENSG00000160224,ENSG00000161681,ENSG00000161835,ENSG00000162105,ENSG00000162344,ENSG00000162496,ENSG00000162595,ENSG00000162614,ENSG00000162624,ENSG00000162670,ENSG00000162745,ENSG00000162894,ENSG00000162951,ENSG00000162998,ENSG00000163191,ENSG00000163219,ENSG00000163273,ENSG00000163346,ENSG00000163377,ENSG00000163394,ENSG00000163430,ENSG00000163513,ENSG00000163637,ENSG00000163673,ENSG00000164082,ENSG00000164176,ENSG00000164326,ENSG00000164342,ENSG00000164509,ENSG00000164692,ENSG00000165140,ENSG00000165197,ENSG00000165323,ENSG00000165643,ENSG00000165646,ENSG00000165757,ENSG00000165895,ENSG00000165917,ENSG00000165959,ENSG00000165970,ENSG00000165973,ENSG00000165995,ENSG00000166206,ENSG00000166292,ENSG00000166349,ENSG00000166482,ENSG00000166592,ENSG00000166801,ENSG00000166862,ENSG00000166863,ENSG00000166923,ENSG00000167588,ENSG00000167641,ENSG00000167664,ENSG00000167964,ENSG00000168071,ENSG00000168412,ENSG00000168418,ENSG00000168505,ENSG00000168539,ENSG00000168542,ENSG00000168843,ENSG00000168938,ENSG00000169245,ENSG00000169247,ENSG00000169248,ENSG00000169302,ENSG00000169427,ENSG00000169429,ENSG00000169583,ENSG00000169860,ENSG00000169871,ENSG00000169891,ENSG00000170419,ENSG00000170608,ENSG00000170775,ENSG00000170891,ENSG00000171303,ENSG00000171551,ENSG00000171631,ENSG00000171819,ENSG00000171848,ENSG00000172201,ENSG00000172247,ENSG00000172572,ENSG00000172638,ENSG00000172985,ENSG00000172987,ENSG00000173040,ENSG00000173068,ENSG00000173376,ENSG00000173567,ENSG00000173662,ENSG00000173805,ENSG00000174348,ENSG00000174672,ENSG00000174807,ENSG00000175426,ENSG00000175497,ENSG00000175505,ENSG00000176293,ENSG00000176884,ENSG00000177045,ENSG00000177301,ENSG00000177374,ENSG00000177469,ENSG00000177706,ENSG00000178764,ENSG00000179242,ENSG00000179399,ENSG00000179431,ENSG00000179546,ENSG00000179954,ENSG00000180447,ENSG00000180720,ENSG00000180739,ENSG00000180772,ENSG00000180875,ENSG00000181019,ENSG00000181072,ENSG00000181444,ENSG00000181541,ENSG00000181656,ENSG00000181744,ENSG00000182195,ENSG00000182636,ENSG00000182771,ENSG00000182836,ENSG00000182871,ENSG00000183098,ENSG00000183779,ENSG00000183837,ENSG00000183853,ENSG00000184254,ENSG00000184564,ENSG00000184838,ENSG00000185155,ENSG00000185201,ENSG00000185291,ENSG00000185345,ENSG00000185551,ENSG00000185650,ENSG00000185664,ENSG00000185666,ENSG00000185924,ENSG00000186197,ENSG00000186417,ENSG00000186487,ENSG00000186827,ENSG00000186897,ENSG00000187098,ENSG00000187323,ENSG00000187486,ENSG00000187634,ENSG00000188282,ENSG00000188620,ENSG00000188816,ENSG00000189292,ENSG00000196092,ENSG00000196154,ENSG00000196277,ENSG00000196549,ENSG00000196562,ENSG00000196611,ENSG00000196664,ENSG00000197093,ENSG00000197321,ENSG00000197385,ENSG00000197496,ENSG00000197580,ENSG00000197712,ENSG00000197747,ENSG00000197766,ENSG00000197935,ENSG00000197971,ENSG00000198121,ENSG00000198523,ENSG00000198576,ENSG00000198626,ENSG00000198719,ENSG00000198768,ENSG00000198797,ENSG00000198835,ENSG00000198879,ENSG00000198915,ENSG00000198939,ENSG00000198959,ENSG00000198963,ENSG00000203797,ENSG00000203883,ENSG00000204335,ENSG00000204592,ENSG00000213171,ENSG00000213694,ENSG00000214290,ENSG00000214336,ENSG00000215397,ENSG00000215612,ENSG00000219438,ENSG00000221866,ENSG00000224389,ENSG00000230873,ENSG00000232810,ENSG00000233608,ENSG00000237988,ENSG00000240583,ENSG00000243364,ENSG00000243566,ENSG00000244414,ENSG00000244731,ENSG00000250366,ENSG00000255346,ENSG00000255690,ENSG00000258405,ENSG00000261787,ENSG00000266524,ENSG00000270011,ENSG00000271447,ENSG00000271503,ENSG00000274588,ENSG00000276644"
"GO:BP","positive regulation of locomotion","GO:0040017","false","0.004375608146412279","2.3589615777785524","445","792","53","14387","ENSG00000001617,ENSG00000002586,ENSG00000019991,ENSG00000073756,ENSG00000075213,ENSG00000078401,ENSG00000091409,ENSG00000092421,ENSG00000100985,ENSG00000103490,ENSG00000105329,ENSG00000106538,ENSG00000108688,ENSG00000108691,ENSG00000108700,ENSG00000108821,ENSG00000110492,ENSG00000111087,ENSG00000111199,ENSG00000114251,ENSG00000115353,ENSG00000115414,ENSG00000115461,ENSG00000117525,ENSG00000119508,ENSG00000121966,ENSG00000123610,ENSG00000125538,ENSG00000126458,ENSG00000128052,ENSG00000128340,ENSG00000137077,ENSG00000138772,ENSG00000138795,ENSG00000140279,ENSG00000140285,ENSG00000144476,ENSG00000150594,ENSG00000153993,ENSG00000157404,ENSG00000163191,ENSG00000163513,ENSG00000165197,ENSG00000165757,ENSG00000169245,ENSG00000169429,ENSG00000177469,ENSG00000183779,ENSG00000198121,ENSG00000232810,ENSG00000233608,ENSG00000240583,ENSG00000271503"
"GO:BP","smooth muscle cell proliferation","GO:0048659","false","0.004519964522338847","2.34486497399679","100","792","21","14387","ENSG00000064989,ENSG00000066468,ENSG00000078401,ENSG00000100985,ENSG00000105329,ENSG00000115353,ENSG00000115461,ENSG00000115738,ENSG00000118503,ENSG00000119508,ENSG00000119699,ENSG00000130203,ENSG00000132170,ENSG00000152661,ENSG00000160013,ENSG00000163273,ENSG00000171631,ENSG00000172638,ENSG00000219438,ENSG00000232810,ENSG00000271503"
"GO:BP","digestive tract development","GO:0048565","false","0.004989644890627412","2.3019303616970093","92","792","20","14387","ENSG00000021826,ENSG00000066468,ENSG00000077092,ENSG00000103449,ENSG00000104332,ENSG00000105329,ENSG00000106538,ENSG00000111087,ENSG00000114251,ENSG00000115738,ENSG00000130700,ENSG00000130707,ENSG00000136160,ENSG00000137693,ENSG00000139352,ENSG00000157404,ENSG00000168542,ENSG00000169429,ENSG00000185155,ENSG00000232810"
"GO:BP","sensory perception","GO:0007600","false","0.005041756094781909","2.2974181680313484","351","792","45","14387","ENSG00000006611,ENSG00000014257,ENSG00000079841,ENSG00000086717,ENSG00000103316,ENSG00000105464,ENSG00000108691,ENSG00000108821,ENSG00000112038,ENSG00000126778,ENSG00000135919,ENSG00000138083,ENSG00000138795,ENSG00000139219,ENSG00000139329,ENSG00000144488,ENSG00000149488,ENSG00000150594,ENSG00000151615,ENSG00000154928,ENSG00000157087,ENSG00000157404,ENSG00000160349,ENSG00000161681,ENSG00000162496,ENSG00000163377,ENSG00000165995,ENSG00000166292,ENSG00000169427,ENSG00000173662,ENSG00000177301,ENSG00000182636,ENSG00000182871,ENSG00000184564,ENSG00000185101,ENSG00000186367,ENSG00000188162,ENSG00000196277,ENSG00000196549,ENSG00000197971,ENSG00000198515,ENSG00000198963,ENSG00000204248,ENSG00000232810,ENSG00000240583"
"GO:BP","collagen metabolic process","GO:0032963","true","0.005321931786903875","2.273930696256087","84","792","19","14387","ENSG00000011028,ENSG00000078098,ENSG00000087116,ENSG00000090530,ENSG00000099953,ENSG00000100985,ENSG00000102996,ENSG00000105329,ENSG00000108821,ENSG00000119699,ENSG00000130635,ENSG00000132170,ENSG00000157613,ENSG00000163273,ENSG00000164692,ENSG00000166482,ENSG00000189409,ENSG00000196611,ENSG00000271447"
"GO:BP","regulation of osteoblast differentiation","GO:0045667","false","0.005618168303816768","2.250405254752799","110","792","22","14387","ENSG00000012223,ENSG00000018408,ENSG00000019991,ENSG00000066468,ENSG00000104332,ENSG00000110719,ENSG00000111087,ENSG00000115461,ENSG00000117318,ENSG00000120332,ENSG00000123610,ENSG00000130529,ENSG00000132170,ENSG00000137693,ENSG00000163273,ENSG00000165973,ENSG00000166923,ENSG00000177706,ENSG00000198963,ENSG00000232810,ENSG00000233608,ENSG00000266524"
"GO:BP","defense response","GO:0006952","false","0.0069917784357891605","2.1554123426217617","1167","792","106","14387","ENSG00000000971,ENSG00000003137,ENSG00000007171,ENSG00000010671,ENSG00000012223,ENSG00000019991,ENSG00000023445,ENSG00000041982,ENSG00000067182,ENSG00000068079,ENSG00000069431,ENSG00000073331,ENSG00000073756,ENSG00000074771,ENSG00000074966,ENSG00000077238,ENSG00000078401,ENSG00000081041,ENSG00000091592,ENSG00000100985,ENSG00000102265,ENSG00000103490,ENSG00000104518,ENSG00000105329,ENSG00000106538,ENSG00000108688,ENSG00000108691,ENSG00000108700,ENSG00000108771,ENSG00000110169,ENSG00000110492,ENSG00000110719,ENSG00000111199,ENSG00000114251,ENSG00000115353,ENSG00000115414,ENSG00000117525,ENSG00000118503,ENSG00000119411,ENSG00000120659,ENSG00000120885,ENSG00000121966,ENSG00000123146,ENSG00000123609,ENSG00000123610,ENSG00000125384,ENSG00000125538,ENSG00000125730,ENSG00000126562,ENSG00000130164,ENSG00000130203,ENSG00000130303,ENSG00000130707,ENSG00000130768,ENSG00000132170,ENSG00000132256,ENSG00000136160,ENSG00000137077,ENSG00000137331,ENSG00000137699,ENSG00000138100,ENSG00000138772,ENSG00000140279,ENSG00000142089,ENSG00000145623,ENSG00000149131,ENSG00000150457,ENSG00000153029,ENSG00000154175,ENSG00000155897,ENSG00000157404,ENSG00000158022,ENSG00000158270,ENSG00000159674,ENSG00000160013,ENSG00000160223,ENSG00000162894,ENSG00000163346,ENSG00000164342,ENSG00000164509,ENSG00000165646,ENSG00000166349,ENSG00000168071,ENSG00000169245,ENSG00000169248,ENSG00000169429,ENSG00000169871,ENSG00000172236,ENSG00000179954,ENSG00000180772,ENSG00000181019,ENSG00000185201,ENSG00000186827,ENSG00000196664,ENSG00000197712,ENSG00000197766,ENSG00000204592,ENSG00000205413,ENSG00000213694,ENSG00000224389,ENSG00000232810,ENSG00000240583,ENSG00000244731,ENSG00000255346,ENSG00000255690,ENSG00000271503"
"GO:BP","gland development","GO:0048732","false","0.007339989765326947","2.134304545651386","309","792","41","14387","ENSG00000019991,ENSG00000021826,ENSG00000041982,ENSG00000054598,ENSG00000066468,ENSG00000074527,ENSG00000078401,ENSG00000103449,ENSG00000104332,ENSG00000105329,ENSG00000110492,ENSG00000111087,ENSG00000112893,ENSG00000114251,ENSG00000115461,ENSG00000115738,ENSG00000119699,ENSG00000120659,ENSG00000126778,ENSG00000130707,ENSG00000132386,ENSG00000135111,ENSG00000135919,ENSG00000138083,ENSG00000138795,ENSG00000139352,ENSG00000140279,ENSG00000140285,ENSG00000143869,ENSG00000147065,ENSG00000160224,ENSG00000162998,ENSG00000163513,ENSG00000166349,ENSG00000172201,ENSG00000183779,ENSG00000184254,ENSG00000196562,ENSG00000198959,ENSG00000214336,ENSG00000232810"
"GO:BP","gland morphogenesis","GO:0022612","false","0.008306239149557776","2.08059556903181","78","792","18","14387","ENSG00000019991,ENSG00000041982,ENSG00000066468,ENSG00000074527,ENSG00000104332,ENSG00000105329,ENSG00000114251,ENSG00000115461,ENSG00000119699,ENSG00000135111,ENSG00000140279,ENSG00000140285,ENSG00000143869,ENSG00000147065,ENSG00000163513,ENSG00000172201,ENSG00000198959,ENSG00000232810"
"GO:BP","central nervous system development","GO:0007417","false","0.008812740214894534","2.0548890319771305","821","792","81","14387","ENSG00000001617,ENSG00000003137,ENSG00000038427,ENSG00000054598,ENSG00000064300,ENSG00000066468,ENSG00000075213,ENSG00000075275,ENSG00000077092,ENSG00000091129,ENSG00000095596,ENSG00000103449,ENSG00000104332,ENSG00000105329,ENSG00000105464,ENSG00000105880,ENSG00000109851,ENSG00000110492,ENSG00000111087,ENSG00000112137,ENSG00000114251,ENSG00000115738,ENSG00000117318,ENSG00000120885,ENSG00000121966,ENSG00000124788,ENSG00000125538,ENSG00000125730,ENSG00000126778,ENSG00000129159,ENSG00000130164,ENSG00000132170,ENSG00000135111,ENSG00000135919,ENSG00000137463,ENSG00000138083,ENSG00000138162,ENSG00000138795,ENSG00000139219,ENSG00000139352,ENSG00000140279,ENSG00000143869,ENSG00000143995,ENSG00000144476,ENSG00000148053,ENSG00000151615,ENSG00000152377,ENSG00000154928,ENSG00000156687,ENSG00000162576,ENSG00000162624,ENSG00000162670,ENSG00000163394,ENSG00000163513,ENSG00000168505,ENSG00000168542,ENSG00000172201,ENSG00000173376,ENSG00000173805,ENSG00000175505,ENSG00000176884,ENSG00000177301,ENSG00000180772,ENSG00000182636,ENSG00000184254,ENSG00000185345,ENSG00000185551,ENSG00000185924,ENSG00000187323,ENSG00000188620,ENSG00000188816,ENSG00000196092,ENSG00000197971,ENSG00000198121,ENSG00000198719,ENSG00000198797,ENSG00000198963,ENSG00000221866,ENSG00000232810,ENSG00000240583,ENSG00000266524"
"GO:BP","hormone transport","GO:0009914","false","0.009079165559613366","2.0419540644203393","244","792","35","14387","ENSG00000006071,ENSG00000007171,ENSG00000010671,ENSG00000078401,ENSG00000103316,ENSG00000104332,ENSG00000110719,ENSG00000111199,ENSG00000112164,ENSG00000115353,ENSG00000120659,ENSG00000125538,ENSG00000126562,ENSG00000130529,ENSG00000132170,ENSG00000135111,ENSG00000139155,ENSG00000143839,ENSG00000145103,ENSG00000150594,ENSG00000150907,ENSG00000152661,ENSG00000155897,ENSG00000163394,ENSG00000164326,ENSG00000165646,ENSG00000169427,ENSG00000169860,ENSG00000174672,ENSG00000185345,ENSG00000187486,ENSG00000232810,ENSG00000240583,ENSG00000250366,ENSG00000271503"
"GO:BP","cellular response to fibroblast growth factor stimulus","GO:0044344","false","0.00925422483637543","2.0336599532896553","113","792","22","14387","ENSG00000021826,ENSG00000064300,ENSG00000066468,ENSG00000078579,ENSG00000108691,ENSG00000108821,ENSG00000114251,ENSG00000125848,ENSG00000127418,ENSG00000128052,ENSG00000140285,ENSG00000148053,ENSG00000154928,ENSG00000157404,ENSG00000157613,ENSG00000162344,ENSG00000169429,ENSG00000173376,ENSG00000177706,ENSG00000185650,ENSG00000196562,ENSG00000271503"
"GO:BP","regulation of angiogenesis","GO:0045765","false","0.009730587510373721","2.0118609372434206","223","792","33","14387","ENSG00000006071,ENSG00000011465,ENSG00000054598,ENSG00000092421,ENSG00000104332,ENSG00000106991,ENSG00000110492,ENSG00000114251,ENSG00000117525,ENSG00000118503,ENSG00000120332,ENSG00000125538,ENSG00000125730,ENSG00000126458,ENSG00000128052,ENSG00000132170,ENSG00000132386,ENSG00000135048,ENSG00000138772,ENSG00000157613,ENSG00000163513,ENSG00000164342,ENSG00000165757,ENSG00000166923,ENSG00000167664,ENSG00000169245,ENSG00000169429,ENSG00000169583,ENSG00000198719,ENSG00000198959,ENSG00000219438,ENSG00000232810,ENSG00000240583"
"GO:BP","monoatomic ion transport","GO:0006811","true","0.009895019065039081","2.0045833646881768","906","792","87","14387","ENSG00000006071,ENSG00000012223,ENSG00000063127,ENSG00000064989,ENSG00000069431,ENSG00000071967,ENSG00000078401,ENSG00000080709,ENSG00000083454,ENSG00000103546,ENSG00000105329,ENSG00000105464,ENSG00000107147,ENSG00000108691,ENSG00000108700,ENSG00000110169,ENSG00000110719,ENSG00000111199,ENSG00000112038,ENSG00000113739,ENSG00000114805,ENSG00000115896,ENSG00000119411,ENSG00000122679,ENSG00000126562,ENSG00000129159,ENSG00000130433,ENSG00000130529,ENSG00000131389,ENSG00000132164,ENSG00000135902,ENSG00000135919,ENSG00000135926,ENSG00000136160,ENSG00000136546,ENSG00000137077,ENSG00000137491,ENSG00000139155,ENSG00000140675,ENSG00000145451,ENSG00000147606,ENSG00000148175,ENSG00000149488,ENSG00000149527,ENSG00000150594,ENSG00000152049,ENSG00000152661,ENSG00000153291,ENSG00000155886,ENSG00000157087,ENSG00000157103,ENSG00000158014,ENSG00000163293,ENSG00000165646,ENSG00000165970,ENSG00000165995,ENSG00000166206,ENSG00000166592,ENSG00000166862,ENSG00000168418,ENSG00000168539,ENSG00000169245,ENSG00000169248,ENSG00000169427,ENSG00000169583,ENSG00000169860,ENSG00000171227,ENSG00000171303,ENSG00000171631,ENSG00000173930,ENSG00000175497,ENSG00000176884,ENSG00000177272,ENSG00000177301,ENSG00000182771,ENSG00000185101,ENSG00000185760,ENSG00000187486,ENSG00000196187,ENSG00000197496,ENSG00000198515,ENSG00000198523,ENSG00000198576,ENSG00000198626,ENSG00000240583,ENSG00000255346,ENSG00000271503"
"GO:BP","leukocyte migration","GO:0050900","false","0.010048291590206985","1.997907770682871","245","792","35","14387","ENSG00000002586,ENSG00000064666,ENSG00000078401,ENSG00000091409,ENSG00000103490,ENSG00000105329,ENSG00000106538,ENSG00000108688,ENSG00000108691,ENSG00000108700,ENSG00000110492,ENSG00000111199,ENSG00000114251,ENSG00000115353,ENSG00000120659,ENSG00000121966,ENSG00000123610,ENSG00000125538,ENSG00000128340,ENSG00000129422,ENSG00000130529,ENSG00000136160,ENSG00000137077,ENSG00000147065,ENSG00000157404,ENSG00000160224,ENSG00000163377,ENSG00000165197,ENSG00000166923,ENSG00000169245,ENSG00000169248,ENSG00000169429,ENSG00000232810,ENSG00000271447,ENSG00000271503"
"GO:BP","biological regulation","GO:0065007","false","0.01117808215119657","1.9516327029433873","9025","792","563","14387","ENSG00000000971,ENSG00000001617,ENSG00000002586,ENSG00000002746,ENSG00000003137,ENSG00000006016,ENSG00000006071,ENSG00000006611,ENSG00000007171,ENSG00000008118,ENSG00000008311,ENSG00000009694,ENSG00000010671,ENSG00000011465,ENSG00000012223,ENSG00000013364,ENSG00000013588,ENSG00000014257,ENSG00000018408,ENSG00000019991,ENSG00000021300,ENSG00000021645,ENSG00000021826,ENSG00000023445,ENSG00000041982,ENSG00000042286,ENSG00000048540,ENSG00000048740,ENSG00000049249,ENSG00000049323,ENSG00000053108,ENSG00000054598,ENSG00000056558,ENSG00000064300,ENSG00000064666,ENSG00000064692,ENSG00000064989,ENSG00000066468,ENSG00000067182,ENSG00000067798,ENSG00000068079,ENSG00000069431,ENSG00000070404,ENSG00000070540,ENSG00000070601,ENSG00000073331,ENSG00000073756,ENSG00000073792,ENSG00000074527,ENSG00000074966,ENSG00000075213,ENSG00000075275,ENSG00000075651,ENSG00000076944,ENSG00000077092,ENSG00000077238,ENSG00000078098,ENSG00000078401,ENSG00000078579,ENSG00000079841,ENSG00000080709,ENSG00000081041,ENSG00000082397,ENSG00000083454,ENSG00000083857,ENSG00000085276,ENSG00000086717,ENSG00000088002,ENSG00000089169,ENSG00000090530,ENSG00000090932,ENSG00000091129,ENSG00000091409,ENSG00000091592,ENSG00000091986,ENSG00000092421,ENSG00000095303,ENSG00000095587,ENSG00000095596,ENSG00000099260,ENSG00000099399,ENSG00000099953,ENSG00000100302,ENSG00000100979,ENSG00000100985,ENSG00000101000,ENSG00000101282,ENSG00000101292,ENSG00000101463,ENSG00000101489,ENSG00000101955,ENSG00000102048,ENSG00000102265,ENSG00000103154,ENSG00000103316,ENSG00000103449,ENSG00000103490,ENSG00000103528,ENSG00000103546,ENSG00000104213,ENSG00000104327,ENSG00000104332,ENSG00000104518,ENSG00000104826,ENSG00000104951,ENSG00000105329,ENSG00000105464,ENSG00000105880,ENSG00000106538,ENSG00000106991,ENSG00000107105,ENSG00000107165,ENSG00000107282,ENSG00000108231,ENSG00000108688,ENSG00000108691,ENSG00000108700,ENSG00000108771,ENSG00000108821,ENSG00000109851,ENSG00000110169,ENSG00000110195,ENSG00000110492,ENSG00000110719,ENSG00000111087,ENSG00000111199,ENSG00000111249,ENSG00000111348,ENSG00000112038,ENSG00000112137,ENSG00000112164,ENSG00000112183,ENSG00000112541,ENSG00000112893,ENSG00000113739,ENSG00000113763,ENSG00000114200,ENSG00000114251,ENSG00000114805,ENSG00000115252,ENSG00000115353,ENSG00000115414,ENSG00000115461,ENSG00000115468,ENSG00000115738,ENSG00000115896,ENSG00000116183,ENSG00000116299,ENSG00000116678,ENSG00000117318,ENSG00000117525,ENSG00000118292,ENSG00000118503,ENSG00000119042,ENSG00000119283,ENSG00000119403,ENSG00000119508,ENSG00000119655,ENSG00000119699,ENSG00000120332,ENSG00000120645,ENSG00000120659,ENSG00000120885,ENSG00000121075,ENSG00000121966,ENSG00000122035,ENSG00000122679,ENSG00000123146,ENSG00000123609,ENSG00000123610,ENSG00000123892,ENSG00000124260,ENSG00000124466,ENSG00000124788,ENSG00000125384,ENSG00000125538,ENSG00000125730,ENSG00000125848,ENSG00000125851,ENSG00000125968,ENSG00000126458,ENSG00000126562,ENSG00000126778,ENSG00000127418,ENSG00000127586,ENSG00000128052,ENSG00000128340,ENSG00000128594,ENSG00000128606,ENSG00000128849,ENSG00000129159,ENSG00000129422,ENSG00000129993,ENSG00000130164,ENSG00000130203,ENSG00000130303,ENSG00000130433,ENSG00000130529,ENSG00000130635,ENSG00000130700,ENSG00000130707,ENSG00000130768,ENSG00000130962,ENSG00000131389,ENSG00000131634,ENSG00000132170,ENSG00000132256,ENSG00000132386,ENSG00000132854,ENSG00000134013,ENSG00000134121,ENSG00000134508,ENSG00000134532,ENSG00000135048,ENSG00000135111,ENSG00000135116,ENSG00000135253,ENSG00000135697,ENSG00000135899,ENSG00000135902,ENSG00000135919,ENSG00000135926,ENSG00000136160,ENSG00000136546,ENSG00000136944,ENSG00000136997,ENSG00000137077,ENSG00000137331,ENSG00000137441,ENSG00000137463,ENSG00000137693,ENSG00000137699,ENSG00000137727,ENSG00000137962,ENSG00000138083,ENSG00000138100,ENSG00000138119,ENSG00000138395,ENSG00000138735,ENSG00000138772,ENSG00000138795,ENSG00000139155,ENSG00000139219,ENSG00000139269,ENSG00000139329,ENSG00000139352,ENSG00000139549,ENSG00000140279,ENSG00000140285,ENSG00000140795,ENSG00000141668,ENSG00000142089,ENSG00000142173,ENSG00000142279,ENSG00000143320,ENSG00000143355,ENSG00000143382,ENSG00000143772,ENSG00000143816,ENSG00000143839,ENSG00000143869,ENSG00000143995,ENSG00000144476,ENSG00000144596,ENSG00000144824,ENSG00000145103,ENSG00000145451,ENSG00000145623,ENSG00000145819,ENSG00000145920,ENSG00000146006,ENSG00000146285,ENSG00000146376,ENSG00000147065,ENSG00000147255,ENSG00000147256,ENSG00000147606,ENSG00000147869,ENSG00000148053,ENSG00000148175,ENSG00000148908,ENSG00000149131,ENSG00000149212,ENSG00000149488,ENSG00000149527,ENSG00000150281,ENSG00000150457,ENSG00000150594,ENSG00000150750,ENSG00000150907,ENSG00000151615,ENSG00000152049,ENSG00000152104,ENSG00000152137,ENSG00000152284,ENSG00000152377,ENSG00000152402,ENSG00000152467,ENSG00000152527,ENSG00000152661,ENSG00000152894,ENSG00000153029,ENSG00000153291,ENSG00000153294,ENSG00000153707,ENSG00000153993,ENSG00000154133,ENSG00000154175,ENSG00000154678,ENSG00000154928,ENSG00000155158,ENSG00000155367,ENSG00000155849,ENSG00000155886,ENSG00000155897,ENSG00000155926,ENSG00000155974,ENSG00000156509,ENSG00000156535,ENSG00000156564,ENSG00000156687,ENSG00000157087,ENSG00000157103,ENSG00000157110,ENSG00000157404,ENSG00000157613,ENSG00000158022,ENSG00000158156,ENSG00000158270,ENSG00000159674,ENSG00000159713,ENSG00000160013,ENSG00000160179,ENSG00000160223,ENSG00000160224,ENSG00000161681,ENSG00000161835,ENSG00000162105,ENSG00000162344,ENSG00000162496,ENSG00000162595,ENSG00000162614,ENSG00000162624,ENSG00000162670,ENSG00000162745,ENSG00000162894,ENSG00000162951,ENSG00000162998,ENSG00000163191,ENSG00000163219,ENSG00000163273,ENSG00000163346,ENSG00000163377,ENSG00000163394,ENSG00000163430,ENSG00000163513,ENSG00000163637,ENSG00000163673,ENSG00000164082,ENSG00000164176,ENSG00000164326,ENSG00000164342,ENSG00000164509,ENSG00000164692,ENSG00000165140,ENSG00000165197,ENSG00000165323,ENSG00000165643,ENSG00000165646,ENSG00000165757,ENSG00000165895,ENSG00000165917,ENSG00000165959,ENSG00000165970,ENSG00000165973,ENSG00000165995,ENSG00000166206,ENSG00000166292,ENSG00000166349,ENSG00000166482,ENSG00000166592,ENSG00000166801,ENSG00000166825,ENSG00000166862,ENSG00000166863,ENSG00000166923,ENSG00000167588,ENSG00000167641,ENSG00000167664,ENSG00000167964,ENSG00000168071,ENSG00000168412,ENSG00000168418,ENSG00000168505,ENSG00000168539,ENSG00000168542,ENSG00000168843,ENSG00000168938,ENSG00000169245,ENSG00000169247,ENSG00000169248,ENSG00000169302,ENSG00000169427,ENSG00000169429,ENSG00000169583,ENSG00000169860,ENSG00000169871,ENSG00000169891,ENSG00000170091,ENSG00000170419,ENSG00000170608,ENSG00000170775,ENSG00000170891,ENSG00000171303,ENSG00000171551,ENSG00000171631,ENSG00000171819,ENSG00000171848,ENSG00000172201,ENSG00000172247,ENSG00000172572,ENSG00000172638,ENSG00000172985,ENSG00000172987,ENSG00000173040,ENSG00000173068,ENSG00000173376,ENSG00000173567,ENSG00000173662,ENSG00000173805,ENSG00000174348,ENSG00000174672,ENSG00000174807,ENSG00000175426,ENSG00000175497,ENSG00000175505,ENSG00000176293,ENSG00000176884,ENSG00000177045,ENSG00000177272,ENSG00000177301,ENSG00000177374,ENSG00000177469,ENSG00000177706,ENSG00000178764,ENSG00000179242,ENSG00000179399,ENSG00000179431,ENSG00000179546,ENSG00000179954,ENSG00000180447,ENSG00000180720,ENSG00000180739,ENSG00000180772,ENSG00000180875,ENSG00000181019,ENSG00000181072,ENSG00000181444,ENSG00000181541,ENSG00000181656,ENSG00000181744,ENSG00000182195,ENSG00000182636,ENSG00000182771,ENSG00000182836,ENSG00000182871,ENSG00000183098,ENSG00000183779,ENSG00000183837,ENSG00000183853,ENSG00000184254,ENSG00000184564,ENSG00000184838,ENSG00000185101,ENSG00000185155,ENSG00000185201,ENSG00000185291,ENSG00000185345,ENSG00000185551,ENSG00000185561,ENSG00000185650,ENSG00000185664,ENSG00000185666,ENSG00000185924,ENSG00000186197,ENSG00000186417,ENSG00000186487,ENSG00000186827,ENSG00000186897,ENSG00000187098,ENSG00000187323,ENSG00000187486,ENSG00000187634,ENSG00000188282,ENSG00000188620,ENSG00000188816,ENSG00000189292,ENSG00000196092,ENSG00000196154,ENSG00000196277,ENSG00000196502,ENSG00000196549,ENSG00000196562,ENSG00000196611,ENSG00000196664,ENSG00000197093,ENSG00000197321,ENSG00000197385,ENSG00000197496,ENSG00000197580,ENSG00000197712,ENSG00000197747,ENSG00000197766,ENSG00000197935,ENSG00000197971,ENSG00000198121,ENSG00000198523,ENSG00000198576,ENSG00000198626,ENSG00000198682,ENSG00000198719,ENSG00000198768,ENSG00000198797,ENSG00000198835,ENSG00000198879,ENSG00000198915,ENSG00000198939,ENSG00000198959,ENSG00000198963,ENSG00000203797,ENSG00000203883,ENSG00000204335,ENSG00000204592,ENSG00000213171,ENSG00000213694,ENSG00000214290,ENSG00000214336,ENSG00000215397,ENSG00000215612,ENSG00000219438,ENSG00000221866,ENSG00000224389,ENSG00000230873,ENSG00000232810,ENSG00000233608,ENSG00000237412,ENSG00000237988,ENSG00000240583,ENSG00000243364,ENSG00000243566,ENSG00000244414,ENSG00000244731,ENSG00000250366,ENSG00000255346,ENSG00000255690,ENSG00000258405,ENSG00000261787,ENSG00000266524,ENSG00000270011,ENSG00000271447,ENSG00000271503,ENSG00000274588,ENSG00000276644"
"GO:BP","neuron differentiation","GO:0030182","false","0.0119134067093939","1.9239640316714635","1194","792","107","14387","ENSG00000001617,ENSG00000002746,ENSG00000006611,ENSG00000009694,ENSG00000021645,ENSG00000041982,ENSG00000053108,ENSG00000064300,ENSG00000066468,ENSG00000074527,ENSG00000075213,ENSG00000078401,ENSG00000078579,ENSG00000079841,ENSG00000082397,ENSG00000091129,ENSG00000091409,ENSG00000092421,ENSG00000095713,ENSG00000103449,ENSG00000103528,ENSG00000104332,ENSG00000105880,ENSG00000108231,ENSG00000109851,ENSG00000110195,ENSG00000110492,ENSG00000111199,ENSG00000111249,ENSG00000112137,ENSG00000113763,ENSG00000114251,ENSG00000115414,ENSG00000115468,ENSG00000115738,ENSG00000117318,ENSG00000119283,ENSG00000120332,ENSG00000125730,ENSG00000125848,ENSG00000125968,ENSG00000126778,ENSG00000130203,ENSG00000132386,ENSG00000132561,ENSG00000134121,ENSG00000136160,ENSG00000136944,ENSG00000137463,ENSG00000138083,ENSG00000139352,ENSG00000143320,ENSG00000143355,ENSG00000143816,ENSG00000143869,ENSG00000143995,ENSG00000148053,ENSG00000150281,ENSG00000151615,ENSG00000152377,ENSG00000152894,ENSG00000153707,ENSG00000153993,ENSG00000154133,ENSG00000154654,ENSG00000154928,ENSG00000155974,ENSG00000156687,ENSG00000157087,ENSG00000161681,ENSG00000162614,ENSG00000162624,ENSG00000162670,ENSG00000163394,ENSG00000165197,ENSG00000165323,ENSG00000165959,ENSG00000168505,ENSG00000170775,ENSG00000172201,ENSG00000173376,ENSG00000174672,ENSG00000178764,ENSG00000179242,ENSG00000182636,ENSG00000184564,ENSG00000184613,ENSG00000185345,ENSG00000185924,ENSG00000186367,ENSG00000186417,ENSG00000186487,ENSG00000187323,ENSG00000187634,ENSG00000188162,ENSG00000189292,ENSG00000196277,ENSG00000198121,ENSG00000198576,ENSG00000198719,ENSG00000198797,ENSG00000198963,ENSG00000214960,ENSG00000221866,ENSG00000243364,ENSG00000250366,ENSG00000266074"
"GO:BP","regulation of chemotaxis","GO:0050920","false","0.012255227400700884","1.9116786258273815","143","792","25","14387","ENSG00000001617,ENSG00000078401,ENSG00000105329,ENSG00000106538,ENSG00000108688,ENSG00000108691,ENSG00000110492,ENSG00000111199,ENSG00000114251,ENSG00000117525,ENSG00000121966,ENSG00000123610,ENSG00000128052,ENSG00000128340,ENSG00000129422,ENSG00000137077,ENSG00000151615,ENSG00000165197,ENSG00000166923,ENSG00000169245,ENSG00000169429,ENSG00000198121,ENSG00000221866,ENSG00000271447,ENSG00000271503"
"GO:BP","response to biotic stimulus","GO:0009607","false","0.013531304100217002","1.8686603455875108","1025","792","95","14387","ENSG00000000971,ENSG00000006071,ENSG00000007171,ENSG00000010671,ENSG00000012223,ENSG00000021826,ENSG00000023445,ENSG00000066468,ENSG00000067182,ENSG00000068079,ENSG00000069431,ENSG00000073331,ENSG00000073756,ENSG00000074966,ENSG00000077238,ENSG00000078098,ENSG00000078401,ENSG00000081041,ENSG00000091592,ENSG00000091986,ENSG00000100504,ENSG00000100985,ENSG00000101955,ENSG00000103490,ENSG00000104518,ENSG00000104951,ENSG00000105329,ENSG00000106538,ENSG00000108688,ENSG00000108691,ENSG00000108700,ENSG00000108771,ENSG00000110169,ENSG00000114251,ENSG00000118503,ENSG00000119411,ENSG00000119655,ENSG00000120885,ENSG00000121966,ENSG00000123609,ENSG00000125355,ENSG00000125384,ENSG00000125538,ENSG00000125730,ENSG00000130203,ENSG00000130303,ENSG00000130649,ENSG00000130707,ENSG00000130768,ENSG00000132170,ENSG00000132256,ENSG00000136160,ENSG00000136546,ENSG00000137077,ENSG00000137331,ENSG00000137699,ENSG00000137965,ENSG00000138100,ENSG00000138772,ENSG00000140279,ENSG00000142089,ENSG00000143839,ENSG00000149131,ENSG00000150457,ENSG00000153029,ENSG00000158022,ENSG00000158270,ENSG00000159674,ENSG00000160013,ENSG00000162344,ENSG00000164342,ENSG00000164509,ENSG00000165197,ENSG00000168071,ENSG00000169245,ENSG00000169429,ENSG00000169871,ENSG00000177694,ENSG00000179954,ENSG00000181019,ENSG00000181072,ENSG00000182195,ENSG00000183778,ENSG00000185201,ENSG00000196664,ENSG00000197766,ENSG00000204592,ENSG00000205413,ENSG00000224389,ENSG00000232810,ENSG00000240583,ENSG00000244731,ENSG00000255690,ENSG00000271503,ENSG00000276644"
"GO:BP","positive regulation of nervous system development","GO:0051962","false","0.014840897540435249","1.8285398332166207","227","792","33","14387","ENSG00000101463,ENSG00000105329,ENSG00000110492,ENSG00000111249,ENSG00000112038,ENSG00000112893,ENSG00000115414,ENSG00000115738,ENSG00000121966,ENSG00000125538,ENSG00000125848,ENSG00000132170,ENSG00000132386,ENSG00000135919,ENSG00000139352,ENSG00000141668,ENSG00000143320,ENSG00000146006,ENSG00000148053,ENSG00000151615,ENSG00000153707,ENSG00000154928,ENSG00000157404,ENSG00000162951,ENSG00000172201,ENSG00000173805,ENSG00000175505,ENSG00000179242,ENSG00000184564,ENSG00000196549,ENSG00000198959,ENSG00000213171,ENSG00000232810"
"GO:BP","response to abiotic stimulus","GO:0009628","false","0.015195004190352","1.8182991758178981","901","792","86","14387","ENSG00000006071,ENSG00000007171,ENSG00000021300,ENSG00000041982,ENSG00000064300,ENSG00000064666,ENSG00000066468,ENSG00000067182,ENSG00000069431,ENSG00000070601,ENSG00000073756,ENSG00000074771,ENSG00000078401,ENSG00000083454,ENSG00000091592,ENSG00000100985,ENSG00000102265,ENSG00000103490,ENSG00000104327,ENSG00000104332,ENSG00000105329,ENSG00000106991,ENSG00000108688,ENSG00000108821,ENSG00000109956,ENSG00000110492,ENSG00000111199,ENSG00000113739,ENSG00000115353,ENSG00000115468,ENSG00000115738,ENSG00000116183,ENSG00000119699,ENSG00000121966,ENSG00000125538,ENSG00000129159,ENSG00000129993,ENSG00000132170,ENSG00000132386,ENSG00000134013,ENSG00000135919,ENSG00000136546,ENSG00000136997,ENSG00000137198,ENSG00000137463,ENSG00000137693,ENSG00000139352,ENSG00000142173,ENSG00000142279,ENSG00000149488,ENSG00000150907,ENSG00000152402,ENSG00000152894,ENSG00000153291,ENSG00000154928,ENSG00000155886,ENSG00000157404,ENSG00000158022,ENSG00000160223,ENSG00000163273,ENSG00000164342,ENSG00000165140,ENSG00000165197,ENSG00000166349,ENSG00000166482,ENSG00000168542,ENSG00000169245,ENSG00000169427,ENSG00000169860,ENSG00000171303,ENSG00000173376,ENSG00000176884,ENSG00000181656,ENSG00000182871,ENSG00000184564,ENSG00000185650,ENSG00000187486,ENSG00000196549,ENSG00000196611,ENSG00000196664,ENSG00000198121,ENSG00000198125,ENSG00000198523,ENSG00000198626,ENSG00000232810,ENSG00000240583"
"GO:BP","bone morphogenesis","GO:0060349","false","0.01526759526922278","1.8162293613423368","81","792","18","14387","ENSG00000003137,ENSG00000012223,ENSG00000054598,ENSG00000066468,ENSG00000077092,ENSG00000105329,ENSG00000105880,ENSG00000108821,ENSG00000111199,ENSG00000116183,ENSG00000139219,ENSG00000147869,ENSG00000162496,ENSG00000163273,ENSG00000163513,ENSG00000164946,ENSG00000168542,ENSG00000204335"
"GO:BP","regulation of leukocyte migration","GO:0002685","false","0.01645484492100004","1.7837062063669527","155","792","26","14387","ENSG00000002586,ENSG00000064666,ENSG00000078401,ENSG00000103490,ENSG00000105329,ENSG00000106538,ENSG00000108688,ENSG00000108691,ENSG00000108700,ENSG00000110492,ENSG00000111199,ENSG00000114251,ENSG00000115353,ENSG00000123610,ENSG00000128340,ENSG00000129422,ENSG00000137077,ENSG00000147065,ENSG00000160224,ENSG00000165197,ENSG00000166923,ENSG00000169245,ENSG00000169429,ENSG00000232810,ENSG00000271447,ENSG00000271503"
"GO:BP","positive regulation of signal transduction","GO:0009967","false","0.017494828731409357","1.7570903047596926","1247","792","110","14387","ENSG00000009694,ENSG00000010671,ENSG00000011465,ENSG00000012223,ENSG00000014257,ENSG00000019991,ENSG00000023445,ENSG00000048540,ENSG00000064300,ENSG00000066468,ENSG00000067182,ENSG00000068079,ENSG00000073331,ENSG00000074966,ENSG00000075213,ENSG00000078401,ENSG00000078579,ENSG00000079841,ENSG00000083454,ENSG00000100302,ENSG00000100985,ENSG00000101282,ENSG00000101955,ENSG00000103154,ENSG00000103449,ENSG00000103490,ENSG00000104332,ENSG00000105329,ENSG00000105464,ENSG00000105880,ENSG00000106991,ENSG00000108691,ENSG00000108771,ENSG00000108821,ENSG00000110169,ENSG00000111087,ENSG00000111199,ENSG00000111249,ENSG00000112038,ENSG00000114251,ENSG00000115414,ENSG00000115461,ENSG00000117525,ENSG00000118503,ENSG00000119699,ENSG00000120659,ENSG00000121966,ENSG00000122679,ENSG00000123609,ENSG00000125538,ENSG00000125730,ENSG00000128052,ENSG00000130203,ENSG00000130303,ENSG00000130529,ENSG00000130700,ENSG00000132170,ENSG00000132256,ENSG00000135253,ENSG00000136160,ENSG00000136997,ENSG00000137077,ENSG00000137693,ENSG00000138795,ENSG00000139352,ENSG00000139549,ENSG00000140285,ENSG00000143772,ENSG00000143869,ENSG00000144476,ENSG00000148053,ENSG00000150457,ENSG00000150594,ENSG00000152402,ENSG00000152661,ENSG00000157404,ENSG00000161681,ENSG00000162344,ENSG00000163346,ENSG00000163513,ENSG00000164082,ENSG00000164326,ENSG00000164342,ENSG00000165757,ENSG00000166292,ENSG00000166923,ENSG00000168542,ENSG00000169860,ENSG00000169871,ENSG00000170775,ENSG00000171631,ENSG00000172247,ENSG00000172985,ENSG00000173805,ENSG00000176884,ENSG00000177374,ENSG00000179399,ENSG00000180772,ENSG00000185345,ENSG00000189292,ENSG00000196154,ENSG00000196562,ENSG00000196664,ENSG00000197496,ENSG00000198121,ENSG00000198719,ENSG00000198915,ENSG00000198959,ENSG00000232810,ENSG00000271503"
"GO:BP","collagen fibril organization","GO:0030199","false","0.01824354369334263","1.7388907988484232","58","792","15","14387","ENSG00000054598,ENSG00000080573,ENSG00000087116,ENSG00000095587,ENSG00000099953,ENSG00000108821,ENSG00000130635,ENSG00000134013,ENSG00000139219,ENSG00000139329,ENSG00000164692,ENSG00000166923,ENSG00000168542,ENSG00000172638,ENSG00000204248"
"GO:BP","cytokine-mediated signaling pathway","GO:0019221","false","0.0184192205568885","1.7347287517181313","367","792","45","14387","ENSG00000006016,ENSG00000023445,ENSG00000054598,ENSG00000056558,ENSG00000066468,ENSG00000067182,ENSG00000074966,ENSG00000077238,ENSG00000078401,ENSG00000103490,ENSG00000108688,ENSG00000108691,ENSG00000108700,ENSG00000110169,ENSG00000114251,ENSG00000116678,ENSG00000117525,ENSG00000118503,ENSG00000120659,ENSG00000121966,ENSG00000125538,ENSG00000128052,ENSG00000132170,ENSG00000137077,ENSG00000137693,ENSG00000140279,ENSG00000142089,ENSG00000144476,ENSG00000145623,ENSG00000148053,ENSG00000154928,ENSG00000157404,ENSG00000164509,ENSG00000169245,ENSG00000169248,ENSG00000169871,ENSG00000172247,ENSG00000175505,ENSG00000180875,ENSG00000185201,ENSG00000185291,ENSG00000185345,ENSG00000186827,ENSG00000232810,ENSG00000271503"
"GO:BP","mononuclear cell migration","GO:0071674","false","0.018472247045861437","1.7334802718439686","146","792","25","14387","ENSG00000002586,ENSG00000064666,ENSG00000103490,ENSG00000105329,ENSG00000106538,ENSG00000108688,ENSG00000108691,ENSG00000110492,ENSG00000111199,ENSG00000114251,ENSG00000120659,ENSG00000121966,ENSG00000129422,ENSG00000130529,ENSG00000136160,ENSG00000137077,ENSG00000147065,ENSG00000160224,ENSG00000163377,ENSG00000166923,ENSG00000169245,ENSG00000169248,ENSG00000232810,ENSG00000271447,ENSG00000271503"
"GO:BP","positive regulation of acute inflammatory response","GO:0002675","false","0.018545686306924485","1.7317570904132846","15","792","8","14387","ENSG00000010671,ENSG00000073756,ENSG00000120659,ENSG00000125538,ENSG00000125730,ENSG00000145623,ENSG00000204592,ENSG00000232810"
"GO:BP","cellular response to retinoic acid","GO:0071300","false","0.020114079510624192","1.696499837445377","51","792","14","14387","ENSG00000003137,ENSG00000041982,ENSG00000066468,ENSG00000108821,ENSG00000114251,ENSG00000132170,ENSG00000132386,ENSG00000137693,ENSG00000143816,ENSG00000162670,ENSG00000198797,ENSG00000198963,ENSG00000232810,ENSG00000240583"
"GO:BP","myeloid leukocyte migration","GO:0097529","false","0.020446014252502157","1.6893913408034897","137","792","24","14387","ENSG00000002586,ENSG00000064666,ENSG00000078401,ENSG00000106538,ENSG00000108688,ENSG00000108691,ENSG00000108700,ENSG00000110492,ENSG00000111199,ENSG00000120659,ENSG00000123610,ENSG00000125538,ENSG00000128340,ENSG00000129422,ENSG00000136160,ENSG00000137077,ENSG00000157404,ENSG00000163377,ENSG00000165197,ENSG00000166923,ENSG00000169245,ENSG00000169429,ENSG00000271447,ENSG00000271503"
"GO:BP","axon guidance","GO:0007411","true","0.020781652319419062","1.6823199252736498","198","792","30","14387","ENSG00000001617,ENSG00000021645,ENSG00000064300,ENSG00000074527,ENSG00000075213,ENSG00000078401,ENSG00000091129,ENSG00000092421,ENSG00000105880,ENSG00000108231,ENSG00000113763,ENSG00000114251,ENSG00000125848,ENSG00000132561,ENSG00000134121,ENSG00000143355,ENSG00000143869,ENSG00000151615,ENSG00000153993,ENSG00000154133,ENSG00000154928,ENSG00000156687,ENSG00000162614,ENSG00000168505,ENSG00000179242,ENSG00000184613,ENSG00000187323,ENSG00000214960,ENSG00000221866,ENSG00000243364"
"GO:BP","regulation of fat cell differentiation","GO:0045598","false","0.021070681227970837","1.6763214231595296","109","792","21","14387","ENSG00000018408,ENSG00000048540,ENSG00000073756,ENSG00000099953,ENSG00000104332,ENSG00000105329,ENSG00000106538,ENSG00000111199,ENSG00000114251,ENSG00000115738,ENSG00000126778,ENSG00000130529,ENSG00000132170,ENSG00000137693,ENSG00000150907,ENSG00000162998,ENSG00000170419,ENSG00000172201,ENSG00000185650,ENSG00000186897,ENSG00000232810"
"GO:BP","neuron projection guidance","GO:0097485","false","0.023216085553093884","1.6342110044942044","199","792","30","14387","ENSG00000001617,ENSG00000021645,ENSG00000064300,ENSG00000074527,ENSG00000075213,ENSG00000078401,ENSG00000091129,ENSG00000092421,ENSG00000105880,ENSG00000108231,ENSG00000113763,ENSG00000114251,ENSG00000125848,ENSG00000132561,ENSG00000134121,ENSG00000143355,ENSG00000143869,ENSG00000151615,ENSG00000153993,ENSG00000154133,ENSG00000154928,ENSG00000156687,ENSG00000162614,ENSG00000168505,ENSG00000179242,ENSG00000184613,ENSG00000187323,ENSG00000214960,ENSG00000221866,ENSG00000243364"
"GO:BP","digestive system development","GO:0055123","false","0.024969082167024606","1.6025974214901675","101","792","20","14387","ENSG00000021826,ENSG00000066468,ENSG00000077092,ENSG00000103449,ENSG00000104332,ENSG00000105329,ENSG00000106538,ENSG00000111087,ENSG00000114251,ENSG00000115738,ENSG00000130700,ENSG00000130707,ENSG00000136160,ENSG00000137693,ENSG00000139352,ENSG00000157404,ENSG00000168542,ENSG00000169429,ENSG00000185155,ENSG00000232810"
"GO:BP","response to wounding","GO:0009611","true","0.025268807716987713","1.5974152493404292","420","792","49","14387","ENSG00000041982,ENSG00000064666,ENSG00000075275,ENSG00000078098,ENSG00000078401,ENSG00000101000,ENSG00000102265,ENSG00000105329,ENSG00000106991,ENSG00000110195,ENSG00000110492,ENSG00000111087,ENSG00000114251,ENSG00000115414,ENSG00000117525,ENSG00000118292,ENSG00000118503,ENSG00000125848,ENSG00000128052,ENSG00000130203,ENSG00000130635,ENSG00000130962,ENSG00000132170,ENSG00000132561,ENSG00000135919,ENSG00000137693,ENSG00000138119,ENSG00000140279,ENSG00000140285,ENSG00000144824,ENSG00000149131,ENSG00000150594,ENSG00000154175,ENSG00000156535,ENSG00000163273,ENSG00000164342,ENSG00000168542,ENSG00000169860,ENSG00000171819,ENSG00000173376,ENSG00000185650,ENSG00000185924,ENSG00000196562,ENSG00000197747,ENSG00000219438,ENSG00000232810,ENSG00000237412,ENSG00000240583,ENSG00000274588"
"GO:BP","intracellular signaling cassette","GO:0141124","true","0.026689384304053917","1.573661444812572","1495","792","126","14387","ENSG00000007171,ENSG00000009694,ENSG00000010671,ENSG00000011465,ENSG00000012223,ENSG00000018408,ENSG00000019991,ENSG00000023445,ENSG00000048540,ENSG00000056558,ENSG00000064300,ENSG00000066468,ENSG00000067182,ENSG00000068079,ENSG00000069431,ENSG00000073331,ENSG00000075213,ENSG00000075275,ENSG00000075651,ENSG00000078401,ENSG00000078579,ENSG00000083454,ENSG00000085276,ENSG00000092421,ENSG00000100302,ENSG00000103154,ENSG00000103490,ENSG00000105329,ENSG00000105464,ENSG00000106991,ENSG00000111199,ENSG00000111348,ENSG00000112038,ENSG00000114251,ENSG00000115414,ENSG00000115461,ENSG00000118292,ENSG00000118503,ENSG00000119283,ENSG00000119699,ENSG00000120645,ENSG00000120659,ENSG00000121966,ENSG00000122679,ENSG00000123609,ENSG00000123892,ENSG00000125538,ENSG00000126458,ENSG00000126562,ENSG00000128052,ENSG00000128340,ENSG00000128849,ENSG00000130203,ENSG00000130303,ENSG00000130529,ENSG00000132170,ENSG00000132256,ENSG00000135919,ENSG00000136160,ENSG00000136997,ENSG00000137077,ENSG00000137727,ENSG00000137962,ENSG00000140285,ENSG00000142173,ENSG00000143772,ENSG00000143839,ENSG00000143869,ENSG00000144476,ENSG00000145819,ENSG00000146376,ENSG00000148053,ENSG00000149212,ENSG00000150594,ENSG00000150907,ENSG00000151615,ENSG00000152402,ENSG00000152661,ENSG00000154928,ENSG00000155849,ENSG00000155926,ENSG00000157110,ENSG00000157404,ENSG00000162344,ENSG00000162595,ENSG00000163219,ENSG00000163513,ENSG00000164082,ENSG00000164326,ENSG00000164342,ENSG00000164509,ENSG00000164692,ENSG00000165140,ENSG00000165757,ENSG00000165895,ENSG00000166292,ENSG00000166592,ENSG00000166923,ENSG00000168542,ENSG00000169429,ENSG00000169860,ENSG00000169871,ENSG00000170775,ENSG00000171631,ENSG00000172247,ENSG00000172572,ENSG00000172985,ENSG00000173376,ENSG00000176884,ENSG00000180772,ENSG00000181744,ENSG00000185345,ENSG00000185650,ENSG00000186897,ENSG00000187486,ENSG00000189292,ENSG00000196154,ENSG00000196664,ENSG00000197971,ENSG00000198121,ENSG00000198523,ENSG00000198626,ENSG00000198915,ENSG00000198959,ENSG00000232810,ENSG00000271503"
"GO:BP","morphogenesis of an epithelium","GO:0002009","false","0.02885440273966764","1.5397879107696704","385","792","46","14387","ENSG00000019991,ENSG00000041982,ENSG00000064300,ENSG00000066468,ENSG00000074527,ENSG00000075275,ENSG00000078401,ENSG00000103449,ENSG00000104332,ENSG00000105329,ENSG00000106991,ENSG00000110195,ENSG00000110492,ENSG00000114251,ENSG00000115461,ENSG00000118292,ENSG00000121075,ENSG00000125848,ENSG00000126562,ENSG00000126778,ENSG00000128052,ENSG00000130635,ENSG00000135111,ENSG00000136997,ENSG00000137693,ENSG00000138795,ENSG00000140285,ENSG00000143869,ENSG00000144824,ENSG00000147065,ENSG00000152661,ENSG00000160224,ENSG00000162998,ENSG00000163513,ENSG00000166923,ENSG00000168505,ENSG00000169245,ENSG00000172201,ENSG00000174672,ENSG00000180772,ENSG00000184254,ENSG00000198626,ENSG00000198719,ENSG00000198959,ENSG00000203883,ENSG00000232810"
"GO:BP","nerve development","GO:0021675","false","0.030340348098382954","1.5179794408090235","68","792","16","14387","ENSG00000001617,ENSG00000064300,ENSG00000075213,ENSG00000078401,ENSG00000103449,ENSG00000110719,ENSG00000126778,ENSG00000129159,ENSG00000135919,ENSG00000144476,ENSG00000154928,ENSG00000177301,ENSG00000184564,ENSG00000196562,ENSG00000198121,ENSG00000221866"
"GO:BP","regulation of morphogenesis of a branching structure","GO:0060688","false","0.03511871513651063","1.4544613816990515","39","792","12","14387","ENSG00000019991,ENSG00000066468,ENSG00000074527,ENSG00000104332,ENSG00000105329,ENSG00000110492,ENSG00000114251,ENSG00000126778,ENSG00000140285,ENSG00000166923,ENSG00000180772,ENSG00000232810"
"GO:BP","organic hydroxy compound transport","GO:0015850","true","0.036686927119018976","1.4354886630366956","182","792","28","14387","ENSG00000021762,ENSG00000078579,ENSG00000100979,ENSG00000103546,ENSG00000103569,ENSG00000119655,ENSG00000120885,ENSG00000126562,ENSG00000130164,ENSG00000130203,ENSG00000132170,ENSG00000137491,ENSG00000139155,ENSG00000141526,ENSG00000143839,ENSG00000150594,ENSG00000155158,ENSG00000160179,ENSG00000162344,ENSG00000164082,ENSG00000164326,ENSG00000165646,ENSG00000169427,ENSG00000169860,ENSG00000177301,ENSG00000185345,ENSG00000198959,ENSG00000240583"
"GO:BP","response to external biotic stimulus","GO:0043207","false","0.03724443978575357","1.4289385538044594","991","792","91","14387","ENSG00000000971,ENSG00000006071,ENSG00000007171,ENSG00000010671,ENSG00000012223,ENSG00000021826,ENSG00000023445,ENSG00000066468,ENSG00000067182,ENSG00000068079,ENSG00000069431,ENSG00000073331,ENSG00000073756,ENSG00000074966,ENSG00000077238,ENSG00000078401,ENSG00000081041,ENSG00000091592,ENSG00000091986,ENSG00000100504,ENSG00000100985,ENSG00000103490,ENSG00000104518,ENSG00000105329,ENSG00000106538,ENSG00000108688,ENSG00000108691,ENSG00000108700,ENSG00000108771,ENSG00000110169,ENSG00000114251,ENSG00000118503,ENSG00000119411,ENSG00000119655,ENSG00000120885,ENSG00000121966,ENSG00000123609,ENSG00000125355,ENSG00000125384,ENSG00000125538,ENSG00000125730,ENSG00000130203,ENSG00000130303,ENSG00000130649,ENSG00000130707,ENSG00000130768,ENSG00000132170,ENSG00000132256,ENSG00000136160,ENSG00000136546,ENSG00000137077,ENSG00000137331,ENSG00000137699,ENSG00000137965,ENSG00000138100,ENSG00000138772,ENSG00000140279,ENSG00000142089,ENSG00000143839,ENSG00000149131,ENSG00000150457,ENSG00000153029,ENSG00000158022,ENSG00000158270,ENSG00000159674,ENSG00000160013,ENSG00000162344,ENSG00000164342,ENSG00000164509,ENSG00000165197,ENSG00000168071,ENSG00000169245,ENSG00000169429,ENSG00000169871,ENSG00000177694,ENSG00000179954,ENSG00000181019,ENSG00000181072,ENSG00000182195,ENSG00000183778,ENSG00000185201,ENSG00000196664,ENSG00000197766,ENSG00000204592,ENSG00000205413,ENSG00000224389,ENSG00000232810,ENSG00000240583,ENSG00000244731,ENSG00000255690,ENSG00000271503"
"GO:BP","response to other organism","GO:0051707","false","0.03724443978575357","1.4289385538044594","991","792","91","14387","ENSG00000000971,ENSG00000006071,ENSG00000007171,ENSG00000010671,ENSG00000012223,ENSG00000021826,ENSG00000023445,ENSG00000066468,ENSG00000067182,ENSG00000068079,ENSG00000069431,ENSG00000073331,ENSG00000073756,ENSG00000074966,ENSG00000077238,ENSG00000078401,ENSG00000081041,ENSG00000091592,ENSG00000091986,ENSG00000100504,ENSG00000100985,ENSG00000103490,ENSG00000104518,ENSG00000105329,ENSG00000106538,ENSG00000108688,ENSG00000108691,ENSG00000108700,ENSG00000108771,ENSG00000110169,ENSG00000114251,ENSG00000118503,ENSG00000119411,ENSG00000119655,ENSG00000120885,ENSG00000121966,ENSG00000123609,ENSG00000125355,ENSG00000125384,ENSG00000125538,ENSG00000125730,ENSG00000130203,ENSG00000130303,ENSG00000130649,ENSG00000130707,ENSG00000130768,ENSG00000132170,ENSG00000132256,ENSG00000136160,ENSG00000136546,ENSG00000137077,ENSG00000137331,ENSG00000137699,ENSG00000137965,ENSG00000138100,ENSG00000138772,ENSG00000140279,ENSG00000142089,ENSG00000143839,ENSG00000149131,ENSG00000150457,ENSG00000153029,ENSG00000158022,ENSG00000158270,ENSG00000159674,ENSG00000160013,ENSG00000162344,ENSG00000164342,ENSG00000164509,ENSG00000165197,ENSG00000168071,ENSG00000169245,ENSG00000169429,ENSG00000169871,ENSG00000177694,ENSG00000179954,ENSG00000181019,ENSG00000181072,ENSG00000182195,ENSG00000183778,ENSG00000185201,ENSG00000196664,ENSG00000197766,ENSG00000204592,ENSG00000205413,ENSG00000224389,ENSG00000232810,ENSG00000240583,ENSG00000244731,ENSG00000255690,ENSG00000271503"
"GO:BP","tissue morphogenesis","GO:0048729","false","0.03935703613711123","1.4049776144521726","464","792","52","14387","ENSG00000019991,ENSG00000041982,ENSG00000054598,ENSG00000064300,ENSG00000066468,ENSG00000074527,ENSG00000075275,ENSG00000078401,ENSG00000103449,ENSG00000104332,ENSG00000105329,ENSG00000106991,ENSG00000110195,ENSG00000110492,ENSG00000114251,ENSG00000115461,ENSG00000118292,ENSG00000121075,ENSG00000125848,ENSG00000126562,ENSG00000126778,ENSG00000128052,ENSG00000130635,ENSG00000130700,ENSG00000135111,ENSG00000136997,ENSG00000137693,ENSG00000138083,ENSG00000138795,ENSG00000140285,ENSG00000143869,ENSG00000144824,ENSG00000147065,ENSG00000152661,ENSG00000160224,ENSG00000162998,ENSG00000163513,ENSG00000166292,ENSG00000166923,ENSG00000168505,ENSG00000168542,ENSG00000169245,ENSG00000172201,ENSG00000172638,ENSG00000174672,ENSG00000180772,ENSG00000184254,ENSG00000198626,ENSG00000198719,ENSG00000198959,ENSG00000203883,ENSG00000232810"
"GO:BP","embryonic morphogenesis","GO:0048598","false","0.04017631031213753","1.3960299502322941","477","792","53","14387","ENSG00000003137,ENSG00000006611,ENSG00000054598,ENSG00000066468,ENSG00000075275,ENSG00000077092,ENSG00000078401,ENSG00000100985,ENSG00000102996,ENSG00000103449,ENSG00000104332,ENSG00000105329,ENSG00000105880,ENSG00000106991,ENSG00000110195,ENSG00000111087,ENSG00000114251,ENSG00000115414,ENSG00000115738,ENSG00000119042,ENSG00000119508,ENSG00000121075,ENSG00000125848,ENSG00000126778,ENSG00000130635,ENSG00000135111,ENSG00000137693,ENSG00000138083,ENSG00000138795,ENSG00000139219,ENSG00000143320,ENSG00000143869,ENSG00000144824,ENSG00000147869,ENSG00000150457,ENSG00000152661,ENSG00000162998,ENSG00000163513,ENSG00000166923,ENSG00000168505,ENSG00000180875,ENSG00000181541,ENSG00000184254,ENSG00000184564,ENSG00000185155,ENSG00000185650,ENSG00000188620,ENSG00000188816,ENSG00000196092,ENSG00000197971,ENSG00000198626,ENSG00000198719,ENSG00000203883"
"GO:BP","hormone secretion","GO:0046879","false","0.0405086929457005","1.3924517695448138","237","792","33","14387","ENSG00000006071,ENSG00000007171,ENSG00000010671,ENSG00000078401,ENSG00000104332,ENSG00000110719,ENSG00000111199,ENSG00000112164,ENSG00000115353,ENSG00000120659,ENSG00000125538,ENSG00000126562,ENSG00000130529,ENSG00000132170,ENSG00000135111,ENSG00000143839,ENSG00000145103,ENSG00000150594,ENSG00000150907,ENSG00000152661,ENSG00000155897,ENSG00000163394,ENSG00000164326,ENSG00000165646,ENSG00000169427,ENSG00000169860,ENSG00000174672,ENSG00000185345,ENSG00000187486,ENSG00000232810,ENSG00000240583,ENSG00000250366,ENSG00000271503"
"GO:BP","regulation of secretion by cell","GO:1903530","false","0.04125538291008091","1.3845193776443663","427","792","49","14387","ENSG00000006071,ENSG00000007171,ENSG00000064692,ENSG00000067182,ENSG00000076944,ENSG00000077238,ENSG00000078401,ENSG00000078579,ENSG00000079841,ENSG00000089169,ENSG00000103528,ENSG00000104332,ENSG00000105329,ENSG00000110719,ENSG00000112038,ENSG00000115353,ENSG00000119699,ENSG00000120659,ENSG00000125538,ENSG00000128340,ENSG00000130203,ENSG00000130529,ENSG00000132170,ENSG00000138119,ENSG00000143839,ENSG00000145103,ENSG00000145920,ENSG00000150594,ENSG00000150907,ENSG00000152661,ENSG00000155897,ENSG00000160179,ENSG00000163394,ENSG00000164082,ENSG00000164326,ENSG00000167964,ENSG00000169427,ENSG00000169860,ENSG00000173805,ENSG00000174672,ENSG00000177301,ENSG00000185345,ENSG00000187486,ENSG00000188282,ENSG00000196277,ENSG00000197747,ENSG00000232810,ENSG00000250366,ENSG00000271503"
"GO:BP","regulation of vascular associated smooth muscle cell proliferation","GO:1904705","false","0.04751809869971236","1.3231409447259923","47","792","13","14387","ENSG00000064989,ENSG00000066468,ENSG00000078401,ENSG00000100985,ENSG00000115461,ENSG00000119508,ENSG00000119699,ENSG00000132170,ENSG00000152661,ENSG00000171631,ENSG00000172638,ENSG00000219438,ENSG00000232810"
"GO:CC","extracellular region","GO:0005576","true","3.429187003545013e-29","28.464808830897532","2726","792","291","14387","ENSG00000000971,ENSG00000001617,ENSG00000006016,ENSG00000006534,ENSG00000009694,ENSG00000011465,ENSG00000012223,ENSG00000013364,ENSG00000013588,ENSG00000014257,ENSG00000014914,ENSG00000019991,ENSG00000038427,ENSG00000041982,ENSG00000042286,ENSG00000049323,ENSG00000051620,ENSG00000053108,ENSG00000064300,ENSG00000064666,ENSG00000066468,ENSG00000067182,ENSG00000068079,ENSG00000068976,ENSG00000070404,ENSG00000071967,ENSG00000074527,ENSG00000074771,ENSG00000075213,ENSG00000076944,ENSG00000077238,ENSG00000078098,ENSG00000078114,ENSG00000078401,ENSG00000078579,ENSG00000080573,ENSG00000081041,ENSG00000083857,ENSG00000087116,ENSG00000087303,ENSG00000088002,ENSG00000091128,ENSG00000091129,ENSG00000091704,ENSG00000091986,ENSG00000095303,ENSG00000095587,ENSG00000095713,ENSG00000099953,ENSG00000100504,ENSG00000100979,ENSG00000100985,ENSG00000101000,ENSG00000101282,ENSG00000102265,ENSG00000102996,ENSG00000103316,ENSG00000103490,ENSG00000104213,ENSG00000104327,ENSG00000104332,ENSG00000104518,ENSG00000104826,ENSG00000104894,ENSG00000104951,ENSG00000105329,ENSG00000106484,ENSG00000106538,ENSG00000106991,ENSG00000108231,ENSG00000108688,ENSG00000108691,ENSG00000108700,ENSG00000108821,ENSG00000109956,ENSG00000110169,ENSG00000110195,ENSG00000110492,ENSG00000111249,ENSG00000111339,ENSG00000111348,ENSG00000112893,ENSG00000113739,ENSG00000113805,ENSG00000114200,ENSG00000114251,ENSG00000114541,ENSG00000115414,ENSG00000115461,ENSG00000116183,ENSG00000116299,ENSG00000116678,ENSG00000117525,ENSG00000118292,ENSG00000118503,ENSG00000119655,ENSG00000119699,ENSG00000120306,ENSG00000120332,ENSG00000120658,ENSG00000120659,ENSG00000120885,ENSG00000121966,ENSG00000123146,ENSG00000123609,ENSG00000123610,ENSG00000124466,ENSG00000125538,ENSG00000125730,ENSG00000125848,ENSG00000125851,ENSG00000126458,ENSG00000128052,ENSG00000128340,ENSG00000128606,ENSG00000129422,ENSG00000130164,ENSG00000130203,ENSG00000130303,ENSG00000130635,ENSG00000130707,ENSG00000130768,ENSG00000130962,ENSG00000132000,ENSG00000132386,ENSG00000132561,ENSG00000134013,ENSG00000134121,ENSG00000135048,ENSG00000135253,ENSG00000135406,ENSG00000135919,ENSG00000135926,ENSG00000137077,ENSG00000137441,ENSG00000138119,ENSG00000138772,ENSG00000139117,ENSG00000139219,ENSG00000139269,ENSG00000139329,ENSG00000139549,ENSG00000140279,ENSG00000140285,ENSG00000140675,ENSG00000141337,ENSG00000141668,ENSG00000142173,ENSG00000142233,ENSG00000143320,ENSG00000143382,ENSG00000143416,ENSG00000143816,ENSG00000143839,ENSG00000143869,ENSG00000146006,ENSG00000146700,ENSG00000147065,ENSG00000147255,ENSG00000147869,ENSG00000148175,ENSG00000149131,ENSG00000150281,ENSG00000152377,ENSG00000153029,ENSG00000153707,ENSG00000153993,ENSG00000154133,ENSG00000154175,ENSG00000154928,ENSG00000156042,ENSG00000156535,ENSG00000157087,ENSG00000157404,ENSG00000158270,ENSG00000158525,ENSG00000159674,ENSG00000160111,ENSG00000160161,ENSG00000160223,ENSG00000160349,ENSG00000160883,ENSG00000162344,ENSG00000162576,ENSG00000162670,ENSG00000162745,ENSG00000162894,ENSG00000162951,ENSG00000162998,ENSG00000163191,ENSG00000163273,ENSG00000163359,ENSG00000163377,ENSG00000163430,ENSG00000163513,ENSG00000164176,ENSG00000164326,ENSG00000164342,ENSG00000164692,ENSG00000164946,ENSG00000165140,ENSG00000165197,ENSG00000165973,ENSG00000166106,ENSG00000166482,ENSG00000166825,ENSG00000166863,ENSG00000166923,ENSG00000167588,ENSG00000168542,ENSG00000168843,ENSG00000168899,ENSG00000168938,ENSG00000169245,ENSG00000169248,ENSG00000169429,ENSG00000169436,ENSG00000169583,ENSG00000170099,ENSG00000170419,ENSG00000170442,ENSG00000170891,ENSG00000171812,ENSG00000171819,ENSG00000172236,ENSG00000172247,ENSG00000172638,ENSG00000172987,ENSG00000173376,ENSG00000173930,ENSG00000174348,ENSG00000174807,ENSG00000175426,ENSG00000175505,ENSG00000176884,ENSG00000176971,ENSG00000177706,ENSG00000179399,ENSG00000179431,ENSG00000179954,ENSG00000180875,ENSG00000181744,ENSG00000182492,ENSG00000182771,ENSG00000182871,ENSG00000183098,ENSG00000184254,ENSG00000184313,ENSG00000184613,ENSG00000185664,ENSG00000185761,ENSG00000185924,ENSG00000186417,ENSG00000186897,ENSG00000187398,ENSG00000188162,ENSG00000188783,ENSG00000189292,ENSG00000189409,ENSG00000196154,ENSG00000196187,ENSG00000196549,ENSG00000196562,ENSG00000196611,ENSG00000197093,ENSG00000197253,ENSG00000197747,ENSG00000197766,ENSG00000198113,ENSG00000198125,ENSG00000198576,ENSG00000198719,ENSG00000198797,ENSG00000198959,ENSG00000203772,ENSG00000204248,ENSG00000204592,ENSG00000213171,ENSG00000219438,ENSG00000224389,ENSG00000226887,ENSG00000232810,ENSG00000237412,ENSG00000240583,ENSG00000243364,ENSG00000244414,ENSG00000244731,ENSG00000255690,ENSG00000266524,ENSG00000271447,ENSG00000271503"
"GO:CC","cell periphery","GO:0071944","true","1.1113782008248404e-25","24.95413812595475","4001","792","367","14387","ENSG00000001617,ENSG00000002586,ENSG00000006016,ENSG00000006071,ENSG00000006534,ENSG00000006611,ENSG00000007171,ENSG00000008118,ENSG00000008394,ENSG00000009694,ENSG00000010671,ENSG00000012223,ENSG00000013588,ENSG00000014257,ENSG00000018408,ENSG00000021645,ENSG00000021826,ENSG00000038427,ENSG00000041982,ENSG00000042286,ENSG00000049249,ENSG00000049323,ENSG00000063127,ENSG00000064300,ENSG00000064692,ENSG00000064989,ENSG00000066468,ENSG00000067182,ENSG00000069431,ENSG00000070601,ENSG00000071967,ENSG00000074527,ENSG00000074771,ENSG00000074966,ENSG00000075213,ENSG00000075275,ENSG00000075651,ENSG00000076944,ENSG00000077238,ENSG00000078098,ENSG00000079841,ENSG00000080573,ENSG00000080709,ENSG00000080854,ENSG00000082397,ENSG00000083454,ENSG00000083857,ENSG00000087116,ENSG00000087303,ENSG00000089169,ENSG00000090530,ENSG00000090932,ENSG00000091128,ENSG00000091129,ENSG00000091409,ENSG00000091986,ENSG00000092421,ENSG00000099953,ENSG00000100302,ENSG00000100314,ENSG00000100985,ENSG00000101000,ENSG00000101292,ENSG00000101463,ENSG00000102265,ENSG00000102996,ENSG00000103154,ENSG00000103528,ENSG00000103546,ENSG00000103569,ENSG00000104327,ENSG00000104332,ENSG00000104518,ENSG00000104894,ENSG00000104951,ENSG00000105329,ENSG00000105427,ENSG00000105464,ENSG00000106538,ENSG00000106991,ENSG00000107147,ENSG00000107282,ENSG00000108821,ENSG00000108932,ENSG00000110195,ENSG00000110719,ENSG00000111087,ENSG00000111199,ENSG00000111339,ENSG00000112038,ENSG00000112164,ENSG00000113763,ENSG00000113805,ENSG00000114200,ENSG00000114251,ENSG00000114805,ENSG00000115353,ENSG00000115414,ENSG00000116183,ENSG00000116299,ENSG00000116678,ENSG00000117525,ENSG00000119699,ENSG00000120306,ENSG00000120332,ENSG00000120645,ENSG00000120658,ENSG00000120659,ENSG00000120885,ENSG00000121904,ENSG00000121966,ENSG00000122679,ENSG00000123146,ENSG00000123892,ENSG00000124466,ENSG00000125384,ENSG00000125730,ENSG00000125848,ENSG00000126458,ENSG00000127418,ENSG00000128052,ENSG00000128340,ENSG00000128594,ENSG00000128606,ENSG00000129159,ENSG00000129422,ENSG00000130164,ENSG00000130203,ENSG00000130303,ENSG00000130433,ENSG00000130529,ENSG00000130635,ENSG00000130768,ENSG00000130962,ENSG00000131389,ENSG00000131634,ENSG00000132000,ENSG00000132164,ENSG00000132386,ENSG00000132561,ENSG00000132677,ENSG00000133958,ENSG00000134013,ENSG00000134121,ENSG00000135048,ENSG00000135406,ENSG00000135902,ENSG00000135926,ENSG00000136160,ENSG00000136546,ENSG00000137491,ENSG00000137693,ENSG00000138119,ENSG00000138162,ENSG00000138650,ENSG00000138772,ENSG00000139117,ENSG00000139155,ENSG00000139219,ENSG00000139329,ENSG00000139549,ENSG00000140279,ENSG00000140675,ENSG00000141526,ENSG00000142089,ENSG00000142173,ENSG00000142227,ENSG00000143036,ENSG00000143382,ENSG00000143839,ENSG00000144476,ENSG00000144596,ENSG00000144824,ENSG00000145012,ENSG00000145103,ENSG00000145451,ENSG00000145623,ENSG00000146006,ENSG00000146376,ENSG00000146411,ENSG00000147065,ENSG00000147606,ENSG00000148053,ENSG00000148175,ENSG00000148908,ENSG00000149488,ENSG00000149527,ENSG00000149809,ENSG00000150594,ENSG00000152049,ENSG00000152377,ENSG00000152527,ENSG00000152661,ENSG00000152894,ENSG00000153029,ENSG00000153707,ENSG00000153993,ENSG00000154133,ENSG00000154175,ENSG00000154654,ENSG00000154928,ENSG00000155849,ENSG00000155886,ENSG00000155897,ENSG00000155926,ENSG00000155974,ENSG00000156535,ENSG00000156564,ENSG00000156687,ENSG00000157087,ENSG00000157103,ENSG00000157404,ENSG00000158014,ENSG00000158156,ENSG00000158220,ENSG00000158270,ENSG00000159674,ENSG00000160013,ENSG00000160111,ENSG00000160179,ENSG00000160223,ENSG00000161681,ENSG00000161835,ENSG00000162105,ENSG00000162496,ENSG00000162576,ENSG00000162595,ENSG00000162614,ENSG00000162745,ENSG00000162894,ENSG00000162951,ENSG00000163219,ENSG00000163359,ENSG00000163394,ENSG00000163513,ENSG00000164082,ENSG00000164342,ENSG00000164509,ENSG00000164674,ENSG00000164692,ENSG00000164946,ENSG00000165194,ENSG00000165323,ENSG00000165646,ENSG00000165757,ENSG00000165917,ENSG00000165970,ENSG00000165995,ENSG00000166106,ENSG00000166206,ENSG00000166292,ENSG00000166482,ENSG00000166592,ENSG00000166825,ENSG00000166862,ENSG00000167608,ENSG00000167664,ENSG00000167964,ENSG00000168412,ENSG00000168418,ENSG00000168497,ENSG00000168539,ENSG00000168542,ENSG00000168679,ENSG00000168899,ENSG00000169245,ENSG00000169247,ENSG00000169302,ENSG00000169427,ENSG00000169436,ENSG00000169583,ENSG00000169860,ENSG00000169891,ENSG00000169908,ENSG00000170091,ENSG00000170775,ENSG00000171303,ENSG00000171551,ENSG00000171631,ENSG00000171812,ENSG00000172638,ENSG00000172987,ENSG00000173040,ENSG00000173376,ENSG00000173662,ENSG00000173930,ENSG00000174807,ENSG00000175497,ENSG00000176884,ENSG00000177272,ENSG00000177301,ENSG00000177469,ENSG00000179242,ENSG00000179399,ENSG00000179546,ENSG00000179954,ENSG00000180447,ENSG00000180720,ENSG00000180739,ENSG00000180772,ENSG00000181072,ENSG00000181656,ENSG00000182489,ENSG00000182492,ENSG00000182771,ENSG00000182871,ENSG00000183098,ENSG00000183853,ENSG00000184564,ENSG00000185101,ENSG00000185201,ENSG00000185291,ENSG00000185561,ENSG00000185664,ENSG00000185760,ENSG00000185761,ENSG00000185924,ENSG00000186417,ENSG00000186827,ENSG00000187323,ENSG00000187486,ENSG00000188015,ENSG00000188158,ENSG00000188162,ENSG00000188783,ENSG00000188833,ENSG00000189292,ENSG00000189409,ENSG00000196187,ENSG00000196277,ENSG00000196549,ENSG00000196562,ENSG00000196611,ENSG00000196664,ENSG00000197321,ENSG00000197496,ENSG00000197747,ENSG00000197971,ENSG00000198121,ENSG00000198515,ENSG00000198576,ENSG00000198626,ENSG00000198719,ENSG00000198768,ENSG00000198835,ENSG00000198915,ENSG00000198959,ENSG00000203772,ENSG00000204248,ENSG00000204592,ENSG00000204711,ENSG00000205436,ENSG00000205795,ENSG00000213171,ENSG00000213694,ENSG00000221866,ENSG00000224389,ENSG00000226887,ENSG00000232810,ENSG00000240583,ENSG00000243364,ENSG00000243566,ENSG00000244731,ENSG00000255346,ENSG00000255690,ENSG00000271447,ENSG00000274588"
"GO:CC","extracellular space","GO:0005615","false","2.8933139004015687e-23","22.538604446470604","2225","792","241","14387","ENSG00000000971,ENSG00000001617,ENSG00000006016,ENSG00000006534,ENSG00000011465,ENSG00000012223,ENSG00000013364,ENSG00000013588,ENSG00000014257,ENSG00000014914,ENSG00000019991,ENSG00000038427,ENSG00000041982,ENSG00000042286,ENSG00000051620,ENSG00000067182,ENSG00000068079,ENSG00000068976,ENSG00000070404,ENSG00000071967,ENSG00000074771,ENSG00000075213,ENSG00000076944,ENSG00000078098,ENSG00000078114,ENSG00000078401,ENSG00000078579,ENSG00000080573,ENSG00000081041,ENSG00000083857,ENSG00000087303,ENSG00000088002,ENSG00000091704,ENSG00000095303,ENSG00000095587,ENSG00000095713,ENSG00000099953,ENSG00000100504,ENSG00000100979,ENSG00000100985,ENSG00000101000,ENSG00000101282,ENSG00000102265,ENSG00000102996,ENSG00000103316,ENSG00000104327,ENSG00000104332,ENSG00000104518,ENSG00000104826,ENSG00000104894,ENSG00000105329,ENSG00000106484,ENSG00000106538,ENSG00000106991,ENSG00000108231,ENSG00000108688,ENSG00000108691,ENSG00000108700,ENSG00000108821,ENSG00000110169,ENSG00000110195,ENSG00000111249,ENSG00000111348,ENSG00000112893,ENSG00000113739,ENSG00000114200,ENSG00000114251,ENSG00000114541,ENSG00000115414,ENSG00000115461,ENSG00000116183,ENSG00000116299,ENSG00000117525,ENSG00000118503,ENSG00000119655,ENSG00000119699,ENSG00000120306,ENSG00000120332,ENSG00000120659,ENSG00000120885,ENSG00000121966,ENSG00000123146,ENSG00000123609,ENSG00000123610,ENSG00000124466,ENSG00000125538,ENSG00000125730,ENSG00000125848,ENSG00000125851,ENSG00000126458,ENSG00000128340,ENSG00000128606,ENSG00000129422,ENSG00000130164,ENSG00000130203,ENSG00000130303,ENSG00000130635,ENSG00000130707,ENSG00000130768,ENSG00000130962,ENSG00000132000,ENSG00000132386,ENSG00000134013,ENSG00000134121,ENSG00000135048,ENSG00000135253,ENSG00000135406,ENSG00000135919,ENSG00000135926,ENSG00000137077,ENSG00000138119,ENSG00000138772,ENSG00000139117,ENSG00000139219,ENSG00000139269,ENSG00000139329,ENSG00000139549,ENSG00000140279,ENSG00000140285,ENSG00000140675,ENSG00000141337,ENSG00000141668,ENSG00000142173,ENSG00000143320,ENSG00000143416,ENSG00000143816,ENSG00000143839,ENSG00000143869,ENSG00000146006,ENSG00000147065,ENSG00000147869,ENSG00000148175,ENSG00000149131,ENSG00000150281,ENSG00000152377,ENSG00000153029,ENSG00000153707,ENSG00000153993,ENSG00000154133,ENSG00000154175,ENSG00000154928,ENSG00000156042,ENSG00000156535,ENSG00000157087,ENSG00000157404,ENSG00000158270,ENSG00000158525,ENSG00000159674,ENSG00000160111,ENSG00000160161,ENSG00000160223,ENSG00000160349,ENSG00000162344,ENSG00000162576,ENSG00000162745,ENSG00000162951,ENSG00000162998,ENSG00000163191,ENSG00000163273,ENSG00000163359,ENSG00000163377,ENSG00000163430,ENSG00000164176,ENSG00000164326,ENSG00000164342,ENSG00000164692,ENSG00000165140,ENSG00000165197,ENSG00000165973,ENSG00000166106,ENSG00000166482,ENSG00000166825,ENSG00000166863,ENSG00000166923,ENSG00000167588,ENSG00000168542,ENSG00000168899,ENSG00000168938,ENSG00000169245,ENSG00000169248,ENSG00000169429,ENSG00000169436,ENSG00000169583,ENSG00000170099,ENSG00000170442,ENSG00000170891,ENSG00000171812,ENSG00000171819,ENSG00000172236,ENSG00000172247,ENSG00000172638,ENSG00000172987,ENSG00000173376,ENSG00000173930,ENSG00000174348,ENSG00000174807,ENSG00000175426,ENSG00000175505,ENSG00000177706,ENSG00000179431,ENSG00000179954,ENSG00000180875,ENSG00000181744,ENSG00000182492,ENSG00000182771,ENSG00000182871,ENSG00000184254,ENSG00000184313,ENSG00000184613,ENSG00000185664,ENSG00000185924,ENSG00000186417,ENSG00000186897,ENSG00000188162,ENSG00000188783,ENSG00000189292,ENSG00000189409,ENSG00000196154,ENSG00000196187,ENSG00000196549,ENSG00000196562,ENSG00000197093,ENSG00000197253,ENSG00000197747,ENSG00000197766,ENSG00000198125,ENSG00000198959,ENSG00000204248,ENSG00000204592,ENSG00000213171,ENSG00000219438,ENSG00000224389,ENSG00000232810,ENSG00000237412,ENSG00000240583,ENSG00000244414,ENSG00000244731,ENSG00000255690,ENSG00000266524,ENSG00000271447,ENSG00000271503"
"GO:CC","extracellular matrix","GO:0031012","false","8.225244342953826e-23","22.08485119183144","244","792","65","14387","ENSG00000038427,ENSG00000041982,ENSG00000049323,ENSG00000074527,ENSG00000080573,ENSG00000087116,ENSG00000087303,ENSG00000090530,ENSG00000091128,ENSG00000091986,ENSG00000099953,ENSG00000100985,ENSG00000102265,ENSG00000102996,ENSG00000105329,ENSG00000106538,ENSG00000108821,ENSG00000114251,ENSG00000115414,ENSG00000120332,ENSG00000125848,ENSG00000128606,ENSG00000130203,ENSG00000130635,ENSG00000132000,ENSG00000132386,ENSG00000132561,ENSG00000134013,ENSG00000139219,ENSG00000139329,ENSG00000142173,ENSG00000143382,ENSG00000152377,ENSG00000154175,ENSG00000159674,ENSG00000162745,ENSG00000162951,ENSG00000163359,ENSG00000164342,ENSG00000164692,ENSG00000164946,ENSG00000166106,ENSG00000166482,ENSG00000168542,ENSG00000169436,ENSG00000169583,ENSG00000171812,ENSG00000172638,ENSG00000172987,ENSG00000173376,ENSG00000174807,ENSG00000179954,ENSG00000182492,ENSG00000182871,ENSG00000185761,ENSG00000185924,ENSG00000188162,ENSG00000188783,ENSG00000189409,ENSG00000196611,ENSG00000198959,ENSG00000204248,ENSG00000213171,ENSG00000255690,ENSG00000271447"
"GO:CC","external encapsulating structure","GO:0030312","false","8.225244342953826e-23","22.08485119183144","244","792","65","14387","ENSG00000038427,ENSG00000041982,ENSG00000049323,ENSG00000074527,ENSG00000080573,ENSG00000087116,ENSG00000087303,ENSG00000090530,ENSG00000091128,ENSG00000091986,ENSG00000099953,ENSG00000100985,ENSG00000102265,ENSG00000102996,ENSG00000105329,ENSG00000106538,ENSG00000108821,ENSG00000114251,ENSG00000115414,ENSG00000120332,ENSG00000125848,ENSG00000128606,ENSG00000130203,ENSG00000130635,ENSG00000132000,ENSG00000132386,ENSG00000132561,ENSG00000134013,ENSG00000139219,ENSG00000139329,ENSG00000142173,ENSG00000143382,ENSG00000152377,ENSG00000154175,ENSG00000159674,ENSG00000162745,ENSG00000162951,ENSG00000163359,ENSG00000164342,ENSG00000164692,ENSG00000164946,ENSG00000166106,ENSG00000166482,ENSG00000168542,ENSG00000169436,ENSG00000169583,ENSG00000171812,ENSG00000172638,ENSG00000172987,ENSG00000173376,ENSG00000174807,ENSG00000179954,ENSG00000182492,ENSG00000182871,ENSG00000185761,ENSG00000185924,ENSG00000188162,ENSG00000188783,ENSG00000189409,ENSG00000196611,ENSG00000198959,ENSG00000204248,ENSG00000213171,ENSG00000255690,ENSG00000271447"
"GO:CC","plasma membrane","GO:0005886","false","2.5732117179434114e-14","13.589524479568198","3741","792","317","14387","ENSG00000001617,ENSG00000002586,ENSG00000006016,ENSG00000006071,ENSG00000006534,ENSG00000006611,ENSG00000007171,ENSG00000008118,ENSG00000008394,ENSG00000009694,ENSG00000010671,ENSG00000012223,ENSG00000013588,ENSG00000014257,ENSG00000018408,ENSG00000021645,ENSG00000021826,ENSG00000042286,ENSG00000049249,ENSG00000063127,ENSG00000064300,ENSG00000064692,ENSG00000064989,ENSG00000066468,ENSG00000067182,ENSG00000069431,ENSG00000070601,ENSG00000071967,ENSG00000074527,ENSG00000074771,ENSG00000074966,ENSG00000075213,ENSG00000075275,ENSG00000075651,ENSG00000076944,ENSG00000077238,ENSG00000078098,ENSG00000079841,ENSG00000080709,ENSG00000080854,ENSG00000082397,ENSG00000083454,ENSG00000083857,ENSG00000087303,ENSG00000089169,ENSG00000090932,ENSG00000091129,ENSG00000091409,ENSG00000092421,ENSG00000100302,ENSG00000100314,ENSG00000101000,ENSG00000101292,ENSG00000101463,ENSG00000102996,ENSG00000103154,ENSG00000103528,ENSG00000103546,ENSG00000103569,ENSG00000104332,ENSG00000104518,ENSG00000104894,ENSG00000104951,ENSG00000105329,ENSG00000105427,ENSG00000105464,ENSG00000106991,ENSG00000107147,ENSG00000107282,ENSG00000108932,ENSG00000110195,ENSG00000110719,ENSG00000111087,ENSG00000111199,ENSG00000111339,ENSG00000112038,ENSG00000112164,ENSG00000113763,ENSG00000113805,ENSG00000114200,ENSG00000114251,ENSG00000114805,ENSG00000115353,ENSG00000115414,ENSG00000116183,ENSG00000116299,ENSG00000116678,ENSG00000117525,ENSG00000119699,ENSG00000120306,ENSG00000120645,ENSG00000120658,ENSG00000120659,ENSG00000121904,ENSG00000121966,ENSG00000122679,ENSG00000123146,ENSG00000123892,ENSG00000124466,ENSG00000125384,ENSG00000125730,ENSG00000125848,ENSG00000126458,ENSG00000127418,ENSG00000128052,ENSG00000128340,ENSG00000128594,ENSG00000129159,ENSG00000129422,ENSG00000130164,ENSG00000130203,ENSG00000130303,ENSG00000130433,ENSG00000130529,ENSG00000130768,ENSG00000130962,ENSG00000131389,ENSG00000131634,ENSG00000132164,ENSG00000132677,ENSG00000133958,ENSG00000134121,ENSG00000135048,ENSG00000135406,ENSG00000135902,ENSG00000135926,ENSG00000136160,ENSG00000136546,ENSG00000137491,ENSG00000137693,ENSG00000138119,ENSG00000138162,ENSG00000138650,ENSG00000138772,ENSG00000139117,ENSG00000139155,ENSG00000139549,ENSG00000140279,ENSG00000140675,ENSG00000141526,ENSG00000142089,ENSG00000142173,ENSG00000142227,ENSG00000143036,ENSG00000143839,ENSG00000144476,ENSG00000144596,ENSG00000144824,ENSG00000145012,ENSG00000145103,ENSG00000145451,ENSG00000145623,ENSG00000146006,ENSG00000146376,ENSG00000146411,ENSG00000147065,ENSG00000147606,ENSG00000148053,ENSG00000148175,ENSG00000148908,ENSG00000149488,ENSG00000149527,ENSG00000149809,ENSG00000150594,ENSG00000152049,ENSG00000152527,ENSG00000152661,ENSG00000152894,ENSG00000153029,ENSG00000153707,ENSG00000153993,ENSG00000154133,ENSG00000154654,ENSG00000154928,ENSG00000155849,ENSG00000155886,ENSG00000155897,ENSG00000155926,ENSG00000155974,ENSG00000156535,ENSG00000156564,ENSG00000156687,ENSG00000157087,ENSG00000157103,ENSG00000157404,ENSG00000158014,ENSG00000158156,ENSG00000158220,ENSG00000158270,ENSG00000160013,ENSG00000160111,ENSG00000160179,ENSG00000160223,ENSG00000161681,ENSG00000161835,ENSG00000162105,ENSG00000162496,ENSG00000162576,ENSG00000162595,ENSG00000162614,ENSG00000162894,ENSG00000162951,ENSG00000163219,ENSG00000163394,ENSG00000163513,ENSG00000164082,ENSG00000164342,ENSG00000164509,ENSG00000164674,ENSG00000165194,ENSG00000165323,ENSG00000165646,ENSG00000165757,ENSG00000165917,ENSG00000165970,ENSG00000165995,ENSG00000166206,ENSG00000166292,ENSG00000166592,ENSG00000166825,ENSG00000166862,ENSG00000167608,ENSG00000167664,ENSG00000167964,ENSG00000168412,ENSG00000168418,ENSG00000168497,ENSG00000168539,ENSG00000168679,ENSG00000168899,ENSG00000169245,ENSG00000169247,ENSG00000169302,ENSG00000169427,ENSG00000169583,ENSG00000169860,ENSG00000169891,ENSG00000169908,ENSG00000170091,ENSG00000170775,ENSG00000171303,ENSG00000171551,ENSG00000171631,ENSG00000172987,ENSG00000173040,ENSG00000173662,ENSG00000173930,ENSG00000174807,ENSG00000175497,ENSG00000176884,ENSG00000177272,ENSG00000177301,ENSG00000177469,ENSG00000179242,ENSG00000179399,ENSG00000179546,ENSG00000180447,ENSG00000180720,ENSG00000180739,ENSG00000180772,ENSG00000181072,ENSG00000181656,ENSG00000182489,ENSG00000182492,ENSG00000182771,ENSG00000183098,ENSG00000183853,ENSG00000184564,ENSG00000185101,ENSG00000185201,ENSG00000185291,ENSG00000185561,ENSG00000185664,ENSG00000185760,ENSG00000185924,ENSG00000186417,ENSG00000186827,ENSG00000187323,ENSG00000187486,ENSG00000188015,ENSG00000188158,ENSG00000188162,ENSG00000188833,ENSG00000189292,ENSG00000196187,ENSG00000196277,ENSG00000196549,ENSG00000196562,ENSG00000196664,ENSG00000197321,ENSG00000197496,ENSG00000197747,ENSG00000197971,ENSG00000198121,ENSG00000198515,ENSG00000198576,ENSG00000198626,ENSG00000198719,ENSG00000198768,ENSG00000198835,ENSG00000198915,ENSG00000198959,ENSG00000203772,ENSG00000204592,ENSG00000204711,ENSG00000205795,ENSG00000213694,ENSG00000221866,ENSG00000224389,ENSG00000226887,ENSG00000232810,ENSG00000240583,ENSG00000243364,ENSG00000243566,ENSG00000244731,ENSG00000255346,ENSG00000274588"
"GO:CC","cell surface","GO:0009986","true","3.3619135393360805e-10","9.473413459805554","527","792","76","14387","ENSG00000006016,ENSG00000012223,ENSG00000049249,ENSG00000064300,ENSG00000066468,ENSG00000067182,ENSG00000077238,ENSG00000078098,ENSG00000080709,ENSG00000091129,ENSG00000091409,ENSG00000101000,ENSG00000101955,ENSG00000103546,ENSG00000104332,ENSG00000105329,ENSG00000106991,ENSG00000110195,ENSG00000111199,ENSG00000114251,ENSG00000115353,ENSG00000116678,ENSG00000117525,ENSG00000120332,ENSG00000120658,ENSG00000120885,ENSG00000121966,ENSG00000122679,ENSG00000125730,ENSG00000128052,ENSG00000129159,ENSG00000130164,ENSG00000130303,ENSG00000140279,ENSG00000144476,ENSG00000145623,ENSG00000147065,ENSG00000152894,ENSG00000153029,ENSG00000156535,ENSG00000156564,ENSG00000156687,ENSG00000157103,ENSG00000157404,ENSG00000160179,ENSG00000160223,ENSG00000162576,ENSG00000163513,ENSG00000164509,ENSG00000166106,ENSG00000166825,ENSG00000166862,ENSG00000166923,ENSG00000168899,ENSG00000169245,ENSG00000169860,ENSG00000170775,ENSG00000174807,ENSG00000176884,ENSG00000179399,ENSG00000182492,ENSG00000183098,ENSG00000184564,ENSG00000185291,ENSG00000185924,ENSG00000186417,ENSG00000186827,ENSG00000187323,ENSG00000196549,ENSG00000196562,ENSG00000197747,ENSG00000197971,ENSG00000198121,ENSG00000204381,ENSG00000204592,ENSG00000232810"
"GO:CC","synaptic membrane","GO:0097060","false","0.0000015405830761004453","5.812314877341076","335","792","51","14387","ENSG00000006071,ENSG00000021645,ENSG00000064692,ENSG00000079841,ENSG00000080854,ENSG00000089169,ENSG00000091129,ENSG00000101463,ENSG00000103546,ENSG00000105464,ENSG00000107282,ENSG00000115353,ENSG00000120645,ENSG00000121904,ENSG00000125848,ENSG00000128594,ENSG00000129159,ENSG00000131389,ENSG00000132164,ENSG00000135902,ENSG00000138650,ENSG00000145451,ENSG00000146006,ENSG00000150594,ENSG00000153707,ENSG00000154654,ENSG00000155897,ENSG00000155974,ENSG00000156564,ENSG00000157087,ENSG00000161681,ENSG00000161835,ENSG00000162105,ENSG00000162951,ENSG00000164082,ENSG00000164509,ENSG00000165917,ENSG00000166206,ENSG00000166862,ENSG00000168539,ENSG00000169860,ENSG00000170091,ENSG00000176884,ENSG00000177301,ENSG00000180720,ENSG00000181072,ENSG00000182771,ENSG00000187323,ENSG00000196277,ENSG00000198121,ENSG00000198576"
"GO:CC","postsynaptic membrane","GO:0045211","false","0.0000019162892178754915","5.71753894397964","235","792","41","14387","ENSG00000080854,ENSG00000089169,ENSG00000091129,ENSG00000101463,ENSG00000105464,ENSG00000115353,ENSG00000120645,ENSG00000121904,ENSG00000125848,ENSG00000128594,ENSG00000129159,ENSG00000131389,ENSG00000132164,ENSG00000135902,ENSG00000138650,ENSG00000145451,ENSG00000146006,ENSG00000150594,ENSG00000155974,ENSG00000156564,ENSG00000157087,ENSG00000161681,ENSG00000161835,ENSG00000162105,ENSG00000162951,ENSG00000164082,ENSG00000165917,ENSG00000166206,ENSG00000166862,ENSG00000168539,ENSG00000169860,ENSG00000170091,ENSG00000176884,ENSG00000177301,ENSG00000180720,ENSG00000181072,ENSG00000182771,ENSG00000187323,ENSG00000196277,ENSG00000198121,ENSG00000198576"
"GO:CC","interstitial matrix","GO:0005614","false","0.000002787586989095738","5.554771571192286","44","792","17","14387","ENSG00000041982,ENSG00000049323,ENSG00000080573,ENSG00000091986,ENSG00000108821,ENSG00000120332,ENSG00000130635,ENSG00000132561,ENSG00000139219,ENSG00000139329,ENSG00000143382,ENSG00000154175,ENSG00000164692,ENSG00000166482,ENSG00000168542,ENSG00000172638,ENSG00000204248"
"GO:CC","endoplasmic reticulum lumen","GO:0005788","true","0.000006436046233323958","5.191380844808347","244","792","41","14387","ENSG00000006756,ENSG00000038427,ENSG00000041982,ENSG00000049323,ENSG00000070404,ENSG00000073756,ENSG00000078401,ENSG00000080573,ENSG00000090530,ENSG00000102265,ENSG00000108821,ENSG00000113739,ENSG00000114200,ENSG00000114251,ENSG00000115414,ENSG00000115461,ENSG00000120885,ENSG00000125730,ENSG00000130203,ENSG00000130635,ENSG00000139055,ENSG00000139219,ENSG00000141337,ENSG00000142173,ENSG00000143382,ENSG00000149131,ENSG00000162576,ENSG00000163359,ENSG00000163430,ENSG00000164294,ENSG00000164692,ENSG00000168542,ENSG00000169436,ENSG00000171812,ENSG00000177706,ENSG00000182871,ENSG00000186417,ENSG00000198113,ENSG00000204248,ENSG00000244731,ENSG00000248109"
"GO:CC","solid phase of interstitial matrix","GO:0140151","false","0.00019551175645434387","3.7088271226172904","37","792","14","14387","ENSG00000041982,ENSG00000049323,ENSG00000080573,ENSG00000108821,ENSG00000120332,ENSG00000130635,ENSG00000132561,ENSG00000139219,ENSG00000139329,ENSG00000164692,ENSG00000166482,ENSG00000168542,ENSG00000172638,ENSG00000204248"
"GO:CC","somatodendritic compartment","GO:0036477","true","0.00033380812696359496","3.4765030941023123","684","792","75","14387","ENSG00000064300,ENSG00000064692,ENSG00000080709,ENSG00000089169,ENSG00000099260,ENSG00000100095,ENSG00000101463,ENSG00000103154,ENSG00000103490,ENSG00000103546,ENSG00000104327,ENSG00000105329,ENSG00000107282,ENSG00000108231,ENSG00000112038,ENSG00000113763,ENSG00000115252,ENSG00000115353,ENSG00000116852,ENSG00000120332,ENSG00000120885,ENSG00000128594,ENSG00000129159,ENSG00000130164,ENSG00000130203,ENSG00000130529,ENSG00000130707,ENSG00000131389,ENSG00000132386,ENSG00000134121,ENSG00000135406,ENSG00000139352,ENSG00000145451,ENSG00000145920,ENSG00000148053,ENSG00000150594,ENSG00000154678,ENSG00000154928,ENSG00000155897,ENSG00000155974,ENSG00000157087,ENSG00000157103,ENSG00000161681,ENSG00000162105,ENSG00000162670,ENSG00000164082,ENSG00000165323,ENSG00000165646,ENSG00000166206,ENSG00000166292,ENSG00000166862,ENSG00000168539,ENSG00000169427,ENSG00000169860,ENSG00000170091,ENSG00000170775,ENSG00000173805,ENSG00000176884,ENSG00000177301,ENSG00000179546,ENSG00000180720,ENSG00000181072,ENSG00000182636,ENSG00000182771,ENSG00000183853,ENSG00000185924,ENSG00000196277,ENSG00000196549,ENSG00000197971,ENSG00000198121,ENSG00000198576,ENSG00000198797,ENSG00000224389,ENSG00000232810,ENSG00000244731"
"GO:CC","fibrillar collagen complex","GO:0098643","false","0.0005797594170960026","3.236752188339628","11","792","8","14387","ENSG00000080573,ENSG00000108821,ENSG00000130635,ENSG00000139219,ENSG00000139329,ENSG00000164692,ENSG00000168542,ENSG00000204248"
"GO:CC","fibrillar collagen trimer","GO:0005583","false","0.0005797594170960026","3.236752188339628","11","792","8","14387","ENSG00000080573,ENSG00000108821,ENSG00000130635,ENSG00000139219,ENSG00000139329,ENSG00000164692,ENSG00000168542,ENSG00000204248"
"GO:CC","collagen trimer","GO:0005581","false","0.0006837153206235916","3.165124688364205","60","792","17","14387","ENSG00000080573,ENSG00000102265,ENSG00000108821,ENSG00000130635,ENSG00000139219,ENSG00000139329,ENSG00000142173,ENSG00000158270,ENSG00000163359,ENSG00000164692,ENSG00000168542,ENSG00000169436,ENSG00000171812,ENSG00000182871,ENSG00000186417,ENSG00000186897,ENSG00000204248"
"GO:CC","plasma membrane region","GO:0098590","false","0.0007845363969105247","3.1053869034336694","952","792","94","14387","ENSG00000006071,ENSG00000021645,ENSG00000064692,ENSG00000071967,ENSG00000075651,ENSG00000078098,ENSG00000079841,ENSG00000080854,ENSG00000082397,ENSG00000089169,ENSG00000091129,ENSG00000101463,ENSG00000103546,ENSG00000103569,ENSG00000105464,ENSG00000107282,ENSG00000108932,ENSG00000110195,ENSG00000110719,ENSG00000111199,ENSG00000113763,ENSG00000115353,ENSG00000115414,ENSG00000116183,ENSG00000116678,ENSG00000120645,ENSG00000121904,ENSG00000125848,ENSG00000128594,ENSG00000129159,ENSG00000130164,ENSG00000130303,ENSG00000131389,ENSG00000132164,ENSG00000132677,ENSG00000135902,ENSG00000137491,ENSG00000138119,ENSG00000138650,ENSG00000139155,ENSG00000140279,ENSG00000140675,ENSG00000141526,ENSG00000145451,ENSG00000145623,ENSG00000146006,ENSG00000147065,ENSG00000147606,ENSG00000150594,ENSG00000152049,ENSG00000152661,ENSG00000153707,ENSG00000154654,ENSG00000155897,ENSG00000155974,ENSG00000156564,ENSG00000157087,ENSG00000161681,ENSG00000161835,ENSG00000162105,ENSG00000162496,ENSG00000162576,ENSG00000162951,ENSG00000163513,ENSG00000164082,ENSG00000164509,ENSG00000165757,ENSG00000165917,ENSG00000166206,ENSG00000166862,ENSG00000168497,ENSG00000168539,ENSG00000169860,ENSG00000170091,ENSG00000173040,ENSG00000173930,ENSG00000176884,ENSG00000177301,ENSG00000177469,ENSG00000180720,ENSG00000181072,ENSG00000181656,ENSG00000182771,ENSG00000187323,ENSG00000188158,ENSG00000188162,ENSG00000196277,ENSG00000197321,ENSG00000198121,ENSG00000198515,ENSG00000198576,ENSG00000198719,ENSG00000205795,ENSG00000240583"
"GO:CC","neuron projection","GO:0043005","true","0.005231297747955421","2.28139056068103","1089","792","101","14387","ENSG00000006611,ENSG00000009694,ENSG00000038427,ENSG00000064300,ENSG00000073756,ENSG00000075213,ENSG00000080709,ENSG00000080854,ENSG00000082397,ENSG00000089169,ENSG00000091129,ENSG00000092421,ENSG00000095303,ENSG00000099260,ENSG00000101463,ENSG00000103154,ENSG00000103546,ENSG00000104327,ENSG00000104892,ENSG00000105329,ENSG00000107282,ENSG00000108231,ENSG00000111199,ENSG00000112038,ENSG00000112530,ENSG00000113763,ENSG00000113805,ENSG00000115353,ENSG00000116852,ENSG00000120332,ENSG00000120885,ENSG00000125848,ENSG00000125851,ENSG00000128594,ENSG00000129159,ENSG00000130203,ENSG00000130707,ENSG00000131389,ENSG00000132386,ENSG00000134121,ENSG00000135406,ENSG00000135902,ENSG00000137463,ENSG00000139287,ENSG00000144488,ENSG00000145451,ENSG00000145920,ENSG00000148053,ENSG00000149488,ENSG00000150594,ENSG00000152377,ENSG00000154133,ENSG00000154654,ENSG00000154928,ENSG00000155897,ENSG00000155974,ENSG00000157087,ENSG00000157103,ENSG00000161681,ENSG00000162105,ENSG00000162496,ENSG00000162614,ENSG00000162670,ENSG00000162951,ENSG00000164082,ENSG00000164509,ENSG00000165323,ENSG00000165646,ENSG00000166206,ENSG00000166862,ENSG00000167664,ENSG00000168539,ENSG00000169427,ENSG00000169860,ENSG00000170091,ENSG00000170775,ENSG00000173805,ENSG00000174672,ENSG00000175426,ENSG00000176884,ENSG00000177272,ENSG00000177301,ENSG00000179546,ENSG00000180720,ENSG00000181072,ENSG00000182771,ENSG00000183853,ENSG00000185345,ENSG00000186367,ENSG00000186417,ENSG00000187323,ENSG00000196277,ENSG00000196549,ENSG00000197971,ENSG00000198121,ENSG00000198515,ENSG00000198576,ENSG00000198797,ENSG00000224389,ENSG00000240583,ENSG00000244731"
"GO:CC","basement membrane","GO:0005604","false","0.010211913551667028","1.9908928703457438","79","792","18","14387","ENSG00000041982,ENSG00000074527,ENSG00000087303,ENSG00000090530,ENSG00000091128,ENSG00000091986,ENSG00000102265,ENSG00000115414,ENSG00000130635,ENSG00000132386,ENSG00000132561,ENSG00000134013,ENSG00000139219,ENSG00000164946,ENSG00000169436,ENSG00000171812,ENSG00000172638,ENSG00000182871"
"GO:CC","cell junction","GO:0030054","true","0.010547236274517322","1.9768613250078284","1986","792","160","14387","ENSG00000001617,ENSG00000002586,ENSG00000006071,ENSG00000006611,ENSG00000011028,ENSG00000018408,ENSG00000021645,ENSG00000038427,ENSG00000041982,ENSG00000064300,ENSG00000064666,ENSG00000064692,ENSG00000066468,ENSG00000075213,ENSG00000075651,ENSG00000076944,ENSG00000078098,ENSG00000079841,ENSG00000080709,ENSG00000080854,ENSG00000082397,ENSG00000083454,ENSG00000083857,ENSG00000089169,ENSG00000091129,ENSG00000091409,ENSG00000099260,ENSG00000100302,ENSG00000101000,ENSG00000101463,ENSG00000101489,ENSG00000103154,ENSG00000103528,ENSG00000103546,ENSG00000104327,ENSG00000105464,ENSG00000106991,ENSG00000107282,ENSG00000108231,ENSG00000111199,ENSG00000112038,ENSG00000112137,ENSG00000114251,ENSG00000114541,ENSG00000115353,ENSG00000120332,ENSG00000120645,ENSG00000120885,ENSG00000121440,ENSG00000121904,ENSG00000121966,ENSG00000123146,ENSG00000125848,ENSG00000126458,ENSG00000126562,ENSG00000127418,ENSG00000128052,ENSG00000128340,ENSG00000128594,ENSG00000128849,ENSG00000129159,ENSG00000130203,ENSG00000131389,ENSG00000131634,ENSG00000132164,ENSG00000135902,ENSG00000135919,ENSG00000137693,ENSG00000137699,ENSG00000138119,ENSG00000138650,ENSG00000140279,ENSG00000140285,ENSG00000141668,ENSG00000142279,ENSG00000144596,ENSG00000144824,ENSG00000145012,ENSG00000145103,ENSG00000145451,ENSG00000145819,ENSG00000145920,ENSG00000146006,ENSG00000147065,ENSG00000148053,ENSG00000148908,ENSG00000150594,ENSG00000152377,ENSG00000152661,ENSG00000152894,ENSG00000153707,ENSG00000154654,ENSG00000154928,ENSG00000155849,ENSG00000155886,ENSG00000155897,ENSG00000155974,ENSG00000156564,ENSG00000157087,ENSG00000157103,ENSG00000157404,ENSG00000161681,ENSG00000161835,ENSG00000162105,ENSG00000162576,ENSG00000162614,ENSG00000162951,ENSG00000163191,ENSG00000163377,ENSG00000164082,ENSG00000164326,ENSG00000164509,ENSG00000165646,ENSG00000165757,ENSG00000165917,ENSG00000165995,ENSG00000166206,ENSG00000166862,ENSG00000167964,ENSG00000168539,ENSG00000168899,ENSG00000169427,ENSG00000169860,ENSG00000170091,ENSG00000170775,ENSG00000171303,ENSG00000173805,ENSG00000174145,ENSG00000175183,ENSG00000176884,ENSG00000177301,ENSG00000179242,ENSG00000179546,ENSG00000180720,ENSG00000180739,ENSG00000181019,ENSG00000181072,ENSG00000182771,ENSG00000182836,ENSG00000183098,ENSG00000183853,ENSG00000185201,ENSG00000185345,ENSG00000185666,ENSG00000187323,ENSG00000188158,ENSG00000196277,ENSG00000196549,ENSG00000197321,ENSG00000197971,ENSG00000198121,ENSG00000198576,ENSG00000198719,ENSG00000198835,ENSG00000198959,ENSG00000204381,ENSG00000213694,ENSG00000221866,ENSG00000224389,ENSG00000244731"
"GO:CC","blood microparticle","GO:0072562","false","0.01824354369334263","1.7388907988484232","58","792","15","14387","ENSG00000000971,ENSG00000105329,ENSG00000106991,ENSG00000110169,ENSG00000114200,ENSG00000115414,ENSG00000120885,ENSG00000125730,ENSG00000130203,ENSG00000147065,ENSG00000148175,ENSG00000149131,ENSG00000224389,ENSG00000244414,ENSG00000244731"
"GO:CC","collagenous component of interstitial matrix","GO:0140152","false","0.03530114528704295","1.45221120442027","16","792","8","14387","ENSG00000080573,ENSG00000108821,ENSG00000130635,ENSG00000139219,ENSG00000139329,ENSG00000164692,ENSG00000168542,ENSG00000204248"
"KEGG","Cytokine-cytokine receptor interaction","KEGG:04060","false","5.694961848283868e-10","9.244509181002842","125","792","30","14387","ENSG00000049249,ENSG00000064300,ENSG00000067182,ENSG00000077238,ENSG00000081041,ENSG00000105329,ENSG00000108688,ENSG00000108691,ENSG00000108700,ENSG00000116678,ENSG00000119699,ENSG00000120659,ENSG00000121966,ENSG00000125538,ENSG00000137077,ENSG00000139269,ENSG00000143869,ENSG00000144476,ENSG00000145623,ENSG00000150281,ENSG00000163513,ENSG00000164509,ENSG00000169245,ENSG00000169248,ENSG00000169429,ENSG00000175505,ENSG00000186827,ENSG00000232810,ENSG00000266524,ENSG00000271503"
"KEGG","Neuroactive ligand-receptor interaction","KEGG:04080","false","4.750776000842077e-8","7.323235446089238","184","792","34","14387","ENSG00000064989,ENSG00000078401,ENSG00000083454,ENSG00000104826,ENSG00000105464,ENSG00000112038,ENSG00000112164,ENSG00000115353,ENSG00000116678,ENSG00000125384,ENSG00000125730,ENSG00000135902,ENSG00000136160,ENSG00000145451,ENSG00000150594,ENSG00000160013,ENSG00000163394,ENSG00000164082,ENSG00000166206,ENSG00000166863,ENSG00000168412,ENSG00000168539,ENSG00000169860,ENSG00000171631,ENSG00000176884,ENSG00000179546,ENSG00000180720,ENSG00000180739,ENSG00000180772,ENSG00000181072,ENSG00000182771,ENSG00000196277,ENSG00000198121,ENSG00000213694"
"KEGG","Viral protein interaction with cytokine and cytokine receptor","KEGG:04061","false","3.989076646659847e-7","6.399127619016901","31","792","13","14387","ENSG00000067182,ENSG00000081041,ENSG00000108688,ENSG00000108691,ENSG00000108700,ENSG00000121966,ENSG00000137077,ENSG00000144476,ENSG00000169245,ENSG00000169248,ENSG00000169429,ENSG00000232810,ENSG00000271503"
"KEGG","Neuroactive ligand signaling","KEGG:04082","false","0.00005605710901833804","4.251369303467596","128","792","23","14387","ENSG00000083454,ENSG00000103546,ENSG00000105464,ENSG00000112038,ENSG00000115353,ENSG00000132164,ENSG00000145451,ENSG00000150594,ENSG00000155897,ENSG00000157103,ENSG00000164082,ENSG00000165646,ENSG00000165970,ENSG00000166206,ENSG00000166863,ENSG00000168539,ENSG00000169860,ENSG00000171631,ENSG00000176884,ENSG00000179546,ENSG00000180720,ENSG00000181072,ENSG00000196277"
"KEGG","Calcium signaling pathway","KEGG:04020","false","0.00021532016179344902","3.6669153025235626","179","792","27","14387","ENSG00000007171,ENSG00000008118,ENSG00000019991,ENSG00000066468,ENSG00000078579,ENSG00000083454,ENSG00000105464,ENSG00000115252,ENSG00000115353,ENSG00000121966,ENSG00000128052,ENSG00000136160,ENSG00000140285,ENSG00000140795,ENSG00000143772,ENSG00000148053,ENSG00000154678,ENSG00000155897,ENSG00000157087,ENSG00000162344,ENSG00000163394,ENSG00000165197,ENSG00000168539,ENSG00000176884,ENSG00000181072,ENSG00000198523,ENSG00000198626"
"KEGG","Protein digestion and absorption","KEGG:04974","false","0.0004280792092788963","3.3684758642346266","60","792","14","14387","ENSG00000080573,ENSG00000091704,ENSG00000108821,ENSG00000130635,ENSG00000139219,ENSG00000142173,ENSG00000163359,ENSG00000164692,ENSG00000168542,ENSG00000169436,ENSG00000171812,ENSG00000182871,ENSG00000196549,ENSG00000204248"
"KEGG","TGF-beta signaling pathway","KEGG:04350","false","0.0008765477651315541","3.0572244132064066","90","792","17","14387","ENSG00000011465,ENSG00000049323,ENSG00000105329,ENSG00000115738,ENSG00000117318,ENSG00000119699,ENSG00000125968,ENSG00000136997,ENSG00000139269,ENSG00000142227,ENSG00000143869,ENSG00000147255,ENSG00000163513,ENSG00000166923,ENSG00000172201,ENSG00000180875,ENSG00000232810"
"KEGG","Pathways in cancer","KEGG:05200","false","0.002248400937296724","2.6481262423335963","424","792","45","14387","ENSG00000007171,ENSG00000008394,ENSG00000019991,ENSG00000023445,ENSG00000056558,ENSG00000066468,ENSG00000073756,ENSG00000075651,ENSG00000077092,ENSG00000077238,ENSG00000078401,ENSG00000078579,ENSG00000085276,ENSG00000090932,ENSG00000091128,ENSG00000091409,ENSG00000100985,ENSG00000105329,ENSG00000111087,ENSG00000114251,ENSG00000115414,ENSG00000119699,ENSG00000121966,ENSG00000125384,ENSG00000128340,ENSG00000132170,ENSG00000136160,ENSG00000136997,ENSG00000138795,ENSG00000140285,ENSG00000143816,ENSG00000150907,ENSG00000152284,ENSG00000155897,ENSG00000157404,ENSG00000162344,ENSG00000163513,ENSG00000165197,ENSG00000169429,ENSG00000181019,ENSG00000187098,ENSG00000187323,ENSG00000196611,ENSG00000198121,ENSG00000198719"
"KEGG","Complement and coagulation cascades","KEGG:04610","false","0.002379549051187349","2.6235053383792257","44","792","11","14387","ENSG00000000971,ENSG00000101000,ENSG00000117525,ENSG00000120885,ENSG00000125730,ENSG00000135919,ENSG00000149131,ENSG00000197766,ENSG00000224389,ENSG00000244414,ENSG00000244731"
"KEGG","AGE-RAGE signaling pathway in diabetic complications","KEGG:04933","false","0.009143417912874638","2.0388914297336336","87","792","15","14387","ENSG00000078401,ENSG00000105329,ENSG00000108691,ENSG00000108821,ENSG00000115414,ENSG00000117525,ENSG00000119699,ENSG00000125538,ENSG00000150907,ENSG00000163513,ENSG00000164692,ENSG00000165197,ENSG00000168542,ENSG00000169429,ENSG00000232810"
"KEGG","Rheumatoid arthritis","KEGG:05323","false","0.012522031106436477","1.9023252217027204","52","792","11","14387","ENSG00000081041,ENSG00000105329,ENSG00000108691,ENSG00000110719,ENSG00000119699,ENSG00000120659,ENSG00000125538,ENSG00000169429,ENSG00000196611,ENSG00000232810,ENSG00000271503"
"KEGG","cAMP signaling pathway","KEGG:04024","false","0.027960445891116004","1.5534559070856149","162","792","21","14387","ENSG00000075651,ENSG00000078401,ENSG00000104826,ENSG00000105464,ENSG00000111087,ENSG00000112164,ENSG00000112541,ENSG00000125384,ENSG00000126458,ENSG00000128340,ENSG00000155897,ENSG00000157087,ENSG00000157613,ENSG00000168539,ENSG00000172572,ENSG00000176884,ENSG00000179546,ENSG00000181072,ENSG00000198515,ENSG00000198523,ENSG00000198626"
"KEGG","Amoebiasis","KEGG:05146","false","0.02828321578238498","1.548471213080734","66","792","12","14387","ENSG00000007171,ENSG00000081041,ENSG00000091128,ENSG00000105329,ENSG00000108821,ENSG00000115414,ENSG00000119699,ENSG00000125538,ENSG00000164692,ENSG00000168542,ENSG00000169429,ENSG00000232810"
"KEGG","Malaria","KEGG:05144","false","0.028489502813523564","1.5453151298137804","24","792","7","14387","ENSG00000019991,ENSG00000105329,ENSG00000108691,ENSG00000119699,ENSG00000125538,ENSG00000169429,ENSG00000232810"
"KEGG","KEGG root term","KEGG:00000","false","0.049054448005111495","1.30932160690804","6227","792","389","14387","ENSG00000000971,ENSG00000001617,ENSG00000003137,ENSG00000006071,ENSG00000006534,ENSG00000006611,ENSG00000007171,ENSG00000008118,ENSG00000008311,ENSG00000008394,ENSG00000010671,ENSG00000011028,ENSG00000011465,ENSG00000018408,ENSG00000019991,ENSG00000021645,ENSG00000021762,ENSG00000021826,ENSG00000023445,ENSG00000038427,ENSG00000041982,ENSG00000042286,ENSG00000049249,ENSG00000049323,ENSG00000056558,ENSG00000056998,ENSG00000064300,ENSG00000064692,ENSG00000064989,ENSG00000066468,ENSG00000067182,ENSG00000068976,ENSG00000069431,ENSG00000070540,ENSG00000071967,ENSG00000073756,ENSG00000074211,ENSG00000074527,ENSG00000074966,ENSG00000075213,ENSG00000075275,ENSG00000075643,ENSG00000075651,ENSG00000077092,ENSG00000077238,ENSG00000078114,ENSG00000078401,ENSG00000078579,ENSG00000079841,ENSG00000080573,ENSG00000080709,ENSG00000081041,ENSG00000082397,ENSG00000083454,ENSG00000083857,ENSG00000085276,ENSG00000087303,ENSG00000088002,ENSG00000090932,ENSG00000091128,ENSG00000091129,ENSG00000091409,ENSG00000091592,ENSG00000091704,ENSG00000092421,ENSG00000095303,ENSG00000095596,ENSG00000100196,ENSG00000100504,ENSG00000100626,ENSG00000100979,ENSG00000100985,ENSG00000101000,ENSG00000101282,ENSG00000102265,ENSG00000102996,ENSG00000103490,ENSG00000103546,ENSG00000103569,ENSG00000104327,ENSG00000104332,ENSG00000104518,ENSG00000104826,ENSG00000104892,ENSG00000104894,ENSG00000104951,ENSG00000105329,ENSG00000105464,ENSG00000105880,ENSG00000106733,ENSG00000107165,ENSG00000108688,ENSG00000108691,ENSG00000108700,ENSG00000108771,ENSG00000108821,ENSG00000109956,ENSG00000110195,ENSG00000110719,ENSG00000111087,ENSG00000111199,ENSG00000111348,ENSG00000112038,ENSG00000112164,ENSG00000112541,ENSG00000112893,ENSG00000113763,ENSG00000114251,ENSG00000114805,ENSG00000115252,ENSG00000115353,ENSG00000115414,ENSG00000115738,ENSG00000115896,ENSG00000116678,ENSG00000116852,ENSG00000116981,ENSG00000117318,ENSG00000117525,ENSG00000117594,ENSG00000118503,ENSG00000119403,ENSG00000119508,ENSG00000119655,ENSG00000119699,ENSG00000120332,ENSG00000120645,ENSG00000120659,ENSG00000120885,ENSG00000121966,ENSG00000122679,ENSG00000124788,ENSG00000125384,ENSG00000125538,ENSG00000125730,ENSG00000125968,ENSG00000126458,ENSG00000126562,ENSG00000126778,ENSG00000128052,ENSG00000128340,ENSG00000128594,ENSG00000128849,ENSG00000130164,ENSG00000130203,ENSG00000130303,ENSG00000130433,ENSG00000130529,ENSG00000130635,ENSG00000130649,ENSG00000130707,ENSG00000131459,ENSG00000132164,ENSG00000132170,ENSG00000132256,ENSG00000132386,ENSG00000134508,ENSG00000135111,ENSG00000135116,ENSG00000135406,ENSG00000135697,ENSG00000135902,ENSG00000135919,ENSG00000136160,ENSG00000136546,ENSG00000136997,ENSG00000137077,ENSG00000137198,ENSG00000137491,ENSG00000137693,ENSG00000137962,ENSG00000138100,ENSG00000138650,ENSG00000138735,ENSG00000138795,ENSG00000139155,ENSG00000139219,ENSG00000139269,ENSG00000139287,ENSG00000139329,ENSG00000139410,ENSG00000139549,ENSG00000139629,ENSG00000140279,ENSG00000140285,ENSG00000140795,ENSG00000141337,ENSG00000141526,ENSG00000142173,ENSG00000142227,ENSG00000142279,ENSG00000143036,ENSG00000143416,ENSG00000143772,ENSG00000143816,ENSG00000143839,ENSG00000143869,ENSG00000143995,ENSG00000144476,ENSG00000144596,ENSG00000145451,ENSG00000145623,ENSG00000145920,ENSG00000146233,ENSG00000147065,ENSG00000147119,ENSG00000147255,ENSG00000147606,ENSG00000147869,ENSG00000148053,ENSG00000149131,ENSG00000149212,ENSG00000149488,ENSG00000149527,ENSG00000149809,ENSG00000150281,ENSG00000150457,ENSG00000150594,ENSG00000150907,ENSG00000151360,ENSG00000151790,ENSG00000152284,ENSG00000152402,ENSG00000152661,ENSG00000153707,ENSG00000153993,ENSG00000154133,ENSG00000154654,ENSG00000154678,ENSG00000154928,ENSG00000155849,ENSG00000155897,ENSG00000155974,ENSG00000156509,ENSG00000156687,ENSG00000157087,ENSG00000157103,ENSG00000157404,ENSG00000157613,ENSG00000158022,ENSG00000158156,ENSG00000158270,ENSG00000158560,ENSG00000160013,ENSG00000160179,ENSG00000160223,ENSG00000160224,ENSG00000160471,ENSG00000160883,ENSG00000161681,ENSG00000162105,ENSG00000162344,ENSG00000162496,ENSG00000162576,ENSG00000162630,ENSG00000162998,ENSG00000163191,ENSG00000163273,ENSG00000163359,ENSG00000163394,ENSG00000163513,ENSG00000163637,ENSG00000163793,ENSG00000164082,ENSG00000164294,ENSG00000164342,ENSG00000164509,ENSG00000164692,ENSG00000164946,ENSG00000165140,ENSG00000165194,ENSG00000165197,ENSG00000165323,ENSG00000165646,ENSG00000165970,ENSG00000165995,ENSG00000166206,ENSG00000166349,ENSG00000166816,ENSG00000166825,ENSG00000166862,ENSG00000166863,ENSG00000166923,ENSG00000167588,ENSG00000167608,ENSG00000167641,ENSG00000167767,ENSG00000168306,ENSG00000168412,ENSG00000168539,ENSG00000168542,ENSG00000168899,ENSG00000169245,ENSG00000169248,ENSG00000169427,ENSG00000169429,ENSG00000169436,ENSG00000169860,ENSG00000170442,ENSG00000170608,ENSG00000170775,ENSG00000171303,ENSG00000171631,ENSG00000171812,ENSG00000171848,ENSG00000172201,ENSG00000172236,ENSG00000172572,ENSG00000172987,ENSG00000173040,ENSG00000173662,ENSG00000173805,ENSG00000174740,ENSG00000175183,ENSG00000175505,ENSG00000176383,ENSG00000176884,ENSG00000177301,ENSG00000177465,ENSG00000179242,ENSG00000179546,ENSG00000180447,ENSG00000180720,ENSG00000180739,ENSG00000180772,ENSG00000180875,ENSG00000181019,ENSG00000181072,ENSG00000182022,ENSG00000182492,ENSG00000182771,ENSG00000182871,ENSG00000183722,ENSG00000183778,ENSG00000183853,ENSG00000184254,ENSG00000184564,ENSG00000185101,ENSG00000185345,ENSG00000185650,ENSG00000185760,ENSG00000186197,ENSG00000186417,ENSG00000186529,ENSG00000186827,ENSG00000187098,ENSG00000187323,ENSG00000187486,ENSG00000188015,ENSG00000188833,ENSG00000196092,ENSG00000196154,ENSG00000196277,ENSG00000196542,ENSG00000196549,ENSG00000196611,ENSG00000196664,ENSG00000197253,ENSG00000197747,ENSG00000197766,ENSG00000197769,ENSG00000197971,ENSG00000198121,ENSG00000198515,ENSG00000198523,ENSG00000198576,ENSG00000198626,ENSG00000198682,ENSG00000198719,ENSG00000198768,ENSG00000198879,ENSG00000198959,ENSG00000198963,ENSG00000203797,ENSG00000204248,ENSG00000204592,ENSG00000213694,ENSG00000214960,ENSG00000221866,ENSG00000224389,ENSG00000232810,ENSG00000233608,ENSG00000240583,ENSG00000243364,ENSG00000244414,ENSG00000244731,ENSG00000266524,ENSG00000271503,ENSG00000274588"
"REAC","GPCR ligand binding","REAC:R-HSA-500792","false","2.034003193709241e-11","10.691648369501173","218","792","44","14387","ENSG00000064989,ENSG00000078401,ENSG00000081041,ENSG00000101292,ENSG00000104826,ENSG00000108688,ENSG00000108691,ENSG00000112038,ENSG00000112164,ENSG00000114251,ENSG00000115353,ENSG00000121966,ENSG00000122679,ENSG00000123146,ENSG00000125384,ENSG00000125730,ENSG00000136160,ENSG00000137077,ENSG00000139549,ENSG00000143816,ENSG00000144476,ENSG00000150594,ENSG00000160013,ENSG00000163394,ENSG00000164082,ENSG00000166863,ENSG00000168412,ENSG00000168539,ENSG00000169245,ENSG00000169248,ENSG00000169429,ENSG00000169860,ENSG00000170775,ENSG00000171631,ENSG00000173662,ENSG00000179546,ENSG00000180720,ENSG00000180739,ENSG00000180772,ENSG00000181072,ENSG00000196277,ENSG00000198121,ENSG00000213694,ENSG00000271503"
"REAC","Class A/1 (Rhodopsin-like receptors)","REAC:R-HSA-373076","false","6.35787743215319e-11","10.196687848716405","140","792","34","14387","ENSG00000078401,ENSG00000081041,ENSG00000101292,ENSG00000104826,ENSG00000108688,ENSG00000108691,ENSG00000112038,ENSG00000115353,ENSG00000121966,ENSG00000125384,ENSG00000125730,ENSG00000136160,ENSG00000137077,ENSG00000144476,ENSG00000150594,ENSG00000160013,ENSG00000163394,ENSG00000166863,ENSG00000168412,ENSG00000168539,ENSG00000169245,ENSG00000169248,ENSG00000169429,ENSG00000169860,ENSG00000170775,ENSG00000171631,ENSG00000179546,ENSG00000180720,ENSG00000180739,ENSG00000180772,ENSG00000181072,ENSG00000198121,ENSG00000213694,ENSG00000271503"
"REAC","Extracellular matrix organization","REAC:R-HSA-1474244","false","2.2360457065773522e-7","6.650519323365465","223","792","38","14387","ENSG00000011465,ENSG00000038427,ENSG00000041982,ENSG00000049323,ENSG00000074527,ENSG00000080573,ENSG00000087116,ENSG00000087303,ENSG00000090530,ENSG00000091409,ENSG00000095587,ENSG00000099953,ENSG00000100985,ENSG00000102265,ENSG00000102996,ENSG00000105329,ENSG00000108821,ENSG00000115414,ENSG00000119699,ENSG00000120332,ENSG00000128052,ENSG00000130635,ENSG00000134013,ENSG00000139219,ENSG00000139329,ENSG00000142173,ENSG00000163359,ENSG00000164692,ENSG00000166482,ENSG00000168542,ENSG00000169436,ENSG00000171812,ENSG00000172236,ENSG00000172638,ENSG00000182492,ENSG00000182871,ENSG00000196611,ENSG00000204248"
"REAC","Chemokine receptors bind chemokines","REAC:R-HSA-380108","false","0.0000018152938729433232","5.741053058194544","17","792","10","14387","ENSG00000081041,ENSG00000108688,ENSG00000108691,ENSG00000121966,ENSG00000137077,ENSG00000144476,ENSG00000169245,ENSG00000169248,ENSG00000169429,ENSG00000271503"
"REAC","Peptide ligand-binding receptors","REAC:R-HSA-375276","false","0.0000027030362570129726","5.5681481288795","78","792","20","14387","ENSG00000078401,ENSG00000081041,ENSG00000101292,ENSG00000108688,ENSG00000108691,ENSG00000112038,ENSG00000115353,ENSG00000121966,ENSG00000125730,ENSG00000136160,ENSG00000137077,ENSG00000144476,ENSG00000163394,ENSG00000166863,ENSG00000169245,ENSG00000169248,ENSG00000169429,ENSG00000170775,ENSG00000180772,ENSG00000271503"
"REAC","Signaling by GPCR","REAC:R-HSA-372790","false","0.0000045335990075131135","5.343556895441473","415","792","53","14387","ENSG00000010671,ENSG00000064989,ENSG00000078401,ENSG00000081041,ENSG00000101292,ENSG00000104826,ENSG00000108688,ENSG00000108691,ENSG00000112038,ENSG00000112164,ENSG00000112541,ENSG00000114251,ENSG00000115252,ENSG00000115353,ENSG00000115414,ENSG00000121966,ENSG00000122679,ENSG00000123146,ENSG00000125384,ENSG00000125730,ENSG00000136160,ENSG00000137077,ENSG00000139549,ENSG00000143816,ENSG00000144476,ENSG00000148908,ENSG00000150594,ENSG00000154678,ENSG00000155897,ENSG00000160013,ENSG00000163394,ENSG00000164082,ENSG00000166863,ENSG00000168412,ENSG00000168539,ENSG00000169245,ENSG00000169248,ENSG00000169429,ENSG00000169860,ENSG00000170775,ENSG00000171631,ENSG00000172572,ENSG00000173662,ENSG00000179546,ENSG00000180720,ENSG00000180739,ENSG00000180772,ENSG00000181072,ENSG00000196277,ENSG00000198121,ENSG00000213694,ENSG00000271503,ENSG00000274588"
"REAC","Assembly of collagen fibrils and other multimeric structures","REAC:R-HSA-2022090","false","0.000004550260516220768","5.341963737954264","45","792","15","14387","ENSG00000080573,ENSG00000091409,ENSG00000095587,ENSG00000100985,ENSG00000108821,ENSG00000130635,ENSG00000134013,ENSG00000139219,ENSG00000142173,ENSG00000163359,ENSG00000164692,ENSG00000168542,ENSG00000171812,ENSG00000182871,ENSG00000204248"
"REAC","Collagen degradation","REAC:R-HSA-1442490","false","0.000004550260516220768","5.341963737954264","45","792","15","14387","ENSG00000080573,ENSG00000099953,ENSG00000100985,ENSG00000102996,ENSG00000108821,ENSG00000130635,ENSG00000139219,ENSG00000142173,ENSG00000163359,ENSG00000164692,ENSG00000168542,ENSG00000171812,ENSG00000182871,ENSG00000196611,ENSG00000204248"
"REAC","ECM proteoglycans","REAC:R-HSA-3000178","false","0.000007513355171687819","5.124166080685298","60","792","17","14387","ENSG00000011465,ENSG00000038427,ENSG00000041982,ENSG00000080573,ENSG00000105329,ENSG00000108821,ENSG00000115414,ENSG00000119699,ENSG00000120332,ENSG00000130635,ENSG00000139219,ENSG00000139329,ENSG00000142173,ENSG00000163359,ENSG00000164692,ENSG00000168542,ENSG00000182492"
"REAC","Collagen formation","REAC:R-HSA-1474290","false","0.000011821790960170483","4.9273167243685485","69","792","18","14387","ENSG00000080573,ENSG00000087116,ENSG00000090530,ENSG00000091409,ENSG00000095587,ENSG00000100985,ENSG00000108821,ENSG00000130635,ENSG00000134013,ENSG00000139219,ENSG00000142173,ENSG00000163359,ENSG00000164692,ENSG00000168542,ENSG00000169436,ENSG00000171812,ENSG00000182871,ENSG00000204248"
"REAC","Collagen chain trimerization","REAC:R-HSA-8948216","false","0.000020951838636742373","4.67877785934429","31","792","12","14387","ENSG00000080573,ENSG00000108821,ENSG00000130635,ENSG00000139219,ENSG00000142173,ENSG00000163359,ENSG00000164692,ENSG00000168542,ENSG00000169436,ENSG00000171812,ENSG00000182871,ENSG00000204248"
"REAC","Interleukin-10 signaling","REAC:R-HSA-6783783","false","0.000026896468878713784","4.570304732902851","21","792","10","14387","ENSG00000067182,ENSG00000073756,ENSG00000081041,ENSG00000102265,ENSG00000108691,ENSG00000125538,ENSG00000169245,ENSG00000169429,ENSG00000232810,ENSG00000271503"
"REAC","Collagen biosynthesis and modifying enzymes","REAC:R-HSA-1650814","false","0.000041167646766604094","4.385443957522497","52","792","15","14387","ENSG00000080573,ENSG00000087116,ENSG00000090530,ENSG00000095587,ENSG00000108821,ENSG00000130635,ENSG00000139219,ENSG00000142173,ENSG00000163359,ENSG00000164692,ENSG00000168542,ENSG00000169436,ENSG00000171812,ENSG00000182871,ENSG00000204248"
"REAC","GPCR downstream signalling","REAC:R-HSA-388396","false","0.00004497382710873029","4.347040153982376","372","792","47","14387","ENSG00000010671,ENSG00000064989,ENSG00000078401,ENSG00000081041,ENSG00000101292,ENSG00000104826,ENSG00000112038,ENSG00000112164,ENSG00000112541,ENSG00000115252,ENSG00000115353,ENSG00000115414,ENSG00000121966,ENSG00000122679,ENSG00000125384,ENSG00000125730,ENSG00000136160,ENSG00000137077,ENSG00000144476,ENSG00000148908,ENSG00000150594,ENSG00000154678,ENSG00000155897,ENSG00000160013,ENSG00000163394,ENSG00000164082,ENSG00000166863,ENSG00000168412,ENSG00000168539,ENSG00000169245,ENSG00000169248,ENSG00000169429,ENSG00000169860,ENSG00000170775,ENSG00000171631,ENSG00000172572,ENSG00000173662,ENSG00000179546,ENSG00000180720,ENSG00000180739,ENSG00000180772,ENSG00000181072,ENSG00000196277,ENSG00000198121,ENSG00000213694,ENSG00000271503,ENSG00000274588"
"REAC","Interleukin-4 and Interleukin-13 signaling","REAC:R-HSA-6785807","false","0.0001122188302380992","3.9499342626668374","79","792","18","14387","ENSG00000007171,ENSG00000019991,ENSG00000073756,ENSG00000077238,ENSG00000100985,ENSG00000102265,ENSG00000105329,ENSG00000108691,ENSG00000112038,ENSG00000115414,ENSG00000125538,ENSG00000136997,ENSG00000150907,ENSG00000164692,ENSG00000169429,ENSG00000182636,ENSG00000196611,ENSG00000232810"
"REAC","Degradation of the extracellular matrix","REAC:R-HSA-1474228","false","0.00023183657185899158","3.634818053688509","100","792","20","14387","ENSG00000011465,ENSG00000080573,ENSG00000095587,ENSG00000099953,ENSG00000100985,ENSG00000102265,ENSG00000102996,ENSG00000108821,ENSG00000115414,ENSG00000130635,ENSG00000139219,ENSG00000142173,ENSG00000163359,ENSG00000164692,ENSG00000168542,ENSG00000171812,ENSG00000172236,ENSG00000182871,ENSG00000196611,ENSG00000204248"
"REAC","G alpha (i) signalling events","REAC:R-HSA-418594","false","0.0005989601719871435","3.222602055175435","175","792","27","14387","ENSG00000081041,ENSG00000112038,ENSG00000115252,ENSG00000121966,ENSG00000125730,ENSG00000137077,ENSG00000144476,ENSG00000148908,ENSG00000150594,ENSG00000154678,ENSG00000155897,ENSG00000164082,ENSG00000168412,ENSG00000169245,ENSG00000169248,ENSG00000169429,ENSG00000170775,ENSG00000173662,ENSG00000179546,ENSG00000180720,ENSG00000180739,ENSG00000180772,ENSG00000181072,ENSG00000196277,ENSG00000198121,ENSG00000213694,ENSG00000271503"
"REAC","Integrin cell surface interactions","REAC:R-HSA-216083","false","0.0006358182139071069","3.1966670352667164","63","792","15","14387","ENSG00000041982,ENSG00000080573,ENSG00000091409,ENSG00000108821,ENSG00000115414,ENSG00000128052,ENSG00000130635,ENSG00000139219,ENSG00000139329,ENSG00000142173,ENSG00000163359,ENSG00000164692,ENSG00000168542,ENSG00000171812,ENSG00000182871"
"REAC","MET activates PTK2 signaling","REAC:R-HSA-8874081","false","0.002240483207242535","2.6496583068409776","25","792","9","14387","ENSG00000019991,ENSG00000080573,ENSG00000108821,ENSG00000115414,ENSG00000130635,ENSG00000139219,ENSG00000164692,ENSG00000168542,ENSG00000204248"
"REAC","Regulation of Insulin-like Growth Factor (IGF) transport and uptake by Insulin-like Growth Factor Binding Proteins (IGFBPs)","REAC:R-HSA-381426","false","0.004593540901488145","2.3378524122567237","82","792","16","14387","ENSG00000038427,ENSG00000041982,ENSG00000049323,ENSG00000070404,ENSG00000102265,ENSG00000113739,ENSG00000115414,ENSG00000115461,ENSG00000116183,ENSG00000125730,ENSG00000130203,ENSG00000162576,ENSG00000163430,ENSG00000177706,ENSG00000196611,ENSG00000244731"
"REAC","Syndecan interactions","REAC:R-HSA-3000170","false","0.004652322564929416","2.3323301814516846","27","792","9","14387","ENSG00000041982,ENSG00000080573,ENSG00000091409,ENSG00000105329,ENSG00000108821,ENSG00000115414,ENSG00000130635,ENSG00000164692,ENSG00000168542"
"REAC","Neuronal System","REAC:R-HSA-112316","false","0.004795714372240474","2.3191466909305305","312","792","37","14387","ENSG00000006071,ENSG00000021645,ENSG00000069431,ENSG00000079841,ENSG00000080709,ENSG00000082397,ENSG00000105464,ENSG00000107282,ENSG00000114200,ENSG00000129159,ENSG00000132164,ENSG00000135902,ENSG00000144596,ENSG00000145451,ENSG00000146006,ENSG00000153707,ENSG00000155897,ENSG00000155974,ENSG00000156564,ENSG00000157103,ENSG00000161681,ENSG00000162105,ENSG00000162951,ENSG00000165646,ENSG00000165995,ENSG00000166206,ENSG00000166862,ENSG00000168418,ENSG00000169427,ENSG00000171303,ENSG00000176884,ENSG00000177272,ENSG00000177301,ENSG00000184564,ENSG00000185666,ENSG00000185760,ENSG00000187486"
"REAC","SLC-mediated transport of neurotransmitters","REAC:R-HSA-442660","false","0.005461705869594108","2.2626716917194933","11","792","6","14387","ENSG00000103546,ENSG00000131389,ENSG00000132164,ENSG00000157103,ENSG00000165646,ENSG00000165970"
"REAC","Non-integrin membrane-ECM interactions","REAC:R-HSA-3000171","false","0.008505868308325152","2.0702813455122424","51","792","12","14387","ENSG00000041982,ENSG00000074527,ENSG00000080573,ENSG00000091409,ENSG00000105329,ENSG00000108821,ENSG00000115414,ENSG00000130635,ENSG00000139219,ENSG00000164692,ENSG00000168542,ENSG00000204248"
"REAC","Signal Transduction","REAC:R-HSA-162582","false","0.011329144043225436","1.945802901376375","2032","792","153","14387","ENSG00000002746,ENSG00000003137,ENSG00000010671,ENSG00000018408,ENSG00000019991,ENSG00000023445,ENSG00000049323,ENSG00000056558,ENSG00000064300,ENSG00000064989,ENSG00000067182,ENSG00000070404,ENSG00000074771,ENSG00000075651,ENSG00000077092,ENSG00000078401,ENSG00000078579,ENSG00000080573,ENSG00000081041,ENSG00000085276,ENSG00000095596,ENSG00000100985,ENSG00000101282,ENSG00000101292,ENSG00000102265,ENSG00000104332,ENSG00000104826,ENSG00000104892,ENSG00000105329,ENSG00000105464,ENSG00000108688,ENSG00000108691,ENSG00000108821,ENSG00000110492,ENSG00000110719,ENSG00000111087,ENSG00000111348,ENSG00000112038,ENSG00000112164,ENSG00000112541,ENSG00000114251,ENSG00000115252,ENSG00000115353,ENSG00000115414,ENSG00000115738,ENSG00000117318,ENSG00000117525,ENSG00000118503,ENSG00000119699,ENSG00000121966,ENSG00000122679,ENSG00000123146,ENSG00000125384,ENSG00000125730,ENSG00000125848,ENSG00000125968,ENSG00000127418,ENSG00000128052,ENSG00000128340,ENSG00000130203,ENSG00000130635,ENSG00000132170,ENSG00000136160,ENSG00000136997,ENSG00000137077,ENSG00000137331,ENSG00000137441,ENSG00000137693,ENSG00000137727,ENSG00000137962,ENSG00000138735,ENSG00000138795,ENSG00000139117,ENSG00000139219,ENSG00000139352,ENSG00000139549,ENSG00000140285,ENSG00000142173,ENSG00000143320,ENSG00000143816,ENSG00000144476,ENSG00000145819,ENSG00000146376,ENSG00000147869,ENSG00000148053,ENSG00000148175,ENSG00000148908,ENSG00000150457,ENSG00000150594,ENSG00000150907,ENSG00000152284,ENSG00000152661,ENSG00000152894,ENSG00000154678,ENSG00000155849,ENSG00000155897,ENSG00000157404,ENSG00000158560,ENSG00000160013,ENSG00000160179,ENSG00000162344,ENSG00000162496,ENSG00000163219,ENSG00000163359,ENSG00000163394,ENSG00000163430,ENSG00000163513,ENSG00000164082,ENSG00000164692,ENSG00000165197,ENSG00000165895,ENSG00000166206,ENSG00000166349,ENSG00000166592,ENSG00000166863,ENSG00000167641,ENSG00000168412,ENSG00000168539,ENSG00000168542,ENSG00000169245,ENSG00000169248,ENSG00000169429,ENSG00000169860,ENSG00000170775,ENSG00000171631,ENSG00000172201,ENSG00000172572,ENSG00000173040,ENSG00000173662,ENSG00000176884,ENSG00000177469,ENSG00000179399,ENSG00000179546,ENSG00000180447,ENSG00000180720,ENSG00000180739,ENSG00000180772,ENSG00000180875,ENSG00000181072,ENSG00000184254,ENSG00000185291,ENSG00000188158,ENSG00000189292,ENSG00000196277,ENSG00000198121,ENSG00000198576,ENSG00000198719,ENSG00000198915,ENSG00000204248,ENSG00000213694,ENSG00000232810,ENSG00000271503,ENSG00000274588"
"REAC","Complement cascade","REAC:R-HSA-166658","false","0.0209167254537411","1.6795063039674079","25","792","8","14387","ENSG00000000971,ENSG00000120885,ENSG00000125730,ENSG00000149131,ENSG00000197766,ENSG00000224389,ENSG00000244414,ENSG00000244731"
"REAC","Post-translational protein phosphorylation","REAC:R-HSA-8957275","false","0.023961027885061433","1.6204945554298427","74","792","14","14387","ENSG00000038427,ENSG00000041982,ENSG00000049323,ENSG00000070404,ENSG00000102265,ENSG00000113739,ENSG00000115414,ENSG00000115461,ENSG00000125730,ENSG00000130203,ENSG00000162576,ENSG00000163430,ENSG00000177706,ENSG00000244731"
"REAC","Kidney development","REAC:R-HSA-9830369","false","0.02876416289584783","1.5411482604357734","26","792","8","14387","ENSG00000054598,ENSG00000085276,ENSG00000103449,ENSG00000126778,ENSG00000165194,ENSG00000166923,ENSG00000172201,ENSG00000198719"
"REAC","Activation of Matrix Metalloproteinases","REAC:R-HSA-1592389","false","0.033781215801161696","1.471324724029849","20","792","7","14387","ENSG00000099953,ENSG00000100985,ENSG00000102265,ENSG00000102996,ENSG00000172236,ENSG00000182871,ENSG00000196611"
"REAC","MET promotes cell motility","REAC:R-HSA-8875878","false","0.03676392869751224","1.4345780848680243","34","792","9","14387","ENSG00000019991,ENSG00000080573,ENSG00000108821,ENSG00000115414,ENSG00000130635,ENSG00000139219,ENSG00000164692,ENSG00000168542,ENSG00000204248"
"REAC","Regulation of Complement cascade","REAC:R-HSA-977606","false","0.04827593184241033","1.316269334532286","21","792","7","14387","ENSG00000000971,ENSG00000120885,ENSG00000125730,ENSG00000149131,ENSG00000224389,ENSG00000244414,ENSG00000244731"
"WP","Cytokine cytokine receptor interaction","WP:WP5473","false","1.4809721184371311e-8","7.829453117658996","113","792","27","14387","ENSG00000049249,ENSG00000064300,ENSG00000067182,ENSG00000077238,ENSG00000081041,ENSG00000105329,ENSG00000108688,ENSG00000108691,ENSG00000108700,ENSG00000116678,ENSG00000119699,ENSG00000120659,ENSG00000121966,ENSG00000137077,ENSG00000139269,ENSG00000143869,ENSG00000144476,ENSG00000163513,ENSG00000164509,ENSG00000169245,ENSG00000169248,ENSG00000169429,ENSG00000175505,ENSG00000186827,ENSG00000232810,ENSG00000266524,ENSG00000271503"
"WP","Overview of proinflammatory and profibrotic mediators","WP:WP5095","false","5.30141361855993e-8","7.275608310610299","36","792","15","14387","ENSG00000081041,ENSG00000100985,ENSG00000105329,ENSG00000108688,ENSG00000108691,ENSG00000108700,ENSG00000125538,ENSG00000137077,ENSG00000150281,ENSG00000169245,ENSG00000169248,ENSG00000169429,ENSG00000196611,ENSG00000232810,ENSG00000271503"
"WP","Burn wound healing","WP:WP5055","false","2.9231345705489017e-7","6.534151190834306","52","792","17","14387","ENSG00000011465,ENSG00000019991,ENSG00000041982,ENSG00000066468,ENSG00000100985,ENSG00000102265,ENSG00000108691,ENSG00000108821,ENSG00000119699,ENSG00000121966,ENSG00000125538,ENSG00000163191,ENSG00000164692,ENSG00000169429,ENSG00000196611,ENSG00000232810,ENSG00000271447"
"WP","Prostaglandin signaling","WP:WP5088","false","0.000004096872524421021","5.387547549056822","15","792","9","14387","ENSG00000100985,ENSG00000103490,ENSG00000105329,ENSG00000108691,ENSG00000125384,ENSG00000125538,ENSG00000169245,ENSG00000169429,ENSG00000232810"
"WP","Spinal cord injury","WP:WP2431","false","0.000007441389270723952","5.128345976243867","86","792","20","14387","ENSG00000007171,ENSG00000038427,ENSG00000064300,ENSG00000073756,ENSG00000081041,ENSG00000092421,ENSG00000100985,ENSG00000105329,ENSG00000108691,ENSG00000115353,ENSG00000125538,ENSG00000136997,ENSG00000139219,ENSG00000152661,ENSG00000169245,ENSG00000169429,ENSG00000176884,ENSG00000197971,ENSG00000232810,ENSG00000240583"
"WP","Immune infiltration in pancreatic cancer","WP:WP5285","false","0.000034245936283170536","4.465390955689858","18","792","9","14387","ENSG00000100985,ENSG00000105329,ENSG00000108691,ENSG00000119699,ENSG00000125538,ENSG00000165197,ENSG00000169429,ENSG00000232810,ENSG00000271503"
"WP","Lung fibrosis","WP:WP3624","false","0.000055409239219812976","4.256417812751221","42","792","13","14387","ENSG00000019991,ENSG00000078401,ENSG00000081041,ENSG00000100985,ENSG00000102265,ENSG00000105329,ENSG00000108691,ENSG00000125538,ENSG00000140285,ENSG00000166923,ENSG00000169429,ENSG00000232810,ENSG00000271503"
"WP","Vitamin A and carotenoid metabolism","WP:WP716","false","0.00014249688668397612","3.846194624151892","26","792","10","14387","ENSG00000003137,ENSG00000077092,ENSG00000088002,ENSG00000095596,ENSG00000130649,ENSG00000135697,ENSG00000143320,ENSG00000162496,ENSG00000184254,ENSG00000197580"
"WP","Nuclear receptors meta pathway","WP:WP2882","false","0.000334192693092445","3.4760030499073857","220","792","31","14387","ENSG00000008394,ENSG00000019991,ENSG00000023445,ENSG00000063127,ENSG00000067798,ENSG00000073756,ENSG00000100979,ENSG00000103546,ENSG00000105329,ENSG00000108691,ENSG00000118503,ENSG00000125538,ENSG00000131389,ENSG00000132164,ENSG00000136997,ENSG00000137491,ENSG00000138119,ENSG00000140675,ENSG00000144476,ENSG00000146411,ENSG00000148175,ENSG00000150907,ENSG00000153294,ENSG00000157103,ENSG00000162344,ENSG00000163513,ENSG00000165970,ENSG00000168497,ENSG00000181019,ENSG00000197496,ENSG00000232810"
"WP","WIKIPATHWAYS","WP:000000","false","0.000390088193029011","3.4088371944714666","6790","792","438","14387","ENSG00000000971,ENSG00000001617,ENSG00000003137,ENSG00000006611,ENSG00000006756,ENSG00000007171,ENSG00000008118,ENSG00000008311,ENSG00000008394,ENSG00000010671,ENSG00000011028,ENSG00000011465,ENSG00000012223,ENSG00000013364,ENSG00000013588,ENSG00000014914,ENSG00000018408,ENSG00000019991,ENSG00000021645,ENSG00000021762,ENSG00000021826,ENSG00000023445,ENSG00000038427,ENSG00000041982,ENSG00000042286,ENSG00000048740,ENSG00000049249,ENSG00000049323,ENSG00000054598,ENSG00000056558,ENSG00000056998,ENSG00000063127,ENSG00000064300,ENSG00000064666,ENSG00000064692,ENSG00000064989,ENSG00000066468,ENSG00000067182,ENSG00000067798,ENSG00000068079,ENSG00000068976,ENSG00000070540,ENSG00000071967,ENSG00000073756,ENSG00000074211,ENSG00000074527,ENSG00000074771,ENSG00000074966,ENSG00000075213,ENSG00000075275,ENSG00000075643,ENSG00000075651,ENSG00000076944,ENSG00000077092,ENSG00000077238,ENSG00000078098,ENSG00000078401,ENSG00000078579,ENSG00000079841,ENSG00000080573,ENSG00000080709,ENSG00000080854,ENSG00000081041,ENSG00000082397,ENSG00000083454,ENSG00000083857,ENSG00000085276,ENSG00000087116,ENSG00000088002,ENSG00000089169,ENSG00000090530,ENSG00000090932,ENSG00000091128,ENSG00000091409,ENSG00000091592,ENSG00000092421,ENSG00000095303,ENSG00000095596,ENSG00000099953,ENSG00000100504,ENSG00000100626,ENSG00000100979,ENSG00000100985,ENSG00000101292,ENSG00000101489,ENSG00000102265,ENSG00000102996,ENSG00000103449,ENSG00000103490,ENSG00000103546,ENSG00000103569,ENSG00000104327,ENSG00000104332,ENSG00000104518,ENSG00000104826,ENSG00000104892,ENSG00000104894,ENSG00000104951,ENSG00000105329,ENSG00000105464,ENSG00000105880,ENSG00000106733,ENSG00000106991,ENSG00000107105,ENSG00000107165,ENSG00000108231,ENSG00000108688,ENSG00000108691,ENSG00000108700,ENSG00000108771,ENSG00000108821,ENSG00000109956,ENSG00000110195,ENSG00000110492,ENSG00000110719,ENSG00000111087,ENSG00000111199,ENSG00000111348,ENSG00000112038,ENSG00000112164,ENSG00000112530,ENSG00000112541,ENSG00000112893,ENSG00000113763,ENSG00000114200,ENSG00000114251,ENSG00000114805,ENSG00000115252,ENSG00000115353,ENSG00000115414,ENSG00000115461,ENSG00000115738,ENSG00000115896,ENSG00000116678,ENSG00000117318,ENSG00000117525,ENSG00000117594,ENSG00000118503,ENSG00000119042,ENSG00000119403,ENSG00000119508,ENSG00000119655,ENSG00000119699,ENSG00000120332,ENSG00000120659,ENSG00000120885,ENSG00000121966,ENSG00000122679,ENSG00000123146,ENSG00000123609,ENSG00000123892,ENSG00000124788,ENSG00000125384,ENSG00000125538,ENSG00000125730,ENSG00000125851,ENSG00000125968,ENSG00000126458,ENSG00000126778,ENSG00000127586,ENSG00000128052,ENSG00000128340,ENSG00000128849,ENSG00000129159,ENSG00000129993,ENSG00000130164,ENSG00000130203,ENSG00000130303,ENSG00000130433,ENSG00000130529,ENSG00000130635,ENSG00000130649,ENSG00000130707,ENSG00000131389,ENSG00000132164,ENSG00000132170,ENSG00000132256,ENSG00000132386,ENSG00000134013,ENSG00000134121,ENSG00000134532,ENSG00000135111,ENSG00000135116,ENSG00000135406,ENSG00000135697,ENSG00000135919,ENSG00000136160,ENSG00000136546,ENSG00000136944,ENSG00000136997,ENSG00000137077,ENSG00000137331,ENSG00000137491,ENSG00000137693,ENSG00000137699,ENSG00000137962,ENSG00000138083,ENSG00000138119,ENSG00000138735,ENSG00000138772,ENSG00000138795,ENSG00000139055,ENSG00000139117,ENSG00000139155,ENSG00000139219,ENSG00000139269,ENSG00000139287,ENSG00000139352,ENSG00000139410,ENSG00000139549,ENSG00000140279,ENSG00000140285,ENSG00000140675,ENSG00000140795,ENSG00000141526,ENSG00000142089,ENSG00000142173,ENSG00000143320,ENSG00000143416,ENSG00000143816,ENSG00000143839,ENSG00000143869,ENSG00000143995,ENSG00000144476,ENSG00000144488,ENSG00000144596,ENSG00000144824,ENSG00000145012,ENSG00000145451,ENSG00000145623,ENSG00000145920,ENSG00000146233,ENSG00000146411,ENSG00000146700,ENSG00000147065,ENSG00000147119,ENSG00000147869,ENSG00000148053,ENSG00000148175,ENSG00000148488,ENSG00000148908,ENSG00000149131,ENSG00000149212,ENSG00000149527,ENSG00000149809,ENSG00000150281,ENSG00000150457,ENSG00000150594,ENSG00000150907,ENSG00000151790,ENSG00000152104,ENSG00000152137,ENSG00000152284,ENSG00000152377,ENSG00000152402,ENSG00000152661,ENSG00000153029,ENSG00000153291,ENSG00000153294,ENSG00000153707,ENSG00000154133,ENSG00000154319,ENSG00000154678,ENSG00000154928,ENSG00000155367,ENSG00000155849,ENSG00000155897,ENSG00000155974,ENSG00000156687,ENSG00000157087,ENSG00000157103,ENSG00000157110,ENSG00000157404,ENSG00000157613,ENSG00000158014,ENSG00000158022,ENSG00000158270,ENSG00000158560,ENSG00000159713,ENSG00000160013,ENSG00000160179,ENSG00000160223,ENSG00000160224,ENSG00000160471,ENSG00000160883,ENSG00000161681,ENSG00000162344,ENSG00000162496,ENSG00000162576,ENSG00000162614,ENSG00000162624,ENSG00000162630,ENSG00000162998,ENSG00000163191,ENSG00000163346,ENSG00000163359,ENSG00000163394,ENSG00000163430,ENSG00000163513,ENSG00000163637,ENSG00000164082,ENSG00000164326,ENSG00000164342,ENSG00000164509,ENSG00000164674,ENSG00000164692,ENSG00000164946,ENSG00000165140,ENSG00000165194,ENSG00000165197,ENSG00000165643,ENSG00000165646,ENSG00000165959,ENSG00000165970,ENSG00000165995,ENSG00000166206,ENSG00000166349,ENSG00000166592,ENSG00000166816,ENSG00000166825,ENSG00000166862,ENSG00000166923,ENSG00000167588,ENSG00000167641,ENSG00000168306,ENSG00000168412,ENSG00000168497,ENSG00000168505,ENSG00000168539,ENSG00000168542,ENSG00000168679,ENSG00000169245,ENSG00000169247,ENSG00000169248,ENSG00000169427,ENSG00000169429,ENSG00000169860,ENSG00000169891,ENSG00000170775,ENSG00000170891,ENSG00000171303,ENSG00000171631,ENSG00000171848,ENSG00000172201,ENSG00000172572,ENSG00000172987,ENSG00000173040,ENSG00000173805,ENSG00000173930,ENSG00000174672,ENSG00000175183,ENSG00000175426,ENSG00000175505,ENSG00000176884,ENSG00000177182,ENSG00000177272,ENSG00000177301,ENSG00000177465,ENSG00000177469,ENSG00000177511,ENSG00000177706,ENSG00000179242,ENSG00000179399,ENSG00000179431,ENSG00000179546,ENSG00000180447,ENSG00000180720,ENSG00000180739,ENSG00000180772,ENSG00000181019,ENSG00000181072,ENSG00000181656,ENSG00000182022,ENSG00000182636,ENSG00000182771,ENSG00000182836,ENSG00000183098,ENSG00000183778,ENSG00000183853,ENSG00000184254,ENSG00000185155,ENSG00000185201,ENSG00000185345,ENSG00000185551,ENSG00000185650,ENSG00000185664,ENSG00000185666,ENSG00000185760,ENSG00000186197,ENSG00000186529,ENSG00000186827,ENSG00000186838,ENSG00000187098,ENSG00000187323,ENSG00000187486,ENSG00000187634,ENSG00000189409,ENSG00000196092,ENSG00000196154,ENSG00000196277,ENSG00000196549,ENSG00000196611,ENSG00000196664,ENSG00000197093,ENSG00000197496,ENSG00000197580,ENSG00000197747,ENSG00000197766,ENSG00000197769,ENSG00000197971,ENSG00000198121,ENSG00000198125,ENSG00000198515,ENSG00000198523,ENSG00000198576,ENSG00000198626,ENSG00000198682,ENSG00000198719,ENSG00000198835,ENSG00000198915,ENSG00000198959,ENSG00000198963,ENSG00000204248,ENSG00000204592,ENSG00000205795,ENSG00000213694,ENSG00000214336,ENSG00000221866,ENSG00000224389,ENSG00000232810,ENSG00000233608,ENSG00000240583,ENSG00000243364,ENSG00000244731,ENSG00000255346,ENSG00000266524,ENSG00000271447,ENSG00000271503"
"WP","Interactions between immune cells and microRNAs in tumor microenvironment","WP:WP4559","false","0.0005409339285913389","3.2668557777779736","18","792","8","14387","ENSG00000077238,ENSG00000105329,ENSG00000108691,ENSG00000119699,ENSG00000163513,ENSG00000169245,ENSG00000196664,ENSG00000271503"
"WP","Lung pathology of COVID 19","WP:WP5146","false","0.0009062336335148581","3.0427598236632876","14","792","7","14387","ENSG00000108691,ENSG00000125538,ENSG00000164342,ENSG00000169245,ENSG00000169248,ENSG00000196664,ENSG00000232810"
"WP","Cell lineage map for neuronal differentiation","WP:WP5417","false","0.001070531450380972","2.9704005693538744","87","792","17","14387","ENSG00000041982,ENSG00000064300,ENSG00000091409,ENSG00000103546,ENSG00000136944,ENSG00000138795,ENSG00000145451,ENSG00000150594,ENSG00000157103,ENSG00000161681,ENSG00000165970,ENSG00000166862,ENSG00000176884,ENSG00000185155,ENSG00000197971,ENSG00000198719,ENSG00000233608"
"WP","Prostaglandin synthesis and regulation","WP:WP98","false","0.0013224222133730828","2.878629864318392","39","792","11","14387","ENSG00000073756,ENSG00000078401,ENSG00000095303,ENSG00000117594,ENSG00000125384,ENSG00000132170,ENSG00000136160,ENSG00000138772,ENSG00000160013,ENSG00000187098,ENSG00000197747"
"WP","Matrix metalloproteinases","WP:WP129","false","0.0014108527117301572","2.8505183227599455","20","792","8","14387","ENSG00000099953,ENSG00000100985,ENSG00000102265,ENSG00000102996,ENSG00000189409,ENSG00000196611,ENSG00000232810,ENSG00000271447"
"WP","Cell interactions in pancreatic cancer microenvironment","WP:WP5284","false","0.0016184543537928078","2.7908995447479406","15","792","7","14387","ENSG00000105329,ENSG00000108691,ENSG00000121966,ENSG00000128052,ENSG00000169245,ENSG00000185201,ENSG00000271503"
"WP","Neural crest differentiation","WP:WP2064","false","0.001712964538291025","2.7662516276847753","72","792","15","14387","ENSG00000066468,ENSG00000090932,ENSG00000105880,ENSG00000125968,ENSG00000134532,ENSG00000136997,ENSG00000139219,ENSG00000139352,ENSG00000152284,ENSG00000162344,ENSG00000168505,ENSG00000187098,ENSG00000197971,ENSG00000198719,ENSG00000204248"
"WP","GPCRs class A rhodopsin like","WP:WP455","false","0.0017312908594886915","2.7616299638637805","90","792","17","14387","ENSG00000112038,ENSG00000121966,ENSG00000125384,ENSG00000136160,ENSG00000144476,ENSG00000150594,ENSG00000160013,ENSG00000163394,ENSG00000168412,ENSG00000168539,ENSG00000169860,ENSG00000170775,ENSG00000171631,ENSG00000179546,ENSG00000180720,ENSG00000180772,ENSG00000181072"
"WP","Allograft rejection","WP:WP2328","false","0.0017340610788839938","2.760935609423184","40","792","11","14387","ENSG00000105329,ENSG00000125538,ENSG00000125730,ENSG00000130635,ENSG00000137077,ENSG00000169248,ENSG00000169429,ENSG00000204592,ENSG00000224389,ENSG00000232810,ENSG00000244731"
"WP","Photodynamic therapy induced NF kB survival signaling","WP:WP3617","false","0.0021062753900924222","2.6764848465510798","27","792","9","14387","ENSG00000023445,ENSG00000067182,ENSG00000073756,ENSG00000081041,ENSG00000100985,ENSG00000125538,ENSG00000169429,ENSG00000196611,ENSG00000232810"
"WP","COVID 19 adverse outcome pathway","WP:WP4891","false","0.0023771849196277508","2.6239370334799674","7","792","5","14387","ENSG00000108691,ENSG00000125538,ENSG00000169245,ENSG00000169429,ENSG00000232810"
"WP","Platelet mediated interactions with vascular and circulating cells","WP:WP4462","false","0.002472712607627183","2.6068263568188885","11","792","6","14387","ENSG00000105329,ENSG00000108691,ENSG00000119699,ENSG00000125538,ENSG00000196664,ENSG00000271503"
"WP","Focal adhesion PI3K Akt mTOR signaling","WP:WP3932","false","0.0027078008603519223","2.567383278107425","243","792","31","14387","ENSG00000007171,ENSG00000019991,ENSG00000041982,ENSG00000064300,ENSG00000066468,ENSG00000074211,ENSG00000077238,ENSG00000078579,ENSG00000080573,ENSG00000091409,ENSG00000108821,ENSG00000115414,ENSG00000120332,ENSG00000128052,ENSG00000130635,ENSG00000139219,ENSG00000140285,ENSG00000142173,ENSG00000145623,ENSG00000150907,ENSG00000157404,ENSG00000157613,ENSG00000162344,ENSG00000164692,ENSG00000165197,ENSG00000168539,ENSG00000168542,ENSG00000181072,ENSG00000198121,ENSG00000204248,ENSG00000243364"
"WP","Hepatitis C and hepatocellular carcinoma","WP:WP3646","false","0.005914247296928202","2.2281005199441783","45","792","11","14387","ENSG00000007171,ENSG00000023445,ENSG00000073756,ENSG00000105329,ENSG00000136997,ENSG00000138119,ENSG00000138795,ENSG00000162998,ENSG00000169429,ENSG00000171848,ENSG00000196611"
"WP","Markers of kidney cell lineage","WP:WP5236","false","0.006938516345059329","2.1587333843057284","38","792","10","14387","ENSG00000011465,ENSG00000041982,ENSG00000103449,ENSG00000104332,ENSG00000114251,ENSG00000126778,ENSG00000128052,ENSG00000140285,ENSG00000143839,ENSG00000157404"
"WP","Extrafollicular and follicular B cell activation by SARS CoV 2","WP:WP5218","false","0.0074250166336492915","2.129302569095732","31","792","9","14387","ENSG00000121966,ENSG00000125730,ENSG00000137077,ENSG00000150907,ENSG00000160223,ENSG00000196092,ENSG00000196664,ENSG00000232810,ENSG00000244731"
"WP","Uterine natural killer cells and progesterone estrogen and chorionic gonadotropin","WP:WP5569","false","0.0074250166336492915","2.129302569095732","31","792","9","14387","ENSG00000108688,ENSG00000108691,ENSG00000108700,ENSG00000121966,ENSG00000169245,ENSG00000169248,ENSG00000169429,ENSG00000232810,ENSG00000271503"
"WP","miRNA targets in ECM and membrane receptors","WP:WP2911","false","0.021856267650046467","1.6604239996316814","21","792","7","14387","ENSG00000080573,ENSG00000115414,ENSG00000130635,ENSG00000142173,ENSG00000163359,ENSG00000164692,ENSG00000168542"
"WP","Inflammatory response pathway","WP:WP453","false","0.022137841390299205","1.6548647284430922","15","792","6","14387","ENSG00000067182,ENSG00000077238,ENSG00000108821,ENSG00000115414,ENSG00000164692,ENSG00000168542"
"WP","Post COVID neuroinflammation","WP:WP5485","false","0.02481308875670228","1.6053191709757941","10","792","5","14387","ENSG00000125538,ENSG00000164342,ENSG00000169429,ENSG00000196664,ENSG00000232810"
"WP","Oligodendrocyte specification and differentiation leading to myelin components for CNS","WP:WP4304","false","0.03377615445506306","1.4713897980455313","16","792","6","14387","ENSG00000081041,ENSG00000125538,ENSG00000134532,ENSG00000139352,ENSG00000197971,ENSG00000232810"
"WP","Dopaminergic neurogenesis","WP:WP2855","false","0.03377615445506306","1.4713897980455313","16","792","6","14387","ENSG00000105329,ENSG00000111087,ENSG00000136944,ENSG00000139352,ENSG00000165646,ENSG00000168505"
"WP","Cancer pathways","WP:WP5434","false","0.04123311820625583","1.3847538209453452","411","792","41","14387","ENSG00000007171,ENSG00000008394,ENSG00000019991,ENSG00000023445,ENSG00000056558,ENSG00000066468,ENSG00000073756,ENSG00000075651,ENSG00000077092,ENSG00000077238,ENSG00000078401,ENSG00000085276,ENSG00000090932,ENSG00000091128,ENSG00000091409,ENSG00000105329,ENSG00000111087,ENSG00000114251,ENSG00000115414,ENSG00000119699,ENSG00000121966,ENSG00000125384,ENSG00000128340,ENSG00000132170,ENSG00000136160,ENSG00000136997,ENSG00000138795,ENSG00000143816,ENSG00000150907,ENSG00000152284,ENSG00000155897,ENSG00000157404,ENSG00000163513,ENSG00000165197,ENSG00000169429,ENSG00000181019,ENSG00000187098,ENSG00000187323,ENSG00000196611,ENSG00000198121,ENSG00000198719"
"WP","Development of ureteric derived collecting system","WP:WP5053","false","0.04242771998075122","1.3723503061165807","38","792","9","14387","ENSG00000011465,ENSG00000075275,ENSG00000077092,ENSG00000103449,ENSG00000105329,ENSG00000111087,ENSG00000126778,ENSG00000155974,ENSG00000164946"
"WP","SARS CoV 2 innate immunity evasion and cell specific immune response","WP:WP5039","false","0.04845854319355105","1.3146296461727602","47","792","10","14387","ENSG00000081041,ENSG00000105329,ENSG00000108691,ENSG00000108771,ENSG00000169245,ENSG00000169248,ENSG00000169429,ENSG00000196664,ENSG00000232810,ENSG00000271503"
"WP","miR 509 3p alteration of YAP1 ECM axis","WP:WP3967","false","0.04977873368822249","1.3029561555219684","17","792","6","14387","ENSG00000108821,ENSG00000115414,ENSG00000130635,ENSG00000137693,ENSG00000168542,ENSG00000183098"
"TF","Factor: GEMIN3; motif: NCWGGRARRGRGNGNG; match class: 1","TF:M09727_1","false","0.00019035081236814483","3.7204452653888853","2471","792","199","14387","ENSG00000003137,ENSG00000006071,ENSG00000006534,ENSG00000006611,ENSG00000008311,ENSG00000011028,ENSG00000018408,ENSG00000019991,ENSG00000021645,ENSG00000021762,ENSG00000048540,ENSG00000064300,ENSG00000070540,ENSG00000070601,ENSG00000073792,ENSG00000078401,ENSG00000080573,ENSG00000080854,ENSG00000085276,ENSG00000089169,ENSG00000091129,ENSG00000091490,ENSG00000091592,ENSG00000099256,ENSG00000100095,ENSG00000100196,ENSG00000100979,ENSG00000100985,ENSG00000101000,ENSG00000101489,ENSG00000102265,ENSG00000103154,ENSG00000104892,ENSG00000105251,ENSG00000105427,ENSG00000105464,ENSG00000106484,ENSG00000107282,ENSG00000108231,ENSG00000110169,ENSG00000111087,ENSG00000111249,ENSG00000112038,ENSG00000113739,ENSG00000113805,ENSG00000115468,ENSG00000118292,ENSG00000118503,ENSG00000119042,ENSG00000120645,ENSG00000121075,ENSG00000121440,ENSG00000123146,ENSG00000124788,ENSG00000125355,ENSG00000125384,ENSG00000127586,ENSG00000128594,ENSG00000129159,ENSG00000130203,ENSG00000130529,ENSG00000130700,ENSG00000130707,ENSG00000132170,ENSG00000135048,ENSG00000135111,ENSG00000135116,ENSG00000135253,ENSG00000135406,ENSG00000135919,ENSG00000136160,ENSG00000136546,ENSG00000137441,ENSG00000137491,ENSG00000138083,ENSG00000138795,ENSG00000139155,ENSG00000139269,ENSG00000139352,ENSG00000139549,ENSG00000139629,ENSG00000140279,ENSG00000143320,ENSG00000143355,ENSG00000143816,ENSG00000143869,ENSG00000144596,ENSG00000144645,ENSG00000145012,ENSG00000146411,ENSG00000147119,ENSG00000148175,ENSG00000149131,ENSG00000149527,ENSG00000151360,ENSG00000151615,ENSG00000152104,ENSG00000152284,ENSG00000152402,ENSG00000153993,ENSG00000154654,ENSG00000154678,ENSG00000155367,ENSG00000157110,ENSG00000157404,ENSG00000158156,ENSG00000158220,ENSG00000158270,ENSG00000159784,ENSG00000160013,ENSG00000160111,ENSG00000160179,ENSG00000160223,ENSG00000160349,ENSG00000160883,ENSG00000161681,ENSG00000161835,ENSG00000162105,ENSG00000162624,ENSG00000162951,ENSG00000163191,ENSG00000163346,ENSG00000163394,ENSG00000163430,ENSG00000163637,ENSG00000164082,ENSG00000164946,ENSG00000166105,ENSG00000166206,ENSG00000166482,ENSG00000167588,ENSG00000167608,ENSG00000167767,ENSG00000168306,ENSG00000168539,ENSG00000168843,ENSG00000169064,ENSG00000169247,ENSG00000169302,ENSG00000169427,ENSG00000169436,ENSG00000169583,ENSG00000169908,ENSG00000170442,ENSG00000171219,ENSG00000171812,ENSG00000172572,ENSG00000173040,ENSG00000173805,ENSG00000175426,ENSG00000175505,ENSG00000176884,ENSG00000177045,ENSG00000177511,ENSG00000178965,ENSG00000179546,ENSG00000179954,ENSG00000181019,ENSG00000181541,ENSG00000181744,ENSG00000182195,ENSG00000182492,ENSG00000183654,ENSG00000183722,ENSG00000183853,ENSG00000185551,ENSG00000185561,ENSG00000185650,ENSG00000185742,ENSG00000185924,ENSG00000185955,ENSG00000186827,ENSG00000187323,ENSG00000187398,ENSG00000187634,ENSG00000188051,ENSG00000188158,ENSG00000188162,ENSG00000188282,ENSG00000188620,ENSG00000189292,ENSG00000189409,ENSG00000196277,ENSG00000196932,ENSG00000198719,ENSG00000198768,ENSG00000203797,ENSG00000204248,ENSG00000215397,ENSG00000215612,ENSG00000221866,ENSG00000224389,ENSG00000237412,ENSG00000240583,ENSG00000243566,ENSG00000244731,ENSG00000250366,ENSG00000261115,ENSG00000268655"
"TF","Factor: NMYC; motif: CAYCTG; match class: 1","TF:M01808_1","false","0.0005011306964221989","3.3000489940276942","3979","792","290","14387","ENSG00000006071,ENSG00000006534,ENSG00000007171,ENSG00000008118,ENSG00000009694,ENSG00000011465,ENSG00000013364,ENSG00000014914,ENSG00000019991,ENSG00000021300,ENSG00000021762,ENSG00000021826,ENSG00000023445,ENSG00000041982,ENSG00000048540,ENSG00000049249,ENSG00000054598,ENSG00000056558,ENSG00000064692,ENSG00000064989,ENSG00000066468,ENSG00000067182,ENSG00000070404,ENSG00000070540,ENSG00000071967,ENSG00000073331,ENSG00000075213,ENSG00000076944,ENSG00000077238,ENSG00000078098,ENSG00000078579,ENSG00000087116,ENSG00000089169,ENSG00000090530,ENSG00000091128,ENSG00000091409,ENSG00000091592,ENSG00000091704,ENSG00000092421,ENSG00000095303,ENSG00000095596,ENSG00000100302,ENSG00000100314,ENSG00000100979,ENSG00000101000,ENSG00000101282,ENSG00000102048,ENSG00000103154,ENSG00000103490,ENSG00000103569,ENSG00000104826,ENSG00000104894,ENSG00000105427,ENSG00000105464,ENSG00000106991,ENSG00000107147,ENSG00000108231,ENSG00000108691,ENSG00000108771,ENSG00000109851,ENSG00000109956,ENSG00000110002,ENSG00000110169,ENSG00000110492,ENSG00000110719,ENSG00000111199,ENSG00000111339,ENSG00000112530,ENSG00000114251,ENSG00000114541,ENSG00000114805,ENSG00000115252,ENSG00000115738,ENSG00000116852,ENSG00000117318,ENSG00000117525,ENSG00000117594,ENSG00000118292,ENSG00000119042,ENSG00000119699,ENSG00000119943,ENSG00000120332,ENSG00000120885,ENSG00000122679,ENSG00000123146,ENSG00000123609,ENSG00000123610,ENSG00000124260,ENSG00000125538,ENSG00000125730,ENSG00000125851,ENSG00000126562,ENSG00000126778,ENSG00000127586,ENSG00000128340,ENSG00000128606,ENSG00000129159,ENSG00000129993,ENSG00000130203,ENSG00000130303,ENSG00000130707,ENSG00000130768,ENSG00000131389,ENSG00000131459,ENSG00000132000,ENSG00000132256,ENSG00000132561,ENSG00000132854,ENSG00000135111,ENSG00000135253,ENSG00000135697,ENSG00000135899,ENSG00000135902,ENSG00000136546,ENSG00000137077,ENSG00000137691,ENSG00000137699,ENSG00000138100,ENSG00000138162,ENSG00000138772,ENSG00000139055,ENSG00000139117,ENSG00000139269,ENSG00000139329,ENSG00000140279,ENSG00000140675,ENSG00000140795,ENSG00000141668,ENSG00000142173,ENSG00000142227,ENSG00000142233,ENSG00000142279,ENSG00000143320,ENSG00000143382,ENSG00000143416,ENSG00000144488,ENSG00000144596,ENSG00000145920,ENSG00000146006,ENSG00000146376,ENSG00000146411,ENSG00000146700,ENSG00000147255,ENSG00000147606,ENSG00000147724,ENSG00000148175,ENSG00000149131,ENSG00000149527,ENSG00000149809,ENSG00000150907,ENSG00000151360,ENSG00000151790,ENSG00000152377,ENSG00000153294,ENSG00000153707,ENSG00000154133,ENSG00000154319,ENSG00000155886,ENSG00000155897,ENSG00000155974,ENSG00000157087,ENSG00000158113,ENSG00000158220,ENSG00000158270,ENSG00000159674,ENSG00000159784,ENSG00000160179,ENSG00000160224,ENSG00000162496,ENSG00000162576,ENSG00000162595,ENSG00000162624,ENSG00000162630,ENSG00000162745,ENSG00000162951,ENSG00000163359,ENSG00000163430,ENSG00000163513,ENSG00000163673,ENSG00000164082,ENSG00000164142,ENSG00000164176,ENSG00000164509,ENSG00000164946,ENSG00000165197,ENSG00000165643,ENSG00000165757,ENSG00000165895,ENSG00000165923,ENSG00000165995,ENSG00000166105,ENSG00000166206,ENSG00000166482,ENSG00000166592,ENSG00000166825,ENSG00000166863,ENSG00000166923,ENSG00000167588,ENSG00000167964,ENSG00000168306,ENSG00000168418,ENSG00000168542,ENSG00000168679,ENSG00000169064,ENSG00000169245,ENSG00000169248,ENSG00000169436,ENSG00000169583,ENSG00000169908,ENSG00000170006,ENSG00000170091,ENSG00000170160,ENSG00000170442,ENSG00000170891,ENSG00000171219,ENSG00000171631,ENSG00000171812,ENSG00000171819,ENSG00000172236,ENSG00000172247,ENSG00000172572,ENSG00000173567,ENSG00000173662,ENSG00000174348,ENSG00000174672,ENSG00000174740,ENSG00000174807,ENSG00000176723,ENSG00000176884,ENSG00000176971,ENSG00000177182,ENSG00000177459,ENSG00000178764,ENSG00000179399,ENSG00000179954,ENSG00000180447,ENSG00000180720,ENSG00000180739,ENSG00000181072,ENSG00000181656,ENSG00000181744,ENSG00000182492,ENSG00000183098,ENSG00000184313,ENSG00000184564,ENSG00000185291,ENSG00000185650,ENSG00000185761,ENSG00000186197,ENSG00000186367,ENSG00000186417,ENSG00000187098,ENSG00000187398,ENSG00000188015,ENSG00000189292,ENSG00000196154,ENSG00000196502,ENSG00000196542,ENSG00000196611,ENSG00000196664,ENSG00000197253,ENSG00000197321,ENSG00000197580,ENSG00000197766,ENSG00000198515,ENSG00000198576,ENSG00000198768,ENSG00000198797,ENSG00000198835,ENSG00000198915,ENSG00000198939,ENSG00000198963,ENSG00000204381,ENSG00000213171,ENSG00000213694,ENSG00000214290,ENSG00000214960,ENSG00000224389,ENSG00000232810,ENSG00000233608,ENSG00000237412,ENSG00000237988,ENSG00000240583,ENSG00000243566,ENSG00000244731,ENSG00000255346,ENSG00000258405,ENSG00000261115,ENSG00000266302,ENSG00000268655"
"TF","Factor: NF-kappaB; motif: GGGGATYCCC; match class: 1","TF:M00051_1","false","0.0024881633871323486","2.604121104768927","2221","792","178","14387","ENSG00000005243,ENSG00000006611,ENSG00000021762,ENSG00000023445,ENSG00000066583,ENSG00000067182,ENSG00000070404,ENSG00000070601,ENSG00000073756,ENSG00000073792,ENSG00000074211,ENSG00000074527,ENSG00000075275,ENSG00000075643,ENSG00000078401,ENSG00000080709,ENSG00000083857,ENSG00000087116,ENSG00000087303,ENSG00000090932,ENSG00000091704,ENSG00000095303,ENSG00000095596,ENSG00000100314,ENSG00000100985,ENSG00000101292,ENSG00000101955,ENSG00000103449,ENSG00000103528,ENSG00000104894,ENSG00000105251,ENSG00000105329,ENSG00000105464,ENSG00000105880,ENSG00000106538,ENSG00000108691,ENSG00000110169,ENSG00000110719,ENSG00000111249,ENSG00000111348,ENSG00000112183,ENSG00000114805,ENSG00000115461,ENSG00000117594,ENSG00000118503,ENSG00000119042,ENSG00000119283,ENSG00000119411,ENSG00000119699,ENSG00000120645,ENSG00000120820,ENSG00000120885,ENSG00000122035,ENSG00000123146,ENSG00000123892,ENSG00000124260,ENSG00000124788,ENSG00000125730,ENSG00000126458,ENSG00000126562,ENSG00000127418,ENSG00000128340,ENSG00000128606,ENSG00000130433,ENSG00000130635,ENSG00000131459,ENSG00000132170,ENSG00000135048,ENSG00000135116,ENSG00000135406,ENSG00000137727,ENSG00000139219,ENSG00000139629,ENSG00000140527,ENSG00000141668,ENSG00000143416,ENSG00000143772,ENSG00000143839,ENSG00000143869,ENSG00000144596,ENSG00000145012,ENSG00000145198,ENSG00000147065,ENSG00000147256,ENSG00000147724,ENSG00000148175,ENSG00000148908,ENSG00000149131,ENSG00000150457,ENSG00000150594,ENSG00000152377,ENSG00000152527,ENSG00000152894,ENSG00000153993,ENSG00000154319,ENSG00000155849,ENSG00000156564,ENSG00000159674,ENSG00000159713,ENSG00000159784,ENSG00000160111,ENSG00000160179,ENSG00000160223,ENSG00000161835,ENSG00000163273,ENSG00000163430,ENSG00000163637,ENSG00000164082,ENSG00000164176,ENSG00000165757,ENSG00000165895,ENSG00000166206,ENSG00000166592,ENSG00000168539,ENSG00000168671,ENSG00000170442,ENSG00000171303,ENSG00000171551,ENSG00000171631,ENSG00000171812,ENSG00000172638,ENSG00000173567,ENSG00000173805,ENSG00000173930,ENSG00000175497,ENSG00000176383,ENSG00000176971,ENSG00000177045,ENSG00000177272,ENSG00000177706,ENSG00000178401,ENSG00000179431,ENSG00000179546,ENSG00000179954,ENSG00000180739,ENSG00000181019,ENSG00000182492,ENSG00000183837,ENSG00000183853,ENSG00000184313,ENSG00000184838,ENSG00000185551,ENSG00000185742,ENSG00000185761,ENSG00000185955,ENSG00000186529,ENSG00000186827,ENSG00000187634,ENSG00000188015,ENSG00000188051,ENSG00000188158,ENSG00000189409,ENSG00000196154,ENSG00000196502,ENSG00000196932,ENSG00000197253,ENSG00000197766,ENSG00000197769,ENSG00000198719,ENSG00000198797,ENSG00000198915,ENSG00000198963,ENSG00000203883,ENSG00000204592,ENSG00000214290,ENSG00000214402,ENSG00000214960,ENSG00000215397,ENSG00000224389,ENSG00000232810,ENSG00000233608,ENSG00000237412,ENSG00000243364,ENSG00000244731,ENSG00000250366,ENSG00000268655,ENSG00000270011,ENSG00000271503"
"TF","Factor: GKLF; motif: CCTCCYN; match class: 1","TF:M01835_1","false","0.003715566441746427","2.429974968236602","7670","792","494","14387","ENSG00000001617,ENSG00000002586,ENSG00000002746,ENSG00000003137,ENSG00000005243,ENSG00000006071,ENSG00000006534,ENSG00000006611,ENSG00000006756,ENSG00000007171,ENSG00000008118,ENSG00000008311,ENSG00000008394,ENSG00000011028,ENSG00000013364,ENSG00000014914,ENSG00000019991,ENSG00000021300,ENSG00000021645,ENSG00000021762,ENSG00000038427,ENSG00000042286,ENSG00000048540,ENSG00000049249,ENSG00000051620,ENSG00000053108,ENSG00000056998,ENSG00000063127,ENSG00000064300,ENSG00000066468,ENSG00000070404,ENSG00000070601,ENSG00000071967,ENSG00000073756,ENSG00000073792,ENSG00000074211,ENSG00000074527,ENSG00000075035,ENSG00000075643,ENSG00000078114,ENSG00000078401,ENSG00000078579,ENSG00000079841,ENSG00000080573,ENSG00000080854,ENSG00000082397,ENSG00000083454,ENSG00000083857,ENSG00000085276,ENSG00000086717,ENSG00000087116,ENSG00000088002,ENSG00000089169,ENSG00000091409,ENSG00000091490,ENSG00000091592,ENSG00000091704,ENSG00000095303,ENSG00000095596,ENSG00000099256,ENSG00000099399,ENSG00000099953,ENSG00000100095,ENSG00000100196,ENSG00000100302,ENSG00000100314,ENSG00000100979,ENSG00000100985,ENSG00000101000,ENSG00000101282,ENSG00000101292,ENSG00000101489,ENSG00000101955,ENSG00000102996,ENSG00000103154,ENSG00000103316,ENSG00000103449,ENSG00000103528,ENSG00000103546,ENSG00000104327,ENSG00000104332,ENSG00000104826,ENSG00000104894,ENSG00000104951,ENSG00000105251,ENSG00000105329,ENSG00000105427,ENSG00000105464,ENSG00000105880,ENSG00000106484,ENSG00000106538,ENSG00000106733,ENSG00000106991,ENSG00000107105,ENSG00000107147,ENSG00000107282,ENSG00000108231,ENSG00000108691,ENSG00000108771,ENSG00000108821,ENSG00000108932,ENSG00000109956,ENSG00000110002,ENSG00000110169,ENSG00000110719,ENSG00000111087,ENSG00000111199,ENSG00000111249,ENSG00000112038,ENSG00000112183,ENSG00000112541,ENSG00000112893,ENSG00000113739,ENSG00000113763,ENSG00000113805,ENSG00000114541,ENSG00000114805,ENSG00000115468,ENSG00000115738,ENSG00000115896,ENSG00000116183,ENSG00000116299,ENSG00000116678,ENSG00000116852,ENSG00000117318,ENSG00000117525,ENSG00000118292,ENSG00000118503,ENSG00000119042,ENSG00000119283,ENSG00000119411,ENSG00000119508,ENSG00000119655,ENSG00000119699,ENSG00000119943,ENSG00000120306,ENSG00000120332,ENSG00000120549,ENSG00000120594,ENSG00000120645,ENSG00000120658,ENSG00000120659,ENSG00000120885,ENSG00000121075,ENSG00000121440,ENSG00000121904,ENSG00000121966,ENSG00000122679,ENSG00000123146,ENSG00000123892,ENSG00000124260,ENSG00000124466,ENSG00000124788,ENSG00000125355,ENSG00000125538,ENSG00000125730,ENSG00000125968,ENSG00000126458,ENSG00000126562,ENSG00000126778,ENSG00000128052,ENSG00000128340,ENSG00000128594,ENSG00000129159,ENSG00000129422,ENSG00000130203,ENSG00000130433,ENSG00000130529,ENSG00000130635,ENSG00000130649,ENSG00000130700,ENSG00000130707,ENSG00000130768,ENSG00000130962,ENSG00000131389,ENSG00000131634,ENSG00000132000,ENSG00000132386,ENSG00000132561,ENSG00000132854,ENSG00000133958,ENSG00000134013,ENSG00000135048,ENSG00000135111,ENSG00000135253,ENSG00000135406,ENSG00000135697,ENSG00000135902,ENSG00000135919,ENSG00000135926,ENSG00000136160,ENSG00000136546,ENSG00000136997,ENSG00000137077,ENSG00000137198,ENSG00000137491,ENSG00000137691,ENSG00000137693,ENSG00000137699,ENSG00000138083,ENSG00000138119,ENSG00000138162,ENSG00000138795,ENSG00000139117,ENSG00000139155,ENSG00000139219,ENSG00000139269,ENSG00000139352,ENSG00000139438,ENSG00000139549,ENSG00000139629,ENSG00000140285,ENSG00000140527,ENSG00000141337,ENSG00000142227,ENSG00000142233,ENSG00000143320,ENSG00000143355,ENSG00000143382,ENSG00000143416,ENSG00000143869,ENSG00000143995,ENSG00000144488,ENSG00000144645,ENSG00000144824,ENSG00000145012,ENSG00000145198,ENSG00000145623,ENSG00000145920,ENSG00000146233,ENSG00000146376,ENSG00000146700,ENSG00000147065,ENSG00000147256,ENSG00000147606,ENSG00000148053,ENSG00000148175,ENSG00000148488,ENSG00000148908,ENSG00000149131,ENSG00000149212,ENSG00000149488,ENSG00000149527,ENSG00000150281,ENSG00000150594,ENSG00000150907,ENSG00000151615,ENSG00000151790,ENSG00000152104,ENSG00000152284,ENSG00000152402,ENSG00000152467,ENSG00000152661,ENSG00000153029,ENSG00000153294,ENSG00000154065,ENSG00000154133,ENSG00000154654,ENSG00000154678,ENSG00000154928,ENSG00000155158,ENSG00000155367,ENSG00000155849,ENSG00000155897,ENSG00000156509,ENSG00000156564,ENSG00000157087,ENSG00000157110,ENSG00000157404,ENSG00000157613,ENSG00000158014,ENSG00000158022,ENSG00000158156,ENSG00000158220,ENSG00000158270,ENSG00000158560,ENSG00000159713,ENSG00000160013,ENSG00000160111,ENSG00000160161,ENSG00000160223,ENSG00000160224,ENSG00000160471,ENSG00000161681,ENSG00000161835,ENSG00000162344,ENSG00000162496,ENSG00000162576,ENSG00000162624,ENSG00000162670,ENSG00000162951,ENSG00000162998,ENSG00000163191,ENSG00000163219,ENSG00000163273,ENSG00000163346,ENSG00000163359,ENSG00000163394,ENSG00000163430,ENSG00000163637,ENSG00000163673,ENSG00000163793,ENSG00000164082,ENSG00000164176,ENSG00000164326,ENSG00000164674,ENSG00000164692,ENSG00000165140,ENSG00000165643,ENSG00000165646,ENSG00000165923,ENSG00000165959,ENSG00000165995,ENSG00000166105,ENSG00000166206,ENSG00000166292,ENSG00000166482,ENSG00000166816,ENSG00000166862,ENSG00000167588,ENSG00000167608,ENSG00000167664,ENSG00000167767,ENSG00000167964,ENSG00000168071,ENSG00000168306,ENSG00000168539,ENSG00000168671,ENSG00000168679,ENSG00000168843,ENSG00000168899,ENSG00000168994,ENSG00000169245,ENSG00000169247,ENSG00000169302,ENSG00000169427,ENSG00000169436,ENSG00000169583,ENSG00000169860,ENSG00000169871,ENSG00000169891,ENSG00000169908,ENSG00000170160,ENSG00000170419,ENSG00000170891,ENSG00000171219,ENSG00000171227,ENSG00000171303,ENSG00000171551,ENSG00000171631,ENSG00000171812,ENSG00000171819,ENSG00000171848,ENSG00000172201,ENSG00000172236,ENSG00000172247,ENSG00000172572,ENSG00000172987,ENSG00000173040,ENSG00000173068,ENSG00000173376,ENSG00000173567,ENSG00000173662,ENSG00000173930,ENSG00000174348,ENSG00000174672,ENSG00000175183,ENSG00000175426,ENSG00000175497,ENSG00000175505,ENSG00000176293,ENSG00000176383,ENSG00000176769,ENSG00000176884,ENSG00000177045,ENSG00000177182,ENSG00000177272,ENSG00000177301,ENSG00000177374,ENSG00000177409,ENSG00000177459,ENSG00000177469,ENSG00000177511,ENSG00000177706,ENSG00000178401,ENSG00000178764,ENSG00000178965,ENSG00000179399,ENSG00000179546,ENSG00000179954,ENSG00000180739,ENSG00000181019,ENSG00000181072,ENSG00000181444,ENSG00000181541,ENSG00000181656,ENSG00000181744,ENSG00000182022,ENSG00000182489,ENSG00000182492,ENSG00000182771,ENSG00000182871,ENSG00000183098,ENSG00000183654,ENSG00000183722,ENSG00000183779,ENSG00000183837,ENSG00000183853,ENSG00000184254,ENSG00000184613,ENSG00000184838,ENSG00000185101,ENSG00000185155,ENSG00000185201,ENSG00000185291,ENSG00000185551,ENSG00000185561,ENSG00000185664,ENSG00000185666,ENSG00000185742,ENSG00000185760,ENSG00000185924,ENSG00000185955,ENSG00000186197,ENSG00000186367,ENSG00000186417,ENSG00000186897,ENSG00000187098,ENSG00000187323,ENSG00000187398,ENSG00000187634,ENSG00000188015,ENSG00000188051,ENSG00000188158,ENSG00000188162,ENSG00000188282,ENSG00000188620,ENSG00000188783,ENSG00000188816,ENSG00000196154,ENSG00000196187,ENSG00000196277,ENSG00000196502,ENSG00000196542,ENSG00000196562,ENSG00000196932,ENSG00000197093,ENSG00000197253,ENSG00000197385,ENSG00000197496,ENSG00000197747,ENSG00000197769,ENSG00000197935,ENSG00000197971,ENSG00000198113,ENSG00000198121,ENSG00000198125,ENSG00000198576,ENSG00000198682,ENSG00000198719,ENSG00000198768,ENSG00000198797,ENSG00000198835,ENSG00000198915,ENSG00000198939,ENSG00000203797,ENSG00000203883,ENSG00000204248,ENSG00000204335,ENSG00000204592,ENSG00000205097,ENSG00000205436,ENSG00000205795,ENSG00000213171,ENSG00000214402,ENSG00000214960,ENSG00000215397,ENSG00000215612,ENSG00000221866,ENSG00000226887,ENSG00000232810,ENSG00000237412,ENSG00000240583,ENSG00000243364,ENSG00000243566,ENSG00000250366,ENSG00000255690,ENSG00000258405,ENSG00000266302,ENSG00000268655,ENSG00000271447,ENSG00000271503,ENSG00000274588,ENSG00000276644"
"TF","Factor: MZF-1; motif: TGGGGAR; match class: 1","TF:M01733_1","false","0.010005752210525716","1.9997502564929708","3660","792","264","14387","ENSG00000001617,ENSG00000002586,ENSG00000002746,ENSG00000006756,ENSG00000007171,ENSG00000008311,ENSG00000012223,ENSG00000013364,ENSG00000019991,ENSG00000021762,ENSG00000038427,ENSG00000041982,ENSG00000048540,ENSG00000056998,ENSG00000063127,ENSG00000066468,ENSG00000066583,ENSG00000067798,ENSG00000068976,ENSG00000070404,ENSG00000070601,ENSG00000071967,ENSG00000074527,ENSG00000075275,ENSG00000078114,ENSG00000080709,ENSG00000082397,ENSG00000083454,ENSG00000086506,ENSG00000087116,ENSG00000088002,ENSG00000091409,ENSG00000091704,ENSG00000092421,ENSG00000095303,ENSG00000099399,ENSG00000100196,ENSG00000100314,ENSG00000100985,ENSG00000101000,ENSG00000101282,ENSG00000101463,ENSG00000102265,ENSG00000103154,ENSG00000103528,ENSG00000104894,ENSG00000105251,ENSG00000105427,ENSG00000105880,ENSG00000106538,ENSG00000106991,ENSG00000107147,ENSG00000108691,ENSG00000108821,ENSG00000109851,ENSG00000110492,ENSG00000111249,ENSG00000112038,ENSG00000112164,ENSG00000112183,ENSG00000112530,ENSG00000112541,ENSG00000114805,ENSG00000115461,ENSG00000115738,ENSG00000115896,ENSG00000116678,ENSG00000117318,ENSG00000117525,ENSG00000118292,ENSG00000119042,ENSG00000119411,ENSG00000119943,ENSG00000120306,ENSG00000120332,ENSG00000120645,ENSG00000121075,ENSG00000121904,ENSG00000121966,ENSG00000123609,ENSG00000123892,ENSG00000124260,ENSG00000125355,ENSG00000125730,ENSG00000126562,ENSG00000127418,ENSG00000127586,ENSG00000128052,ENSG00000128340,ENSG00000128594,ENSG00000130768,ENSG00000131459,ENSG00000132000,ENSG00000132170,ENSG00000135406,ENSG00000135902,ENSG00000136944,ENSG00000136997,ENSG00000137077,ENSG00000137331,ENSG00000137441,ENSG00000137460,ENSG00000137691,ENSG00000138119,ENSG00000138772,ENSG00000138795,ENSG00000139117,ENSG00000139269,ENSG00000139329,ENSG00000139352,ENSG00000139549,ENSG00000140675,ENSG00000142089,ENSG00000142173,ENSG00000142233,ENSG00000143355,ENSG00000143382,ENSG00000143416,ENSG00000144596,ENSG00000146376,ENSG00000147065,ENSG00000147255,ENSG00000147724,ENSG00000148175,ENSG00000148488,ENSG00000150594,ENSG00000152104,ENSG00000152137,ENSG00000152284,ENSG00000152377,ENSG00000154319,ENSG00000154928,ENSG00000156687,ENSG00000157087,ENSG00000157404,ENSG00000158113,ENSG00000158220,ENSG00000158270,ENSG00000158525,ENSG00000158560,ENSG00000159674,ENSG00000159713,ENSG00000159784,ENSG00000160013,ENSG00000160111,ENSG00000160179,ENSG00000160223,ENSG00000160883,ENSG00000161681,ENSG00000161835,ENSG00000162344,ENSG00000162576,ENSG00000162894,ENSG00000162951,ENSG00000163273,ENSG00000163793,ENSG00000164082,ENSG00000164176,ENSG00000165643,ENSG00000165646,ENSG00000165757,ENSG00000165917,ENSG00000165959,ENSG00000165973,ENSG00000166349,ENSG00000166482,ENSG00000166592,ENSG00000166801,ENSG00000166816,ENSG00000166825,ENSG00000166923,ENSG00000167767,ENSG00000167964,ENSG00000168071,ENSG00000168306,ENSG00000168505,ENSG00000168539,ENSG00000169247,ENSG00000169302,ENSG00000169427,ENSG00000169436,ENSG00000169583,ENSG00000169860,ENSG00000170419,ENSG00000170442,ENSG00000170775,ENSG00000170891,ENSG00000171219,ENSG00000171227,ENSG00000171303,ENSG00000171551,ENSG00000171631,ENSG00000172236,ENSG00000172247,ENSG00000172572,ENSG00000173068,ENSG00000173376,ENSG00000173930,ENSG00000174348,ENSG00000174672,ENSG00000175505,ENSG00000176293,ENSG00000176383,ENSG00000177301,ENSG00000177469,ENSG00000178401,ENSG00000179431,ENSG00000179954,ENSG00000180739,ENSG00000181019,ENSG00000181444,ENSG00000182489,ENSG00000182492,ENSG00000182771,ENSG00000183853,ENSG00000184254,ENSG00000184313,ENSG00000184838,ENSG00000185101,ENSG00000185551,ENSG00000185650,ENSG00000185664,ENSG00000185666,ENSG00000185742,ENSG00000185761,ENSG00000185924,ENSG00000185955,ENSG00000186827,ENSG00000188015,ENSG00000188051,ENSG00000188158,ENSG00000188162,ENSG00000188282,ENSG00000189292,ENSG00000196154,ENSG00000196277,ENSG00000196664,ENSG00000197093,ENSG00000197253,ENSG00000197496,ENSG00000198719,ENSG00000198797,ENSG00000203883,ENSG00000204248,ENSG00000204592,ENSG00000205795,ENSG00000213171,ENSG00000213694,ENSG00000214290,ENSG00000219438,ENSG00000224389,ENSG00000232810,ENSG00000233608,ENSG00000237412,ENSG00000243364,ENSG00000243566,ENSG00000244731,ENSG00000250366,ENSG00000258405,ENSG00000266074,ENSG00000266524,ENSG00000268655,ENSG00000271447,ENSG00000271503"
"TF","Factor: AP-4; motif: YCAGCTGNKN","TF:M10097","false","0.010715797478877121","1.9699755028500607","4337","792","304","14387","ENSG00000000971,ENSG00000005243,ENSG00000006071,ENSG00000006534,ENSG00000006611,ENSG00000008311,ENSG00000009694,ENSG00000011028,ENSG00000011465,ENSG00000013364,ENSG00000013588,ENSG00000014257,ENSG00000021645,ENSG00000041982,ENSG00000048740,ENSG00000049249,ENSG00000056998,ENSG00000064692,ENSG00000067798,ENSG00000069431,ENSG00000070404,ENSG00000070540,ENSG00000071967,ENSG00000074211,ENSG00000075035,ENSG00000075651,ENSG00000076944,ENSG00000077092,ENSG00000077238,ENSG00000078401,ENSG00000078579,ENSG00000083454,ENSG00000085276,ENSG00000087303,ENSG00000089169,ENSG00000090530,ENSG00000091592,ENSG00000091704,ENSG00000095587,ENSG00000095596,ENSG00000095713,ENSG00000099399,ENSG00000100626,ENSG00000100985,ENSG00000101282,ENSG00000101292,ENSG00000101955,ENSG00000102048,ENSG00000102265,ENSG00000103449,ENSG00000104332,ENSG00000104518,ENSG00000104894,ENSG00000104951,ENSG00000105251,ENSG00000105329,ENSG00000106538,ENSG00000106733,ENSG00000106991,ENSG00000108688,ENSG00000108691,ENSG00000108771,ENSG00000110169,ENSG00000110719,ENSG00000111199,ENSG00000111348,ENSG00000112137,ENSG00000112164,ENSG00000112183,ENSG00000113805,ENSG00000114251,ENSG00000115353,ENSG00000115414,ENSG00000115468,ENSG00000115738,ENSG00000116981,ENSG00000118292,ENSG00000119283,ENSG00000119411,ENSG00000119508,ENSG00000119699,ENSG00000120306,ENSG00000120658,ENSG00000120820,ENSG00000121075,ENSG00000121440,ENSG00000121904,ENSG00000123609,ENSG00000124260,ENSG00000124788,ENSG00000125538,ENSG00000125730,ENSG00000125968,ENSG00000127418,ENSG00000128340,ENSG00000128606,ENSG00000128849,ENSG00000129993,ENSG00000130203,ENSG00000130303,ENSG00000132386,ENSG00000132561,ENSG00000132854,ENSG00000135406,ENSG00000135697,ENSG00000135899,ENSG00000135902,ENSG00000135919,ENSG00000135926,ENSG00000136160,ENSG00000136546,ENSG00000137331,ENSG00000137441,ENSG00000137460,ENSG00000137491,ENSG00000137699,ENSG00000138162,ENSG00000138772,ENSG00000139117,ENSG00000139269,ENSG00000139410,ENSG00000140279,ENSG00000140285,ENSG00000142089,ENSG00000142173,ENSG00000142227,ENSG00000142233,ENSG00000143320,ENSG00000143382,ENSG00000143416,ENSG00000143816,ENSG00000143839,ENSG00000144824,ENSG00000145198,ENSG00000145451,ENSG00000146006,ENSG00000146700,ENSG00000147065,ENSG00000147119,ENSG00000149212,ENSG00000149488,ENSG00000151023,ENSG00000151360,ENSG00000152049,ENSG00000152104,ENSG00000152137,ENSG00000152377,ENSG00000152894,ENSG00000153993,ENSG00000154133,ENSG00000155367,ENSG00000155897,ENSG00000155974,ENSG00000156869,ENSG00000157103,ENSG00000157110,ENSG00000157404,ENSG00000157613,ENSG00000158022,ENSG00000158113,ENSG00000158220,ENSG00000158270,ENSG00000158525,ENSG00000159674,ENSG00000159713,ENSG00000160111,ENSG00000160223,ENSG00000160224,ENSG00000160471,ENSG00000160883,ENSG00000162105,ENSG00000162344,ENSG00000162576,ENSG00000162595,ENSG00000162624,ENSG00000162670,ENSG00000162951,ENSG00000163191,ENSG00000163273,ENSG00000163346,ENSG00000163394,ENSG00000163513,ENSG00000163673,ENSG00000164692,ENSG00000165140,ENSG00000165197,ENSG00000165757,ENSG00000165917,ENSG00000165995,ENSG00000166106,ENSG00000166292,ENSG00000166349,ENSG00000166816,ENSG00000166863,ENSG00000166923,ENSG00000166960,ENSG00000167588,ENSG00000167608,ENSG00000167767,ENSG00000167964,ENSG00000168412,ENSG00000168418,ENSG00000168497,ENSG00000168899,ENSG00000169064,ENSG00000169247,ENSG00000169427,ENSG00000169436,ENSG00000169583,ENSG00000169891,ENSG00000169903,ENSG00000170099,ENSG00000170419,ENSG00000170608,ENSG00000170891,ENSG00000171219,ENSG00000171227,ENSG00000171303,ENSG00000171631,ENSG00000171819,ENSG00000172236,ENSG00000172638,ENSG00000172985,ENSG00000173040,ENSG00000173376,ENSG00000173567,ENSG00000173805,ENSG00000174145,ENSG00000174740,ENSG00000174807,ENSG00000175426,ENSG00000175497,ENSG00000176293,ENSG00000176769,ENSG00000176971,ENSG00000177045,ENSG00000177272,ENSG00000177301,ENSG00000177459,ENSG00000177469,ENSG00000177511,ENSG00000177706,ENSG00000178125,ENSG00000179399,ENSG00000179431,ENSG00000180447,ENSG00000180739,ENSG00000181656,ENSG00000182489,ENSG00000182636,ENSG00000182871,ENSG00000183778,ENSG00000183779,ENSG00000184313,ENSG00000184564,ENSG00000185101,ENSG00000185201,ENSG00000185291,ENSG00000185650,ENSG00000185681,ENSG00000185742,ENSG00000185761,ENSG00000186367,ENSG00000186417,ENSG00000186529,ENSG00000187398,ENSG00000187486,ENSG00000187634,ENSG00000188015,ENSG00000188620,ENSG00000189409,ENSG00000196154,ENSG00000196277,ENSG00000196664,ENSG00000197093,ENSG00000197253,ENSG00000197321,ENSG00000197496,ENSG00000197766,ENSG00000197769,ENSG00000198125,ENSG00000198626,ENSG00000198797,ENSG00000198835,ENSG00000198939,ENSG00000198959,ENSG00000203772,ENSG00000203797,ENSG00000203883,ENSG00000204248,ENSG00000204381,ENSG00000205436,ENSG00000213171,ENSG00000219438,ENSG00000224389,ENSG00000232810,ENSG00000237412,ENSG00000244731,ENSG00000255346,ENSG00000255690,ENSG00000261787,ENSG00000266524,ENSG00000274588,ENSG00000276644"
"TF","Factor: TFAP4; motif: AWCAGCTGWT","TF:M04192","false","0.019315228062546933","1.7141001596019505","3720","792","266","14387","ENSG00000000971,ENSG00000003137,ENSG00000005243,ENSG00000006534,ENSG00000011028,ENSG00000011465,ENSG00000013364,ENSG00000013588,ENSG00000018408,ENSG00000021300,ENSG00000021645,ENSG00000041982,ENSG00000048740,ENSG00000049249,ENSG00000056998,ENSG00000066583,ENSG00000067798,ENSG00000069431,ENSG00000070540,ENSG00000070601,ENSG00000071967,ENSG00000074211,ENSG00000075651,ENSG00000076944,ENSG00000077092,ENSG00000077238,ENSG00000080709,ENSG00000083454,ENSG00000085276,ENSG00000086717,ENSG00000087303,ENSG00000089169,ENSG00000090530,ENSG00000091592,ENSG00000091704,ENSG00000095587,ENSG00000095713,ENSG00000099260,ENSG00000099399,ENSG00000100314,ENSG00000100626,ENSG00000101000,ENSG00000101282,ENSG00000101292,ENSG00000101463,ENSG00000101955,ENSG00000102048,ENSG00000102265,ENSG00000103316,ENSG00000103449,ENSG00000103528,ENSG00000104518,ENSG00000104894,ENSG00000105251,ENSG00000105329,ENSG00000106733,ENSG00000107282,ENSG00000108231,ENSG00000108688,ENSG00000108691,ENSG00000109956,ENSG00000110002,ENSG00000110195,ENSG00000110719,ENSG00000111199,ENSG00000112137,ENSG00000112183,ENSG00000113763,ENSG00000113805,ENSG00000115353,ENSG00000115414,ENSG00000115738,ENSG00000119411,ENSG00000119508,ENSG00000119699,ENSG00000120645,ENSG00000120658,ENSG00000121440,ENSG00000121904,ENSG00000123609,ENSG00000124788,ENSG00000125538,ENSG00000125968,ENSG00000127586,ENSG00000128052,ENSG00000128340,ENSG00000128594,ENSG00000128849,ENSG00000130203,ENSG00000131389,ENSG00000132386,ENSG00000132561,ENSG00000132854,ENSG00000134013,ENSG00000135406,ENSG00000135697,ENSG00000135899,ENSG00000135902,ENSG00000135926,ENSG00000136160,ENSG00000136546,ENSG00000136997,ENSG00000137077,ENSG00000137491,ENSG00000137699,ENSG00000138119,ENSG00000138395,ENSG00000138650,ENSG00000139117,ENSG00000139287,ENSG00000140279,ENSG00000140285,ENSG00000142173,ENSG00000143355,ENSG00000143382,ENSG00000143416,ENSG00000143839,ENSG00000144476,ENSG00000144824,ENSG00000145198,ENSG00000145451,ENSG00000145623,ENSG00000146006,ENSG00000146700,ENSG00000147065,ENSG00000147119,ENSG00000147724,ENSG00000147869,ENSG00000149212,ENSG00000149488,ENSG00000150907,ENSG00000151023,ENSG00000151360,ENSG00000152049,ENSG00000152104,ENSG00000152137,ENSG00000152894,ENSG00000153029,ENSG00000153707,ENSG00000153993,ENSG00000154133,ENSG00000154175,ENSG00000155849,ENSG00000155886,ENSG00000155897,ENSG00000155974,ENSG00000157103,ENSG00000157110,ENSG00000158022,ENSG00000158113,ENSG00000158220,ENSG00000158270,ENSG00000158525,ENSG00000159674,ENSG00000160223,ENSG00000160471,ENSG00000160883,ENSG00000161681,ENSG00000162595,ENSG00000162614,ENSG00000162624,ENSG00000162630,ENSG00000162670,ENSG00000162745,ENSG00000162951,ENSG00000163346,ENSG00000163394,ENSG00000163513,ENSG00000163673,ENSG00000165197,ENSG00000165757,ENSG00000165917,ENSG00000165923,ENSG00000165995,ENSG00000166106,ENSG00000166206,ENSG00000166292,ENSG00000166816,ENSG00000166923,ENSG00000166960,ENSG00000167608,ENSG00000167767,ENSG00000167964,ENSG00000168412,ENSG00000168418,ENSG00000168899,ENSG00000169583,ENSG00000169891,ENSG00000169903,ENSG00000170160,ENSG00000170419,ENSG00000170608,ENSG00000170891,ENSG00000171219,ENSG00000171551,ENSG00000171819,ENSG00000171848,ENSG00000172236,ENSG00000173040,ENSG00000173376,ENSG00000173567,ENSG00000174348,ENSG00000174740,ENSG00000174807,ENSG00000175426,ENSG00000175497,ENSG00000176383,ENSG00000176769,ENSG00000176971,ENSG00000177272,ENSG00000177301,ENSG00000177511,ENSG00000177706,ENSG00000178125,ENSG00000180447,ENSG00000181444,ENSG00000181656,ENSG00000182195,ENSG00000182489,ENSG00000182636,ENSG00000183778,ENSG00000184313,ENSG00000184564,ENSG00000185155,ENSG00000185201,ENSG00000185681,ENSG00000185742,ENSG00000185761,ENSG00000186367,ENSG00000186529,ENSG00000187398,ENSG00000187486,ENSG00000187634,ENSG00000188015,ENSG00000188282,ENSG00000189292,ENSG00000189409,ENSG00000196154,ENSG00000196562,ENSG00000196664,ENSG00000197093,ENSG00000197253,ENSG00000197321,ENSG00000197496,ENSG00000197580,ENSG00000198125,ENSG00000198797,ENSG00000203772,ENSG00000203797,ENSG00000204248,ENSG00000205097,ENSG00000205436,ENSG00000213171,ENSG00000214960,ENSG00000215612,ENSG00000224389,ENSG00000232810,ENSG00000233608,ENSG00000237412,ENSG00000244731,ENSG00000255346,ENSG00000255690,ENSG00000261115,ENSG00000266302,ENSG00000270011,ENSG00000276644"
"TF","Factor: AP4; motif: NMNCAGCTGGN","TF:M12580","false","0.023235716898644204","1.6338439235585924","4234","792","296","14387","ENSG00000000971,ENSG00000005243,ENSG00000006071,ENSG00000006534,ENSG00000008311,ENSG00000009694,ENSG00000011028,ENSG00000013364,ENSG00000013588,ENSG00000014257,ENSG00000021645,ENSG00000021762,ENSG00000041982,ENSG00000048740,ENSG00000049249,ENSG00000056998,ENSG00000063127,ENSG00000067798,ENSG00000069431,ENSG00000070404,ENSG00000070540,ENSG00000071967,ENSG00000074211,ENSG00000075035,ENSG00000075651,ENSG00000076944,ENSG00000077092,ENSG00000077238,ENSG00000078401,ENSG00000078579,ENSG00000085276,ENSG00000087303,ENSG00000089169,ENSG00000090530,ENSG00000090932,ENSG00000091592,ENSG00000091704,ENSG00000095587,ENSG00000095713,ENSG00000099399,ENSG00000100626,ENSG00000100985,ENSG00000101282,ENSG00000101292,ENSG00000101955,ENSG00000102048,ENSG00000102265,ENSG00000103154,ENSG00000103449,ENSG00000104332,ENSG00000104894,ENSG00000104951,ENSG00000105251,ENSG00000105329,ENSG00000106538,ENSG00000106733,ENSG00000106991,ENSG00000108688,ENSG00000108691,ENSG00000108771,ENSG00000110169,ENSG00000110719,ENSG00000111199,ENSG00000111348,ENSG00000112137,ENSG00000112164,ENSG00000112183,ENSG00000113805,ENSG00000114251,ENSG00000115353,ENSG00000115414,ENSG00000115468,ENSG00000115738,ENSG00000116981,ENSG00000118292,ENSG00000119283,ENSG00000119411,ENSG00000119508,ENSG00000119699,ENSG00000120306,ENSG00000120658,ENSG00000120820,ENSG00000121075,ENSG00000121440,ENSG00000121904,ENSG00000122679,ENSG00000123609,ENSG00000124260,ENSG00000124788,ENSG00000125538,ENSG00000125730,ENSG00000125968,ENSG00000127418,ENSG00000128340,ENSG00000128606,ENSG00000128849,ENSG00000129993,ENSG00000130203,ENSG00000130303,ENSG00000132386,ENSG00000132561,ENSG00000132854,ENSG00000134013,ENSG00000135406,ENSG00000135697,ENSG00000135899,ENSG00000135902,ENSG00000135919,ENSG00000135926,ENSG00000136160,ENSG00000136546,ENSG00000137331,ENSG00000137441,ENSG00000137460,ENSG00000137491,ENSG00000137699,ENSG00000138162,ENSG00000138772,ENSG00000139117,ENSG00000139269,ENSG00000139410,ENSG00000140279,ENSG00000140285,ENSG00000142089,ENSG00000142173,ENSG00000142227,ENSG00000142233,ENSG00000143320,ENSG00000143382,ENSG00000143416,ENSG00000143816,ENSG00000143839,ENSG00000144824,ENSG00000145198,ENSG00000145451,ENSG00000146006,ENSG00000146700,ENSG00000147065,ENSG00000147119,ENSG00000149212,ENSG00000149488,ENSG00000151023,ENSG00000151360,ENSG00000152049,ENSG00000152104,ENSG00000152137,ENSG00000152377,ENSG00000152894,ENSG00000153993,ENSG00000154133,ENSG00000155367,ENSG00000155897,ENSG00000155974,ENSG00000156869,ENSG00000157103,ENSG00000157110,ENSG00000157404,ENSG00000157613,ENSG00000158022,ENSG00000158113,ENSG00000158220,ENSG00000158270,ENSG00000158525,ENSG00000159674,ENSG00000159713,ENSG00000160111,ENSG00000160223,ENSG00000160224,ENSG00000160471,ENSG00000160883,ENSG00000162105,ENSG00000162344,ENSG00000162576,ENSG00000162595,ENSG00000162624,ENSG00000162670,ENSG00000162951,ENSG00000163191,ENSG00000163273,ENSG00000163346,ENSG00000163394,ENSG00000163513,ENSG00000163673,ENSG00000164692,ENSG00000165140,ENSG00000165197,ENSG00000165757,ENSG00000165917,ENSG00000165923,ENSG00000165995,ENSG00000166106,ENSG00000166349,ENSG00000166816,ENSG00000166863,ENSG00000166923,ENSG00000166960,ENSG00000167588,ENSG00000167608,ENSG00000167767,ENSG00000167964,ENSG00000168412,ENSG00000168418,ENSG00000168497,ENSG00000168899,ENSG00000169064,ENSG00000169247,ENSG00000169427,ENSG00000169436,ENSG00000169583,ENSG00000170099,ENSG00000170419,ENSG00000170608,ENSG00000170891,ENSG00000171219,ENSG00000171227,ENSG00000171303,ENSG00000171631,ENSG00000171819,ENSG00000172638,ENSG00000172985,ENSG00000173040,ENSG00000173376,ENSG00000173567,ENSG00000174145,ENSG00000174348,ENSG00000174740,ENSG00000174807,ENSG00000175426,ENSG00000175497,ENSG00000176293,ENSG00000176769,ENSG00000176971,ENSG00000177045,ENSG00000177272,ENSG00000177301,ENSG00000177459,ENSG00000177469,ENSG00000177511,ENSG00000177706,ENSG00000178125,ENSG00000179399,ENSG00000179431,ENSG00000179954,ENSG00000180447,ENSG00000180739,ENSG00000181656,ENSG00000182489,ENSG00000182636,ENSG00000182871,ENSG00000183778,ENSG00000183779,ENSG00000184313,ENSG00000184564,ENSG00000185201,ENSG00000185650,ENSG00000185681,ENSG00000185761,ENSG00000186367,ENSG00000186417,ENSG00000186529,ENSG00000187398,ENSG00000187486,ENSG00000188015,ENSG00000189409,ENSG00000196154,ENSG00000196277,ENSG00000196664,ENSG00000197093,ENSG00000197253,ENSG00000197321,ENSG00000197496,ENSG00000197766,ENSG00000197769,ENSG00000198125,ENSG00000198626,ENSG00000198797,ENSG00000198835,ENSG00000198939,ENSG00000198959,ENSG00000203772,ENSG00000203797,ENSG00000203883,ENSG00000204248,ENSG00000204381,ENSG00000205436,ENSG00000213171,ENSG00000215612,ENSG00000219438,ENSG00000224389,ENSG00000232810,ENSG00000237412,ENSG00000244731,ENSG00000261787,ENSG00000266524,ENSG00000274588,ENSG00000276644"
"TF","Factor: AP-4; motif: AWCAGCTGWT; match class: 1","TF:M11210_1","false","0.032355892035164466","1.4900466224030702","3226","792","235","14387","ENSG00000000971,ENSG00000003137,ENSG00000005243,ENSG00000006534,ENSG00000011465,ENSG00000013364,ENSG00000013588,ENSG00000018408,ENSG00000021300,ENSG00000021645,ENSG00000041982,ENSG00000048740,ENSG00000049249,ENSG00000056998,ENSG00000066583,ENSG00000067798,ENSG00000069431,ENSG00000070540,ENSG00000070601,ENSG00000071967,ENSG00000074211,ENSG00000075651,ENSG00000076944,ENSG00000077092,ENSG00000077238,ENSG00000080709,ENSG00000083454,ENSG00000085276,ENSG00000086717,ENSG00000089169,ENSG00000090530,ENSG00000091592,ENSG00000091704,ENSG00000095587,ENSG00000099399,ENSG00000100314,ENSG00000100626,ENSG00000101282,ENSG00000101292,ENSG00000101463,ENSG00000101955,ENSG00000102048,ENSG00000102265,ENSG00000103316,ENSG00000103449,ENSG00000103528,ENSG00000104518,ENSG00000104894,ENSG00000105251,ENSG00000105329,ENSG00000107282,ENSG00000108231,ENSG00000108688,ENSG00000108691,ENSG00000109956,ENSG00000110195,ENSG00000110719,ENSG00000111199,ENSG00000112137,ENSG00000112183,ENSG00000113763,ENSG00000113805,ENSG00000115353,ENSG00000115414,ENSG00000115738,ENSG00000119411,ENSG00000119508,ENSG00000119699,ENSG00000120645,ENSG00000120658,ENSG00000121440,ENSG00000121904,ENSG00000123609,ENSG00000124788,ENSG00000125538,ENSG00000125968,ENSG00000128052,ENSG00000128340,ENSG00000128594,ENSG00000128849,ENSG00000130203,ENSG00000132386,ENSG00000132561,ENSG00000132854,ENSG00000134013,ENSG00000135406,ENSG00000135697,ENSG00000135899,ENSG00000135902,ENSG00000135926,ENSG00000136160,ENSG00000136546,ENSG00000136997,ENSG00000137077,ENSG00000137491,ENSG00000137699,ENSG00000138119,ENSG00000138395,ENSG00000138650,ENSG00000139117,ENSG00000139287,ENSG00000140279,ENSG00000140285,ENSG00000142173,ENSG00000143355,ENSG00000143382,ENSG00000143416,ENSG00000143839,ENSG00000144476,ENSG00000145198,ENSG00000145451,ENSG00000145623,ENSG00000146006,ENSG00000147065,ENSG00000147119,ENSG00000147724,ENSG00000147869,ENSG00000149212,ENSG00000149488,ENSG00000150907,ENSG00000151360,ENSG00000152049,ENSG00000152137,ENSG00000152894,ENSG00000153029,ENSG00000153707,ENSG00000153993,ENSG00000154133,ENSG00000154175,ENSG00000155849,ENSG00000155886,ENSG00000155897,ENSG00000155974,ENSG00000157103,ENSG00000157110,ENSG00000158022,ENSG00000158113,ENSG00000158270,ENSG00000158525,ENSG00000159674,ENSG00000160223,ENSG00000160471,ENSG00000160883,ENSG00000161681,ENSG00000162595,ENSG00000162624,ENSG00000162630,ENSG00000162670,ENSG00000162745,ENSG00000162951,ENSG00000163346,ENSG00000163394,ENSG00000163513,ENSG00000163673,ENSG00000165757,ENSG00000165923,ENSG00000165995,ENSG00000166106,ENSG00000166206,ENSG00000166292,ENSG00000166816,ENSG00000166923,ENSG00000166960,ENSG00000167608,ENSG00000167767,ENSG00000167964,ENSG00000168412,ENSG00000168418,ENSG00000168899,ENSG00000169583,ENSG00000169891,ENSG00000169903,ENSG00000170160,ENSG00000170419,ENSG00000170608,ENSG00000170891,ENSG00000171551,ENSG00000171819,ENSG00000171848,ENSG00000172236,ENSG00000173040,ENSG00000173376,ENSG00000174348,ENSG00000174740,ENSG00000174807,ENSG00000175497,ENSG00000176383,ENSG00000176769,ENSG00000176971,ENSG00000177272,ENSG00000177301,ENSG00000177511,ENSG00000177706,ENSG00000178125,ENSG00000180447,ENSG00000181444,ENSG00000181656,ENSG00000182195,ENSG00000182489,ENSG00000183778,ENSG00000184313,ENSG00000184564,ENSG00000185666,ENSG00000185681,ENSG00000185742,ENSG00000185761,ENSG00000186367,ENSG00000187398,ENSG00000187486,ENSG00000187634,ENSG00000188282,ENSG00000189409,ENSG00000196562,ENSG00000196664,ENSG00000197093,ENSG00000197253,ENSG00000197321,ENSG00000197580,ENSG00000198125,ENSG00000198797,ENSG00000203797,ENSG00000204248,ENSG00000205097,ENSG00000205436,ENSG00000213171,ENSG00000214960,ENSG00000215612,ENSG00000232810,ENSG00000237412,ENSG00000255346,ENSG00000255690,ENSG00000261115,ENSG00000266302,ENSG00000270011,ENSG00000276644"
"TF","Factor: AP-4; motif: AWCAGCTGWT","TF:M11210","false","0.032355892035164466","1.4900466224030702","3226","792","235","14387","ENSG00000000971,ENSG00000003137,ENSG00000005243,ENSG00000006534,ENSG00000011465,ENSG00000013364,ENSG00000013588,ENSG00000018408,ENSG00000021300,ENSG00000021645,ENSG00000041982,ENSG00000048740,ENSG00000049249,ENSG00000056998,ENSG00000066583,ENSG00000067798,ENSG00000069431,ENSG00000070540,ENSG00000070601,ENSG00000071967,ENSG00000074211,ENSG00000075651,ENSG00000076944,ENSG00000077092,ENSG00000077238,ENSG00000080709,ENSG00000083454,ENSG00000085276,ENSG00000086717,ENSG00000089169,ENSG00000090530,ENSG00000091592,ENSG00000091704,ENSG00000095587,ENSG00000099399,ENSG00000100314,ENSG00000100626,ENSG00000101282,ENSG00000101292,ENSG00000101463,ENSG00000101955,ENSG00000102048,ENSG00000102265,ENSG00000103316,ENSG00000103449,ENSG00000103528,ENSG00000104518,ENSG00000104894,ENSG00000105251,ENSG00000105329,ENSG00000107282,ENSG00000108231,ENSG00000108688,ENSG00000108691,ENSG00000109956,ENSG00000110195,ENSG00000110719,ENSG00000111199,ENSG00000112137,ENSG00000112183,ENSG00000113763,ENSG00000113805,ENSG00000115353,ENSG00000115414,ENSG00000115738,ENSG00000119411,ENSG00000119508,ENSG00000119699,ENSG00000120645,ENSG00000120658,ENSG00000121440,ENSG00000121904,ENSG00000123609,ENSG00000124788,ENSG00000125538,ENSG00000125968,ENSG00000128052,ENSG00000128340,ENSG00000128594,ENSG00000128849,ENSG00000130203,ENSG00000132386,ENSG00000132561,ENSG00000132854,ENSG00000134013,ENSG00000135406,ENSG00000135697,ENSG00000135899,ENSG00000135902,ENSG00000135926,ENSG00000136160,ENSG00000136546,ENSG00000136997,ENSG00000137077,ENSG00000137491,ENSG00000137699,ENSG00000138119,ENSG00000138395,ENSG00000138650,ENSG00000139117,ENSG00000139287,ENSG00000140279,ENSG00000140285,ENSG00000142173,ENSG00000143355,ENSG00000143382,ENSG00000143416,ENSG00000143839,ENSG00000144476,ENSG00000145198,ENSG00000145451,ENSG00000145623,ENSG00000146006,ENSG00000147065,ENSG00000147119,ENSG00000147724,ENSG00000147869,ENSG00000149212,ENSG00000149488,ENSG00000150907,ENSG00000151360,ENSG00000152049,ENSG00000152137,ENSG00000152894,ENSG00000153029,ENSG00000153707,ENSG00000153993,ENSG00000154133,ENSG00000154175,ENSG00000155849,ENSG00000155886,ENSG00000155897,ENSG00000155974,ENSG00000157103,ENSG00000157110,ENSG00000158022,ENSG00000158113,ENSG00000158270,ENSG00000158525,ENSG00000159674,ENSG00000160223,ENSG00000160471,ENSG00000160883,ENSG00000161681,ENSG00000162595,ENSG00000162624,ENSG00000162630,ENSG00000162670,ENSG00000162745,ENSG00000162951,ENSG00000163346,ENSG00000163394,ENSG00000163513,ENSG00000163673,ENSG00000165757,ENSG00000165923,ENSG00000165995,ENSG00000166106,ENSG00000166206,ENSG00000166292,ENSG00000166816,ENSG00000166923,ENSG00000166960,ENSG00000167608,ENSG00000167767,ENSG00000167964,ENSG00000168412,ENSG00000168418,ENSG00000168899,ENSG00000169583,ENSG00000169891,ENSG00000169903,ENSG00000170160,ENSG00000170419,ENSG00000170608,ENSG00000170891,ENSG00000171551,ENSG00000171819,ENSG00000171848,ENSG00000172236,ENSG00000173040,ENSG00000173376,ENSG00000174348,ENSG00000174740,ENSG00000174807,ENSG00000175497,ENSG00000176383,ENSG00000176769,ENSG00000176971,ENSG00000177272,ENSG00000177301,ENSG00000177511,ENSG00000177706,ENSG00000178125,ENSG00000180447,ENSG00000181444,ENSG00000181656,ENSG00000182195,ENSG00000182489,ENSG00000183778,ENSG00000184313,ENSG00000184564,ENSG00000185666,ENSG00000185681,ENSG00000185742,ENSG00000185761,ENSG00000186367,ENSG00000187398,ENSG00000187486,ENSG00000187634,ENSG00000188282,ENSG00000189409,ENSG00000196562,ENSG00000196664,ENSG00000197093,ENSG00000197253,ENSG00000197321,ENSG00000197580,ENSG00000198125,ENSG00000198797,ENSG00000203797,ENSG00000204248,ENSG00000205097,ENSG00000205436,ENSG00000213171,ENSG00000214960,ENSG00000215612,ENSG00000232810,ENSG00000237412,ENSG00000255346,ENSG00000255690,ENSG00000261115,ENSG00000266302,ENSG00000270011,ENSG00000276644"
"TF","Factor: MED8; motif: CYYNSCYYCCTSCNCC; match class: 1","TF:M13128_1","false","0.03735007862408717","1.4277084796324844","6266","792","411","14387","ENSG00000001617,ENSG00000002586,ENSG00000002746,ENSG00000003137,ENSG00000005243,ENSG00000006016,ENSG00000006071,ENSG00000006534,ENSG00000006611,ENSG00000006756,ENSG00000007171,ENSG00000011028,ENSG00000013364,ENSG00000013588,ENSG00000014914,ENSG00000018408,ENSG00000021300,ENSG00000021762,ENSG00000038427,ENSG00000048740,ENSG00000049323,ENSG00000053108,ENSG00000054598,ENSG00000056998,ENSG00000063127,ENSG00000064300,ENSG00000064666,ENSG00000066583,ENSG00000067182,ENSG00000068976,ENSG00000070540,ENSG00000070601,ENSG00000073792,ENSG00000074211,ENSG00000074527,ENSG00000075643,ENSG00000076944,ENSG00000078114,ENSG00000078579,ENSG00000080573,ENSG00000080854,ENSG00000082397,ENSG00000083454,ENSG00000087116,ENSG00000087303,ENSG00000088002,ENSG00000091129,ENSG00000091490,ENSG00000091592,ENSG00000095596,ENSG00000099256,ENSG00000099260,ENSG00000099399,ENSG00000100095,ENSG00000100196,ENSG00000100302,ENSG00000100314,ENSG00000101000,ENSG00000101282,ENSG00000101292,ENSG00000101489,ENSG00000101955,ENSG00000102048,ENSG00000102265,ENSG00000102996,ENSG00000103154,ENSG00000103316,ENSG00000103449,ENSG00000103528,ENSG00000104332,ENSG00000104518,ENSG00000104826,ENSG00000104894,ENSG00000104951,ENSG00000105251,ENSG00000105329,ENSG00000105464,ENSG00000105880,ENSG00000106538,ENSG00000106991,ENSG00000107147,ENSG00000107282,ENSG00000108771,ENSG00000108821,ENSG00000109956,ENSG00000110492,ENSG00000110719,ENSG00000111087,ENSG00000111249,ENSG00000112137,ENSG00000112164,ENSG00000112183,ENSG00000112530,ENSG00000112893,ENSG00000113739,ENSG00000113763,ENSG00000114251,ENSG00000115353,ENSG00000115461,ENSG00000115468,ENSG00000116299,ENSG00000118292,ENSG00000118503,ENSG00000119042,ENSG00000119283,ENSG00000119403,ENSG00000119655,ENSG00000119699,ENSG00000119943,ENSG00000120306,ENSG00000120594,ENSG00000120645,ENSG00000120658,ENSG00000120820,ENSG00000120885,ENSG00000121440,ENSG00000121904,ENSG00000122679,ENSG00000123892,ENSG00000124260,ENSG00000124788,ENSG00000125355,ENSG00000125730,ENSG00000125851,ENSG00000126458,ENSG00000126562,ENSG00000126778,ENSG00000127418,ENSG00000128052,ENSG00000128594,ENSG00000129159,ENSG00000129422,ENSG00000129993,ENSG00000130203,ENSG00000130433,ENSG00000130635,ENSG00000130700,ENSG00000130707,ENSG00000130962,ENSG00000131459,ENSG00000132000,ENSG00000132164,ENSG00000132386,ENSG00000133958,ENSG00000135048,ENSG00000135116,ENSG00000135253,ENSG00000135406,ENSG00000135697,ENSG00000135926,ENSG00000136546,ENSG00000136944,ENSG00000136997,ENSG00000137460,ENSG00000137491,ENSG00000137699,ENSG00000137727,ENSG00000137962,ENSG00000138083,ENSG00000138162,ENSG00000138735,ENSG00000138795,ENSG00000139117,ENSG00000139219,ENSG00000139269,ENSG00000139352,ENSG00000139438,ENSG00000139549,ENSG00000139629,ENSG00000141526,ENSG00000142173,ENSG00000142227,ENSG00000142233,ENSG00000143036,ENSG00000143320,ENSG00000143355,ENSG00000143416,ENSG00000143816,ENSG00000143839,ENSG00000143869,ENSG00000144596,ENSG00000144645,ENSG00000145012,ENSG00000145198,ENSG00000145623,ENSG00000145819,ENSG00000146233,ENSG00000147119,ENSG00000147255,ENSG00000147724,ENSG00000148053,ENSG00000148175,ENSG00000148908,ENSG00000149131,ENSG00000149212,ENSG00000149488,ENSG00000149527,ENSG00000149809,ENSG00000150457,ENSG00000150594,ENSG00000151023,ENSG00000151360,ENSG00000151615,ENSG00000152104,ENSG00000152137,ENSG00000152284,ENSG00000152377,ENSG00000152402,ENSG00000152527,ENSG00000152894,ENSG00000153291,ENSG00000154065,ENSG00000154319,ENSG00000155367,ENSG00000155849,ENSG00000155897,ENSG00000156564,ENSG00000157087,ENSG00000157103,ENSG00000157110,ENSG00000157404,ENSG00000158014,ENSG00000158156,ENSG00000158220,ENSG00000158270,ENSG00000158560,ENSG00000159674,ENSG00000159713,ENSG00000159784,ENSG00000160013,ENSG00000160111,ENSG00000160223,ENSG00000160224,ENSG00000160349,ENSG00000160471,ENSG00000161681,ENSG00000161835,ENSG00000162105,ENSG00000162344,ENSG00000162496,ENSG00000162576,ENSG00000162595,ENSG00000162614,ENSG00000162951,ENSG00000162998,ENSG00000163191,ENSG00000163273,ENSG00000163359,ENSG00000163377,ENSG00000163394,ENSG00000163430,ENSG00000163637,ENSG00000163673,ENSG00000164082,ENSG00000164176,ENSG00000164326,ENSG00000164692,ENSG00000165194,ENSG00000165643,ENSG00000165646,ENSG00000165895,ENSG00000165917,ENSG00000165959,ENSG00000165973,ENSG00000165995,ENSG00000166206,ENSG00000166349,ENSG00000166482,ENSG00000166825,ENSG00000167588,ENSG00000167608,ENSG00000167664,ENSG00000167767,ENSG00000167964,ENSG00000168071,ENSG00000168306,ENSG00000168505,ENSG00000168539,ENSG00000168679,ENSG00000168938,ENSG00000168994,ENSG00000169247,ENSG00000169302,ENSG00000169427,ENSG00000169436,ENSG00000169583,ENSG00000169871,ENSG00000169891,ENSG00000170442,ENSG00000170608,ENSG00000170775,ENSG00000171219,ENSG00000171303,ENSG00000171551,ENSG00000171812,ENSG00000172201,ENSG00000172236,ENSG00000172247,ENSG00000172638,ENSG00000172987,ENSG00000173040,ENSG00000173068,ENSG00000173376,ENSG00000173930,ENSG00000174145,ENSG00000174672,ENSG00000174807,ENSG00000175183,ENSG00000175426,ENSG00000175497,ENSG00000175505,ENSG00000176769,ENSG00000176884,ENSG00000176971,ENSG00000177045,ENSG00000177182,ENSG00000177301,ENSG00000177374,ENSG00000177469,ENSG00000177511,ENSG00000177706,ENSG00000178401,ENSG00000179242,ENSG00000179431,ENSG00000179546,ENSG00000179954,ENSG00000180447,ENSG00000181019,ENSG00000181656,ENSG00000182492,ENSG00000182636,ENSG00000182771,ENSG00000182836,ENSG00000182871,ENSG00000183654,ENSG00000183722,ENSG00000183779,ENSG00000183837,ENSG00000183853,ENSG00000184254,ENSG00000185101,ENSG00000185155,ENSG00000185345,ENSG00000185551,ENSG00000185650,ENSG00000185742,ENSG00000185761,ENSG00000185924,ENSG00000185955,ENSG00000186197,ENSG00000186417,ENSG00000186529,ENSG00000186827,ENSG00000186838,ENSG00000186897,ENSG00000187486,ENSG00000187634,ENSG00000188158,ENSG00000188620,ENSG00000188816,ENSG00000189292,ENSG00000189409,ENSG00000196092,ENSG00000196277,ENSG00000196502,ENSG00000196562,ENSG00000196932,ENSG00000197253,ENSG00000197385,ENSG00000197496,ENSG00000197712,ENSG00000197766,ENSG00000197769,ENSG00000197971,ENSG00000198113,ENSG00000198125,ENSG00000198626,ENSG00000198682,ENSG00000198719,ENSG00000198768,ENSG00000198835,ENSG00000198879,ENSG00000198915,ENSG00000198939,ENSG00000198959,ENSG00000198963,ENSG00000203772,ENSG00000203883,ENSG00000204248,ENSG00000204335,ENSG00000213171,ENSG00000214290,ENSG00000214402,ENSG00000215397,ENSG00000215612,ENSG00000219438,ENSG00000221866,ENSG00000224389,ENSG00000226887,ENSG00000230873,ENSG00000237412,ENSG00000240583,ENSG00000243364,ENSG00000244731,ENSG00000250366,ENSG00000255346,ENSG00000261115,ENSG00000266074,ENSG00000266524,ENSG00000271447,ENSG00000276644"
"TF","Factor: NF-kappaB; motif: GGGGATYCCC","TF:M00051","false","0.04319990766364361","1.3645171814539054","5019","792","340","14387","ENSG00000001617,ENSG00000002586,ENSG00000002746,ENSG00000003137,ENSG00000005243,ENSG00000006071,ENSG00000006611,ENSG00000013364,ENSG00000021300,ENSG00000021762,ENSG00000023445,ENSG00000048740,ENSG00000049323,ENSG00000054598,ENSG00000064300,ENSG00000064666,ENSG00000066583,ENSG00000067182,ENSG00000070404,ENSG00000070601,ENSG00000073756,ENSG00000073792,ENSG00000074211,ENSG00000074527,ENSG00000075275,ENSG00000075643,ENSG00000077092,ENSG00000078401,ENSG00000080709,ENSG00000080854,ENSG00000082397,ENSG00000083454,ENSG00000083857,ENSG00000086506,ENSG00000087116,ENSG00000087303,ENSG00000088002,ENSG00000090932,ENSG00000091490,ENSG00000091592,ENSG00000091704,ENSG00000091986,ENSG00000095303,ENSG00000095587,ENSG00000095596,ENSG00000100314,ENSG00000100985,ENSG00000101282,ENSG00000101292,ENSG00000101955,ENSG00000102996,ENSG00000103154,ENSG00000103449,ENSG00000103490,ENSG00000103528,ENSG00000103546,ENSG00000104332,ENSG00000104826,ENSG00000104894,ENSG00000105251,ENSG00000105329,ENSG00000105427,ENSG00000105464,ENSG00000105880,ENSG00000106538,ENSG00000107147,ENSG00000107282,ENSG00000108691,ENSG00000108771,ENSG00000108932,ENSG00000110169,ENSG00000110719,ENSG00000111199,ENSG00000111249,ENSG00000111348,ENSG00000112183,ENSG00000113763,ENSG00000114805,ENSG00000115461,ENSG00000116852,ENSG00000117318,ENSG00000117594,ENSG00000118292,ENSG00000118503,ENSG00000119042,ENSG00000119283,ENSG00000119411,ENSG00000119699,ENSG00000119943,ENSG00000120645,ENSG00000120658,ENSG00000120820,ENSG00000120885,ENSG00000121904,ENSG00000122035,ENSG00000122679,ENSG00000123146,ENSG00000123609,ENSG00000123892,ENSG00000124260,ENSG00000124466,ENSG00000124788,ENSG00000125730,ENSG00000126458,ENSG00000126562,ENSG00000127418,ENSG00000128340,ENSG00000128606,ENSG00000130303,ENSG00000130433,ENSG00000130635,ENSG00000131459,ENSG00000132170,ENSG00000132256,ENSG00000132386,ENSG00000132854,ENSG00000134013,ENSG00000134508,ENSG00000135048,ENSG00000135116,ENSG00000135253,ENSG00000135406,ENSG00000135902,ENSG00000135919,ENSG00000135926,ENSG00000136944,ENSG00000137077,ENSG00000137441,ENSG00000137460,ENSG00000137491,ENSG00000137691,ENSG00000137699,ENSG00000137727,ENSG00000138083,ENSG00000138795,ENSG00000139117,ENSG00000139219,ENSG00000139269,ENSG00000139329,ENSG00000139629,ENSG00000140527,ENSG00000141337,ENSG00000141526,ENSG00000141668,ENSG00000142173,ENSG00000142227,ENSG00000142233,ENSG00000143036,ENSG00000143416,ENSG00000143772,ENSG00000143816,ENSG00000143839,ENSG00000143869,ENSG00000143995,ENSG00000144476,ENSG00000144596,ENSG00000144645,ENSG00000144824,ENSG00000145012,ENSG00000145103,ENSG00000145198,ENSG00000145623,ENSG00000147065,ENSG00000147256,ENSG00000147724,ENSG00000148175,ENSG00000148908,ENSG00000149131,ENSG00000149212,ENSG00000149809,ENSG00000150457,ENSG00000150594,ENSG00000152284,ENSG00000152377,ENSG00000152402,ENSG00000152527,ENSG00000152894,ENSG00000153993,ENSG00000154133,ENSG00000154319,ENSG00000154928,ENSG00000155367,ENSG00000155849,ENSG00000156564,ENSG00000156687,ENSG00000157103,ENSG00000158014,ENSG00000158022,ENSG00000158113,ENSG00000159674,ENSG00000159713,ENSG00000159784,ENSG00000160111,ENSG00000160179,ENSG00000160223,ENSG00000160224,ENSG00000160349,ENSG00000160471,ENSG00000161835,ENSG00000162576,ENSG00000162614,ENSG00000162624,ENSG00000163273,ENSG00000163394,ENSG00000163430,ENSG00000163513,ENSG00000163637,ENSG00000164082,ENSG00000164176,ENSG00000165194,ENSG00000165646,ENSG00000165757,ENSG00000165895,ENSG00000165917,ENSG00000165973,ENSG00000166106,ENSG00000166206,ENSG00000166592,ENSG00000166801,ENSG00000166923,ENSG00000167608,ENSG00000167767,ENSG00000168071,ENSG00000168306,ENSG00000168412,ENSG00000168539,ENSG00000168671,ENSG00000168843,ENSG00000168899,ENSG00000168938,ENSG00000169436,ENSG00000169583,ENSG00000170160,ENSG00000170442,ENSG00000170608,ENSG00000170775,ENSG00000171303,ENSG00000171551,ENSG00000171631,ENSG00000171812,ENSG00000172236,ENSG00000172638,ENSG00000173040,ENSG00000173068,ENSG00000173567,ENSG00000173805,ENSG00000173930,ENSG00000174807,ENSG00000175183,ENSG00000175426,ENSG00000175497,ENSG00000176383,ENSG00000176884,ENSG00000176971,ENSG00000177045,ENSG00000177272,ENSG00000177706,ENSG00000178401,ENSG00000179431,ENSG00000179546,ENSG00000179954,ENSG00000180739,ENSG00000181019,ENSG00000181656,ENSG00000181744,ENSG00000182195,ENSG00000182492,ENSG00000183098,ENSG00000183654,ENSG00000183722,ENSG00000183779,ENSG00000183837,ENSG00000183853,ENSG00000184313,ENSG00000184613,ENSG00000184838,ENSG00000185155,ENSG00000185201,ENSG00000185551,ENSG00000185650,ENSG00000185742,ENSG00000185761,ENSG00000185955,ENSG00000186197,ENSG00000186529,ENSG00000186827,ENSG00000186838,ENSG00000186897,ENSG00000187634,ENSG00000188015,ENSG00000188051,ENSG00000188158,ENSG00000188282,ENSG00000188620,ENSG00000188833,ENSG00000189409,ENSG00000196154,ENSG00000196502,ENSG00000196542,ENSG00000196664,ENSG00000196932,ENSG00000197093,ENSG00000197253,ENSG00000197385,ENSG00000197712,ENSG00000197766,ENSG00000197769,ENSG00000197971,ENSG00000198125,ENSG00000198626,ENSG00000198682,ENSG00000198719,ENSG00000198768,ENSG00000198797,ENSG00000198835,ENSG00000198915,ENSG00000198963,ENSG00000203883,ENSG00000204248,ENSG00000204381,ENSG00000204592,ENSG00000205795,ENSG00000214290,ENSG00000214402,ENSG00000214960,ENSG00000215397,ENSG00000224389,ENSG00000232810,ENSG00000233608,ENSG00000237412,ENSG00000243364,ENSG00000243566,ENSG00000244731,ENSG00000250366,ENSG00000255346,ENSG00000261787,ENSG00000266302,ENSG00000268655,ENSG00000270011,ENSG00000271503"
"TF","Factor: KLF; motif: GGGNGGGG; match class: 1","TF:M07461_1","false","0.04695286027854005","1.3283379462019265","2734","792","204","14387","ENSG00000001617,ENSG00000002586,ENSG00000002746,ENSG00000003137,ENSG00000006016,ENSG00000006071,ENSG00000013364,ENSG00000013588,ENSG00000018408,ENSG00000021762,ENSG00000023445,ENSG00000038427,ENSG00000067182,ENSG00000070404,ENSG00000070540,ENSG00000071967,ENSG00000073792,ENSG00000074211,ENSG00000075275,ENSG00000075643,ENSG00000080573,ENSG00000082397,ENSG00000083454,ENSG00000085276,ENSG00000090932,ENSG00000091129,ENSG00000091409,ENSG00000091490,ENSG00000091986,ENSG00000095713,ENSG00000099953,ENSG00000100196,ENSG00000100302,ENSG00000100314,ENSG00000100626,ENSG00000100979,ENSG00000100985,ENSG00000101489,ENSG00000103154,ENSG00000103528,ENSG00000104826,ENSG00000104951,ENSG00000105427,ENSG00000105464,ENSG00000106991,ENSG00000107147,ENSG00000107282,ENSG00000108821,ENSG00000108932,ENSG00000109956,ENSG00000110195,ENSG00000110492,ENSG00000110719,ENSG00000111087,ENSG00000111199,ENSG00000113763,ENSG00000115414,ENSG00000115461,ENSG00000115738,ENSG00000116852,ENSG00000117318,ENSG00000118292,ENSG00000119042,ENSG00000119283,ENSG00000119403,ENSG00000119699,ENSG00000120332,ENSG00000120645,ENSG00000120820,ENSG00000121904,ENSG00000122679,ENSG00000123146,ENSG00000124260,ENSG00000125851,ENSG00000126562,ENSG00000127586,ENSG00000128340,ENSG00000128594,ENSG00000129993,ENSG00000130433,ENSG00000130635,ENSG00000130962,ENSG00000131459,ENSG00000132000,ENSG00000132170,ENSG00000132386,ENSG00000133958,ENSG00000134508,ENSG00000135253,ENSG00000135406,ENSG00000135902,ENSG00000136997,ENSG00000137077,ENSG00000137727,ENSG00000139269,ENSG00000139438,ENSG00000141337,ENSG00000142173,ENSG00000142227,ENSG00000142233,ENSG00000143320,ENSG00000143416,ENSG00000143869,ENSG00000144488,ENSG00000144596,ENSG00000144645,ENSG00000144824,ENSG00000145198,ENSG00000147065,ENSG00000147255,ENSG00000147256,ENSG00000149131,ENSG00000149527,ENSG00000150281,ENSG00000150594,ENSG00000150907,ENSG00000151615,ENSG00000152104,ENSG00000152377,ENSG00000152467,ENSG00000152894,ENSG00000156564,ENSG00000158014,ENSG00000158525,ENSG00000159674,ENSG00000160013,ENSG00000160111,ENSG00000160223,ENSG00000160349,ENSG00000160471,ENSG00000161681,ENSG00000162105,ENSG00000162496,ENSG00000162576,ENSG00000163377,ENSG00000163793,ENSG00000164326,ENSG00000165197,ENSG00000165643,ENSG00000165959,ENSG00000166105,ENSG00000166206,ENSG00000166482,ENSG00000166592,ENSG00000166863,ENSG00000167588,ENSG00000167641,ENSG00000167767,ENSG00000167964,ENSG00000168071,ENSG00000168505,ENSG00000169427,ENSG00000169436,ENSG00000169583,ENSG00000169871,ENSG00000170442,ENSG00000170775,ENSG00000170891,ENSG00000171303,ENSG00000171551,ENSG00000172236,ENSG00000173805,ENSG00000174348,ENSG00000174672,ENSG00000174807,ENSG00000175505,ENSG00000177301,ENSG00000177374,ENSG00000177469,ENSG00000181444,ENSG00000181744,ENSG00000183779,ENSG00000183837,ENSG00000183853,ENSG00000184313,ENSG00000185101,ENSG00000185291,ENSG00000185561,ENSG00000185650,ENSG00000185681,ENSG00000185761,ENSG00000186897,ENSG00000187098,ENSG00000187323,ENSG00000188620,ENSG00000188833,ENSG00000189409,ENSG00000196277,ENSG00000196502,ENSG00000197093,ENSG00000197253,ENSG00000197385,ENSG00000197769,ENSG00000198835,ENSG00000198879,ENSG00000204248,ENSG00000213171,ENSG00000221866,ENSG00000237412,ENSG00000243566,ENSG00000258405,ENSG00000268655,ENSG00000271447,ENSG00000276644"
"MIRNA","hsa-mir-335-5p","MIRNA:hsa-mir-335-5p","false","0.00003093136479461275","4.509600917058166","1679","792","150","14387","ENSG00000006071,ENSG00000006611,ENSG00000018408,ENSG00000021300,ENSG00000041982,ENSG00000048540,ENSG00000049249,ENSG00000049323,ENSG00000063127,ENSG00000064300,ENSG00000068976,ENSG00000073756,ENSG00000073792,ENSG00000074527,ENSG00000075643,ENSG00000081041,ENSG00000091490,ENSG00000091592,ENSG00000095596,ENSG00000100626,ENSG00000100979,ENSG00000100985,ENSG00000101282,ENSG00000101489,ENSG00000103528,ENSG00000104332,ENSG00000104894,ENSG00000105427,ENSG00000105464,ENSG00000105880,ENSG00000106538,ENSG00000108932,ENSG00000111087,ENSG00000111199,ENSG00000114200,ENSG00000114541,ENSG00000116678,ENSG00000116981,ENSG00000117594,ENSG00000119943,ENSG00000120549,ENSG00000124466,ENSG00000124788,ENSG00000127418,ENSG00000128052,ENSG00000128594,ENSG00000128606,ENSG00000128849,ENSG00000129159,ENSG00000129422,ENSG00000130164,ENSG00000130529,ENSG00000130649,ENSG00000130700,ENSG00000131389,ENSG00000132386,ENSG00000134121,ENSG00000134532,ENSG00000136997,ENSG00000137699,ENSG00000138162,ENSG00000138735,ENSG00000139269,ENSG00000139549,ENSG00000143355,ENSG00000143416,ENSG00000143816,ENSG00000143839,ENSG00000144596,ENSG00000145103,ENSG00000145623,ENSG00000146233,ENSG00000146411,ENSG00000147256,ENSG00000147606,ENSG00000148053,ENSG00000149131,ENSG00000149212,ENSG00000149809,ENSG00000150907,ENSG00000152104,ENSG00000152402,ENSG00000152527,ENSG00000154065,ENSG00000154133,ENSG00000154654,ENSG00000155158,ENSG00000157404,ENSG00000158014,ENSG00000158022,ENSG00000158560,ENSG00000159713,ENSG00000160111,ENSG00000160349,ENSG00000161681,ENSG00000162496,ENSG00000162576,ENSG00000163346,ENSG00000163513,ENSG00000163637,ENSG00000163793,ENSG00000164509,ENSG00000164946,ENSG00000165923,ENSG00000165959,ENSG00000166592,ENSG00000167964,ENSG00000168505,ENSG00000168542,ENSG00000168679,ENSG00000168899,ENSG00000168994,ENSG00000169247,ENSG00000169427,ENSG00000169583,ENSG00000169891,ENSG00000170006,ENSG00000170608,ENSG00000170775,ENSG00000170891,ENSG00000171812,ENSG00000172201,ENSG00000173930,ENSG00000174348,ENSG00000176293,ENSG00000176383,ENSG00000176723,ENSG00000177374,ENSG00000177465,ENSG00000179546,ENSG00000181072,ENSG00000181444,ENSG00000182489,ENSG00000185664,ENSG00000186487,ENSG00000197093,ENSG00000197321,ENSG00000197496,ENSG00000197712,ENSG00000198626,ENSG00000198719,ENSG00000198768,ENSG00000198915,ENSG00000198939,ENSG00000198963,ENSG00000203883,ENSG00000214402,ENSG00000221866,ENSG00000266524,ENSG00000276644"
"HPA","Skin 2; extracellular matrix[≥Low]","HPA:0471431","false","0.00003264382337761022","4.486198980599735","53","792","15","14387","ENSG00000000971,ENSG00000011465,ENSG00000091409,ENSG00000112137,ENSG00000115414,ENSG00000125730,ENSG00000130203,ENSG00000139329,ENSG00000142173,ENSG00000149131,ENSG00000163359,ENSG00000174807,ENSG00000182871,ENSG00000196154,ENSG00000197747"
"HPA","Skin 1; extracellular matrix[≥Low]","HPA:0461431","false","0.00007661635410793396","4.115678518347188","49","792","14","14387","ENSG00000000971,ENSG00000011465,ENSG00000091409,ENSG00000112137,ENSG00000115414,ENSG00000125730,ENSG00000130203,ENSG00000139329,ENSG00000142173,ENSG00000163359,ENSG00000174807,ENSG00000182871,ENSG00000196154,ENSG00000197747"
"HPA","Endometrium","HPA:0640000","false","0.00023567521579354338","3.6276860865891627","77","792","17","14387","ENSG00000008394,ENSG00000011028,ENSG00000011465,ENSG00000038427,ENSG00000115414,ENSG00000130203,ENSG00000140795,ENSG00000143320,ENSG00000152661,ENSG00000156042,ENSG00000159713,ENSG00000168497,ENSG00000196549,ENSG00000198523,ENSG00000198959,ENSG00000240583,ENSG00000271503"
"HPA","Skin 1; extracellular matrix[High]","HPA:0461433","false","0.0028687652526213536","2.5423049880601263","21","792","8","14387","ENSG00000011465,ENSG00000130203,ENSG00000139329,ENSG00000142173,ENSG00000174807,ENSG00000182871,ENSG00000196154,ENSG00000197747"
"HPA","Hypothalamus","HPA:0260000","false","0.0028687652526213536","2.5423049880601263","21","792","8","14387","ENSG00000105464,ENSG00000125851,ENSG00000147256,ENSG00000159713,ENSG00000164326,ENSG00000171551,ENSG00000187398,ENSG00000188816"
"HPA","Endometrium; stromal fibroblasts[High]","HPA:0641533","false","0.0062638130121313255","2.203161215351717","23","792","8","14387","ENSG00000011028,ENSG00000011465,ENSG00000038427,ENSG00000115414,ENSG00000143320,ENSG00000152661,ENSG00000196549,ENSG00000198959"
"HPA","Skin 2; extracellular matrix[≥Medium]","HPA:0471432","false","0.011736152672422864","1.930474249509055","39","792","10","14387","ENSG00000011465,ENSG00000091409,ENSG00000115414,ENSG00000125730,ENSG00000139329,ENSG00000142173,ENSG00000174807,ENSG00000182871,ENSG00000196154,ENSG00000197747"
"HPA","Skin 1; extracellular matrix[≥Medium]","HPA:0461432","false","0.011736152672422864","1.930474249509055","39","792","10","14387","ENSG00000011465,ENSG00000115414,ENSG00000125730,ENSG00000130203,ENSG00000139329,ENSG00000142173,ENSG00000174807,ENSG00000182871,ENSG00000196154,ENSG00000197747"
"HPA","Rectum; mucosal lymphoid cells[≥Low]","HPA:0401331","false","0.02221705405700899","1.6533135282756557","421","792","43","14387","ENSG00000006611,ENSG00000008394,ENSG00000010671,ENSG00000023445,ENSG00000038427,ENSG00000048740,ENSG00000073756,ENSG00000083454,ENSG00000085276,ENSG00000091592,ENSG00000095303,ENSG00000099260,ENSG00000100985,ENSG00000103490,ENSG00000104894,ENSG00000107165,ENSG00000109956,ENSG00000111348,ENSG00000119655,ENSG00000123146,ENSG00000137693,ENSG00000138772,ENSG00000143416,ENSG00000157404,ENSG00000157613,ENSG00000159713,ENSG00000165995,ENSG00000167588,ENSG00000167641,ENSG00000168899,ENSG00000169903,ENSG00000171631,ENSG00000172236,ENSG00000177409,ENSG00000182871,ENSG00000186529,ENSG00000187098,ENSG00000196664,ENSG00000197253,ENSG00000197580,ENSG00000197747,ENSG00000203797,ENSG00000271503"
"HPA","Skin 2; extracellular matrix[High]","HPA:0471433","false","0.04038704976169694","1.393757870499536","22","792","7","14387","ENSG00000115414,ENSG00000139329,ENSG00000142173,ENSG00000174807,ENSG00000182871,ENSG00000196154,ENSG00000197747"
"HPA","Endometrium; smooth muscle cells[≥Low]","HPA:0640691","false","0.043624101078760795","1.3602735090426454","45","792","10","14387","ENSG00000008394,ENSG00000011028,ENSG00000038427,ENSG00000115414,ENSG00000130203,ENSG00000143320,ENSG00000168497,ENSG00000198523,ENSG00000198959,ENSG00000240583"
"HP","Autosomal dominant inheritance","HP:0000006","false","8.793248767122598e-8","7.055850640175193","1578","792","147","14387","ENSG00000000971,ENSG00000006071,ENSG00000011465,ENSG00000038427,ENSG00000041982,ENSG00000048740,ENSG00000054598,ENSG00000064692,ENSG00000066468,ENSG00000067182,ENSG00000069431,ENSG00000073331,ENSG00000073792,ENSG00000075213,ENSG00000075275,ENSG00000077092,ENSG00000078401,ENSG00000080709,ENSG00000085276,ENSG00000091592,ENSG00000101292,ENSG00000103316,ENSG00000103449,ENSG00000103546,ENSG00000104213,ENSG00000105329,ENSG00000105464,ENSG00000105880,ENSG00000106991,ENSG00000107147,ENSG00000108231,ENSG00000108821,ENSG00000111199,ENSG00000111249,ENSG00000112137,ENSG00000112541,ENSG00000114251,ENSG00000115414,ENSG00000117594,ENSG00000118503,ENSG00000119042,ENSG00000119699,ENSG00000121075,ENSG00000121966,ENSG00000124788,ENSG00000125730,ENSG00000125848,ENSG00000126562,ENSG00000126778,ENSG00000127418,ENSG00000128052,ENSG00000128340,ENSG00000129159,ENSG00000130164,ENSG00000130203,ENSG00000130529,ENSG00000130635,ENSG00000130700,ENSG00000131389,ENSG00000132170,ENSG00000134532,ENSG00000135111,ENSG00000135406,ENSG00000135697,ENSG00000135902,ENSG00000136160,ENSG00000136944,ENSG00000137693,ENSG00000138083,ENSG00000138119,ENSG00000138795,ENSG00000139219,ENSG00000139287,ENSG00000140675,ENSG00000142173,ENSG00000143839,ENSG00000145012,ENSG00000145623,ENSG00000145819,ENSG00000148053,ENSG00000149131,ENSG00000150594,ENSG00000152137,ENSG00000152661,ENSG00000154133,ENSG00000154678,ENSG00000157087,ENSG00000157103,ENSG00000157404,ENSG00000158014,ENSG00000160224,ENSG00000162614,ENSG00000163359,ENSG00000163513,ENSG00000164326,ENSG00000164342,ENSG00000164509,ENSG00000164692,ENSG00000164946,ENSG00000165643,ENSG00000165970,ENSG00000165995,ENSG00000166206,ENSG00000166801,ENSG00000166862,ENSG00000168542,ENSG00000169247,ENSG00000169427,ENSG00000170099,ENSG00000170442,ENSG00000171303,ENSG00000171812,ENSG00000172572,ENSG00000173040,ENSG00000173068,ENSG00000173376,ENSG00000176884,ENSG00000177045,ENSG00000177301,ENSG00000177409,ENSG00000180875,ENSG00000181541,ENSG00000182871,ENSG00000185345,ENSG00000185551,ENSG00000185760,ENSG00000186197,ENSG00000186487,ENSG00000187098,ENSG00000187323,ENSG00000187486,ENSG00000196187,ENSG00000196549,ENSG00000198125,ENSG00000198515,ENSG00000198523,ENSG00000198626,ENSG00000198719,ENSG00000198835,ENSG00000198963,ENSG00000203883,ENSG00000204248,ENSG00000205413,ENSG00000214336,ENSG00000232810,ENSG00000233608,ENSG00000244414"
"HP","Maternal diabetes","HP:0009800","false","0.006886648527758549","2.161992081433168","31","792","10","14387","ENSG00000006071,ENSG00000101292,ENSG00000132170,ENSG00000138083,ENSG00000139219,ENSG00000152661,ENSG00000180447,ENSG00000186487,ENSG00000187486,ENSG00000198719"
"HP","Abnormality of the incisor","HP:0000676","false","0.03629216041896563","1.440187178117761","97","792","17","14387","ENSG00000066468,ENSG00000067798,ENSG00000069431,ENSG00000111087,ENSG00000114805,ENSG00000137962,ENSG00000138083,ENSG00000152661,ENSG00000164946,ENSG00000166106,ENSG00000169427,ENSG00000173040,ENSG00000180447,ENSG00000180875,ENSG00000186197,ENSG00000188158,ENSG00000198719"
"HP","Dermal translucency","HP:0010648","false","0.041226856805546754","1.384819775168149","30","792","9","14387","ENSG00000087116,ENSG00000108821,ENSG00000130635,ENSG00000163513,ENSG00000164692,ENSG00000168542,ENSG00000172638,ENSG00000203883,ENSG00000233608"
"HP","Pulmonary artery aneurysm","HP:0004937","false","0.04504519306635507","1.3463515473295766","8","792","5","14387","ENSG00000130635,ENSG00000163513,ENSG00000168542,ENSG00000172638,ENSG00000182492"
